TIME;SOURCE;DESTINATION;PORT;FLAGS;LENGTH
15:34:04.766656;BP-Linux8.ssh;192.168.190.130;50019;P.;108
15:34:04.766694;BP-Linux8.ssh;192.168.190.130;50019;P.;36
15:34:04.766723;BP-Linux8.ssh;192.168.190.130;50019;P.;108
15:34:04.766744;BP-Linux8.ssh;192.168.190.130;50019;P.;36
15:34:04.785366;192.168.190.130;BP-Linux8.ssh;50019;.;0
15:34:04.785384;192.168.190.130;BP-Linux8.ssh;50019;.;0
15:34:04.785406;192.168.190.130;BP-Linux8.ssh;50019;.;0
15:34:04.785454;192.168.190.130;BP-Linux8.ssh;50019;.;0
15:34:06.669393;192.168.190.130;BP-Linux8.ssh;50245;P.;36
15:34:06.669906;BP-Linux8.ssh;192.168.190.130;50245;P.;36
15:34:06.681188;BP-Linux8.ssh;192.168.190.130;50245;P.;116
15:34:06.681222;BP-Linux8.ssh;192.168.190.130;50245;P.;36
15:34:06.681248;190-0-175-100.gba.solunet.com.ar;184.107.43.74.http;2465;S;120
15:34:06.681274;190-0-175-100.gba.solunet.com.ar;184.107.43.74.http;2466;S;120
15:34:06.681294;190-0-175-100.gba.solunet.com.ar;184.107.43.74.http;2467;S;120
15:34:06.681312;190-0-175-100.gba.solunet.com.ar;184.107.43.74.http;2468;S;120
15:34:06.681328;190-0-175-100.gba.solunet.com.ar;184.107.43.74.http;2469;S;120
15:34:06.681345;190-0-175-100.gba.solunet.com.ar;184.107.43.74.http;2470;S;120
15:34:06.681362;190-0-175-100.gba.solunet.com.ar;184.107.43.74.http;2471;S;120
15:34:06.681379;190-0-175-100.gba.solunet.com.ar;184.107.43.74.http;2472;S;120
15:34:06.681396;190-0-175-100.gba.solunet.com.ar;184.107.43.74.http;2473;S;120
15:34:06.681413;190-0-175-100.gba.solunet.com.ar;184.107.43.74.http;2474;S;120
15:34:06.681430;190-0-175-100.gba.solunet.com.ar;184.107.43.74.http;2475;S;120
15:34:06.681446;190-0-175-100.gba.solunet.com.ar;184.107.43.74.http;2476;S;120
15:34:06.681463;190-0-175-100.gba.solunet.com.ar;184.107.43.74.http;2477;S;120
15:34:06.681480;190-0-175-100.gba.solunet.com.ar;184.107.43.74.http;2478;S;120
15:34:06.681497;190-0-175-100.gba.solunet.com.ar;184.107.43.74.http;2479;S;120
15:34:06.681514;190-0-175-100.gba.solunet.com.ar;184.107.43.74.http;2480;S;120
15:34:06.681531;190-0-175-100.gba.solunet.com.ar;184.107.43.74.http;2481;S;120
15:34:06.681548;190-0-175-100.gba.solunet.com.ar;184.107.43.74.http;2482;S;120
15:34:06.681564;190-0-175-100.gba.solunet.com.ar;184.107.43.74.http;2483;S;120
15:34:06.681581;190-0-175-100.gba.solunet.com.ar;184.107.43.74.http;2484;S;120
15:34:06.681597;190-0-175-100.gba.solunet.com.ar;184.107.43.74.http;2485;S;120
15:34:06.681614;190-0-175-100.gba.solunet.com.ar;184.107.43.74.http;2486;S;120
15:34:06.681630;190-0-175-100.gba.solunet.com.ar;184.107.43.74.http;2487;S;120
15:34:06.681647;190-0-175-100.gba.solunet.com.ar;184.107.43.74.http;2488;S;120
15:34:06.681664;190-0-175-100.gba.solunet.com.ar;184.107.43.74.http;2489;S;120
15:34:06.681681;190-0-175-100.gba.solunet.com.ar;184.107.43.74.http;2490;S;120
15:34:06.681697;190-0-175-100.gba.solunet.com.ar;184.107.43.74.http;2491;S;120
15:34:06.681722;190-0-175-100.gba.solunet.com.ar;184.107.43.74.http;2492;S;120
15:34:06.681739;190-0-175-100.gba.solunet.com.ar;184.107.43.74.http;2493;S;120
15:34:06.681756;190-0-175-100.gba.solunet.com.ar;184.107.43.74.http;2494;S;120
15:34:06.681773;190-0-175-100.gba.solunet.com.ar;184.107.43.74.http;2495;S;120
15:34:06.681789;190-0-175-100.gba.solunet.com.ar;184.107.43.74.http;2496;S;120
15:34:06.681806;190-0-175-100.gba.solunet.com.ar;184.107.43.74.http;2497;S;120
15:34:06.681823;190-0-175-100.gba.solunet.com.ar;184.107.43.74.http;2498;S;120
15:34:06.681839;190-0-175-100.gba.solunet.com.ar;184.107.43.74.http;2499;S;120
15:34:06.681856;190-0-175-100.gba.solunet.com.ar;184.107.43.74.http;2500;S;120
15:34:06.681872;190-0-175-100.gba.solunet.com.ar;184.107.43.74.http;2501;S;120
15:34:06.681889;190-0-175-100.gba.solunet.com.ar;184.107.43.74.http;2502;S;120
15:34:06.681906;190-0-175-100.gba.solunet.com.ar;184.107.43.74.http;2503;S;120
15:34:06.681924;190-0-175-100.gba.solunet.com.ar;184.107.43.74.http;2504;S;120
15:34:06.681941;190-0-175-100.gba.solunet.com.ar;184.107.43.74.http;2505;S;120
15:34:06.681958;190-0-175-100.gba.solunet.com.ar;184.107.43.74.http;2506;S;120
15:34:06.681975;190-0-175-100.gba.solunet.com.ar;184.107.43.74.http;2507;S;120
15:34:06.681992;190-0-175-100.gba.solunet.com.ar;184.107.43.74.http;2508;S;120
15:34:06.682008;190-0-175-100.gba.solunet.com.ar;184.107.43.74.http;2509;S;120
15:34:06.682025;190-0-175-100.gba.solunet.com.ar;184.107.43.74.http;2510;S;120
15:34:06.682041;190-0-175-100.gba.solunet.com.ar;184.107.43.74.http;2511;S;120
15:34:06.682058;190-0-175-100.gba.solunet.com.ar;184.107.43.74.http;2512;S;120
15:34:06.682075;190-0-175-100.gba.solunet.com.ar;184.107.43.74.http;2513;S;120
15:34:06.682092;190-0-175-100.gba.solunet.com.ar;184.107.43.74.http;2514;S;120
15:34:06.682108;190-0-175-100.gba.solunet.com.ar;184.107.43.74.http;2515;S;120
15:34:06.682125;190-0-175-100.gba.solunet.com.ar;184.107.43.74.http;2516;S;120
15:34:06.682152;190-0-175-100.gba.solunet.com.ar;184.107.43.74.http;2517;S;120
15:34:06.682172;190-0-175-100.gba.solunet.com.ar;184.107.43.74.http;2518;S;120
15:34:06.682191;190-0-175-100.gba.solunet.com.ar;184.107.43.74.http;2519;S;120
15:34:06.682210;190-0-175-100.gba.solunet.com.ar;184.107.43.74.http;2520;S;120
15:34:06.682227;190-0-175-100.gba.solunet.com.ar;184.107.43.74.http;2521;S;120
15:34:06.682243;190-0-175-100.gba.solunet.com.ar;184.107.43.74.http;2522;S;120
15:34:06.682259;190-0-175-100.gba.solunet.com.ar;184.107.43.74.http;2523;S;120
15:34:06.682276;190-0-175-100.gba.solunet.com.ar;184.107.43.74.http;2524;S;120
15:34:06.682292;190-0-175-100.gba.solunet.com.ar;184.107.43.74.http;2525;S;120
15:34:06.682308;190-0-175-100.gba.solunet.com.ar;184.107.43.74.http;2526;S;120
15:34:06.682325;190-0-175-100.gba.solunet.com.ar;184.107.43.74.http;2527;S;120
15:34:06.682341;190-0-175-100.gba.solunet.com.ar;184.107.43.74.http;2528;S;120
15:34:06.682357;190-0-175-100.gba.solunet.com.ar;184.107.43.74.http;2529;S;120
15:34:06.682374;190-0-175-100.gba.solunet.com.ar;184.107.43.74.http;2530;S;120
15:34:06.682390;190-0-175-100.gba.solunet.com.ar;184.107.43.74.http;2531;S;120
15:34:06.682407;190-0-175-100.gba.solunet.com.ar;184.107.43.74.http;2532;S;120
15:34:06.682423;190-0-175-100.gba.solunet.com.ar;184.107.43.74.http;2533;S;120
15:34:06.682439;190-0-175-100.gba.solunet.com.ar;184.107.43.74.http;2534;S;120
15:34:06.682455;190-0-175-100.gba.solunet.com.ar;184.107.43.74.http;2535;S;120
15:34:06.682472;190-0-175-100.gba.solunet.com.ar;184.107.43.74.http;2536;S;120
15:34:06.682488;190-0-175-100.gba.solunet.com.ar;184.107.43.74.http;2537;S;120
15:34:06.682504;190-0-175-100.gba.solunet.com.ar;184.107.43.74.http;2538;S;120
15:34:06.682521;190-0-175-100.gba.solunet.com.ar;184.107.43.74.http;2539;S;120
15:34:06.682537;190-0-175-100.gba.solunet.com.ar;184.107.43.74.http;2540;S;120
15:34:06.682553;190-0-175-100.gba.solunet.com.ar;184.107.43.74.http;2541;S;120
15:34:06.682570;190-0-175-100.gba.solunet.com.ar;184.107.43.74.http;2542;S;120
15:34:06.682586;190-0-175-100.gba.solunet.com.ar;184.107.43.74.http;2543;S;120
15:34:06.682602;190-0-175-100.gba.solunet.com.ar;184.107.43.74.http;2544;S;120
15:34:06.682619;190-0-175-100.gba.solunet.com.ar;184.107.43.74.http;2545;S;120
15:34:06.682635;190-0-175-100.gba.solunet.com.ar;184.107.43.74.http;2546;S;120
15:34:06.682652;190-0-175-100.gba.solunet.com.ar;184.107.43.74.http;2547;S;120
15:34:06.682668;190-0-175-100.gba.solunet.com.ar;184.107.43.74.http;2548;S;120
15:34:06.682684;190-0-175-100.gba.solunet.com.ar;184.107.43.74.http;2549;S;120
15:34:06.682700;190-0-175-100.gba.solunet.com.ar;184.107.43.74.http;2550;S;120
15:34:06.682717;190-0-175-100.gba.solunet.com.ar;184.107.43.74.http;2551;S;120
15:34:06.682733;190-0-175-100.gba.solunet.com.ar;184.107.43.74.http;2552;S;120
15:34:06.682749;190-0-175-100.gba.solunet.com.ar;184.107.43.74.http;2553;S;120
15:34:06.682765;190-0-175-100.gba.solunet.com.ar;184.107.43.74.http;2554;S;120
15:34:06.682782;190-0-175-100.gba.solunet.com.ar;184.107.43.74.http;2555;S;120
15:34:06.682798;190-0-175-100.gba.solunet.com.ar;184.107.43.74.http;2556;S;120
15:34:06.682814;190-0-175-100.gba.solunet.com.ar;184.107.43.74.http;2557;S;120
15:34:06.682832;190-0-175-100.gba.solunet.com.ar;184.107.43.74.http;2558;S;120
15:34:06.682848;190-0-175-100.gba.solunet.com.ar;184.107.43.74.http;2559;S;120
15:34:06.682865;190-0-175-100.gba.solunet.com.ar;184.107.43.74.http;2560;S;120
15:34:06.682881;190-0-175-100.gba.solunet.com.ar;184.107.43.74.http;2561;S;120
15:34:06.682898;190-0-175-100.gba.solunet.com.ar;184.107.43.74.http;2562;S;120
15:34:06.682915;190-0-175-100.gba.solunet.com.ar;184.107.43.74.http;2563;S;120
15:34:06.682931;190-0-175-100.gba.solunet.com.ar;184.107.43.74.http;2564;S;120
15:34:06.682947;190-0-175-100.gba.solunet.com.ar;184.107.43.74.http;2565;S;120
15:34:06.682964;190-0-175-100.gba.solunet.com.ar;184.107.43.74.http;2566;S;120
15:34:06.682980;190-0-175-100.gba.solunet.com.ar;184.107.43.74.http;2567;S;120
15:34:06.682997;190-0-175-100.gba.solunet.com.ar;184.107.43.74.http;2568;S;120
15:34:06.683013;190-0-175-100.gba.solunet.com.ar;184.107.43.74.http;2569;S;120
15:34:06.683038;190-0-175-100.gba.solunet.com.ar;184.107.43.74.http;2570;S;120
15:34:06.683058;190-0-175-100.gba.solunet.com.ar;184.107.43.74.http;2571;S;120
15:34:06.683077;190-0-175-100.gba.solunet.com.ar;184.107.43.74.http;2572;S;120
15:34:06.683096;190-0-175-100.gba.solunet.com.ar;184.107.43.74.http;2573;S;120
15:34:06.683115;190-0-175-100.gba.solunet.com.ar;184.107.43.74.http;2574;S;120
15:34:06.683131;190-0-175-100.gba.solunet.com.ar;184.107.43.74.http;2575;S;120
15:34:06.683148;190-0-175-100.gba.solunet.com.ar;184.107.43.74.http;2576;S;120
15:34:06.683164;190-0-175-100.gba.solunet.com.ar;184.107.43.74.http;2577;S;120
15:34:06.683181;190-0-175-100.gba.solunet.com.ar;184.107.43.74.http;2578;S;120
15:34:06.683197;190-0-175-100.gba.solunet.com.ar;184.107.43.74.http;2579;S;120
15:34:06.683214;190-0-175-100.gba.solunet.com.ar;184.107.43.74.http;2580;S;120
15:34:06.683230;190-0-175-100.gba.solunet.com.ar;184.107.43.74.http;2581;S;120
15:34:06.683246;190-0-175-100.gba.solunet.com.ar;184.107.43.74.http;2582;S;120
15:34:06.683262;190-0-175-100.gba.solunet.com.ar.mon;184.107.43.74.http;vide;S;120
15:34:06.683279;190-0-175-100.gba.solunet.com.ar;184.107.43.74.http;2584;S;120
15:34:06.683295;190-0-175-100.gba.solunet.com.ar;184.107.43.74.http;2585;S;120
15:34:06.683311;190-0-175-100.gba.solunet.com.ar;184.107.43.74.http;2586;S;120
15:34:06.683328;190-0-175-100.gba.solunet.com.ar;184.107.43.74.http;2587;S;120
15:34:06.683344;190-0-175-100.gba.solunet.com.ar;184.107.43.74.http;2588;S;120
15:34:06.683360;190-0-175-100.gba.solunet.com.ar;184.107.43.74.http;2589;S;120
15:34:06.683376;190-0-175-100.gba.solunet.com.ar;184.107.43.74.http;2590;S;120
15:34:06.683393;190-0-175-100.gba.solunet.com.ar;184.107.43.74.http;2591;S;120
15:34:06.683409;190-0-175-100.gba.solunet.com.ar;184.107.43.74.http;2592;S;120
15:34:06.683426;190-0-175-100.gba.solunet.com.ar;184.107.43.74.http;2593;S;120
15:34:06.683442;190-0-175-100.gba.solunet.com.ar;184.107.43.74.http;2594;S;120
15:34:06.683458;190-0-175-100.gba.solunet.com.ar;184.107.43.74.http;2595;S;120
15:34:06.683475;190-0-175-100.gba.solunet.com.ar;184.107.43.74.http;2596;S;120
15:34:06.683491;190-0-175-100.gba.solunet.com.ar;184.107.43.74.http;2597;S;120
15:34:06.683507;190-0-175-100.gba.solunet.com.ar;184.107.43.74.http;2598;S;120
15:34:06.683524;190-0-175-100.gba.solunet.com.ar;184.107.43.74.http;2599;S;120
15:34:06.683540;190-0-175-100.gba.solunet.com.ar.zebrasrv;184.107.43.74.http;vide;S;120
15:34:06.683557;190-0-175-100.gba.solunet.com.ar.zebra;184.107.43.74.http;vide;S;120
15:34:06.683573;190-0-175-100.gba.solunet.com.ar.ripd;184.107.43.74.http;vide;S;120
15:34:06.683589;190-0-175-100.gba.solunet.com.ar.ripngd;184.107.43.74.http;vide;S;120
15:34:06.683606;190-0-175-100.gba.solunet.com.ar.ospfd;184.107.43.74.http;vide;S;120
15:34:06.683622;190-0-175-100.gba.solunet.com.ar.bgpd;184.107.43.74.http;vide;S;120
15:34:06.683638;190-0-175-100.gba.solunet.com.ar.ospf6d;184.107.43.74.http;vide;S;120
15:34:06.683655;190-0-175-100.gba.solunet.com.ar.ospfapi;184.107.43.74.http;vide;S;120
15:34:06.683671;190-0-175-100.gba.solunet.com.ar.isisd;184.107.43.74.http;vide;S;120
15:34:06.683687;190-0-175-100.gba.solunet.com.ar;184.107.43.74.http;2609;S;120
15:34:06.683704;190-0-175-100.gba.solunet.com.ar;184.107.43.74.http;2610;S;120
15:34:06.683720;190-0-175-100.gba.solunet.com.ar;184.107.43.74.http;2611;S;120
15:34:06.683738;190-0-175-100.gba.solunet.com.ar;184.107.43.74.http;2612;S;120
15:34:06.683756;190-0-175-100.gba.solunet.com.ar;184.107.43.74.http;2613;S;120
15:34:06.683779;190-0-175-100.gba.solunet.com.ar;184.107.43.74.http;2614;S;120
15:34:06.683804;190-0-175-100.gba.solunet.com.ar;184.107.43.74.http;2615;S;120
15:34:06.683824;190-0-175-100.gba.solunet.com.ar;184.107.43.74.http;2616;S;120
15:34:06.683841;190-0-175-100.gba.solunet.com.ar;184.107.43.74.http;2617;S;120
15:34:06.683857;190-0-175-100.gba.solunet.com.ar;184.107.43.74.http;2618;S;120
15:34:06.683874;190-0-175-100.gba.solunet.com.ar;184.107.43.74.http;2619;S;120
15:34:06.683890;190-0-175-100.gba.solunet.com.ar;184.107.43.74.http;2620;S;120
15:34:06.683907;190-0-175-100.gba.solunet.com.ar;184.107.43.74.http;2621;S;120
15:34:06.683924;190-0-175-100.gba.solunet.com.ar;184.107.43.74.http;2622;S;120
15:34:06.683951;190-0-175-100.gba.solunet.com.ar;184.107.43.74.http;2623;S;120
15:34:06.683970;190-0-175-100.gba.solunet.com.ar;184.107.43.74.http;2624;S;120
15:34:06.683990;190-0-175-100.gba.solunet.com.ar;184.107.43.74.http;2625;S;120
15:34:06.684009;190-0-175-100.gba.solunet.com.ar;184.107.43.74.http;2626;S;120
15:34:06.684029;190-0-175-100.gba.solunet.com.ar;184.107.43.74.http;2627;S;120
15:34:06.684048;190-0-175-100.gba.solunet.com.ar.dict;184.107.43.74.http;vide;S;120
15:34:06.684064;190-0-175-100.gba.solunet.com.ar;184.107.43.74.http;2629;S;120
15:34:06.684080;190-0-175-100.gba.solunet.com.ar;184.107.43.74.http;2630;S;120
15:34:06.684097;190-0-175-100.gba.solunet.com.ar;184.107.43.74.http;2631;S;120
15:34:06.684113;190-0-175-100.gba.solunet.com.ar;184.107.43.74.http;2632;S;120
15:34:06.684129;190-0-175-100.gba.solunet.com.ar;184.107.43.74.http;2633;S;120
15:34:06.684146;190-0-175-100.gba.solunet.com.ar;184.107.43.74.http;2634;S;120
15:34:06.684162;190-0-175-100.gba.solunet.com.ar;184.107.43.74.http;2635;S;120
15:34:06.684178;190-0-175-100.gba.solunet.com.ar;184.107.43.74.http;2636;S;120
15:34:06.684194;190-0-175-100.gba.solunet.com.ar;184.107.43.74.http;2637;S;120
15:34:06.684210;190-0-175-100.gba.solunet.com.ar;184.107.43.74.http;2638;S;120
15:34:06.684227;190-0-175-100.gba.solunet.com.ar;184.107.43.74.http;2639;S;120
15:34:06.684243;190-0-175-100.gba.solunet.com.ar;184.107.43.74.http;2640;S;120
15:34:06.684260;190-0-175-100.gba.solunet.com.ar;184.107.43.74.http;2641;S;120
15:34:06.684276;190-0-175-100.gba.solunet.com.ar;184.107.43.74.http;2642;S;120
15:34:06.684292;190-0-175-100.gba.solunet.com.ar;184.107.43.74.http;2643;S;120
15:34:06.684309;190-0-175-100.gba.solunet.com.ar;184.107.43.74.http;2644;S;120
15:34:06.684325;190-0-175-100.gba.solunet.com.ar;184.107.43.74.http;2645;S;120
15:34:06.684341;190-0-175-100.gba.solunet.com.ar;184.107.43.74.http;2646;S;120
15:34:06.684357;190-0-175-100.gba.solunet.com.ar;184.107.43.74.http;2647;S;120
15:34:06.684374;190-0-175-100.gba.solunet.com.ar;184.107.43.74.http;2648;S;120
15:34:06.684390;190-0-175-100.gba.solunet.com.ar;184.107.43.74.http;2649;S;120
15:34:06.684406;190-0-175-100.gba.solunet.com.ar;184.107.43.74.http;2650;S;120
15:34:06.684423;190-0-175-100.gba.solunet.com.ar;184.107.43.74.http;2651;S;120
15:34:06.684439;190-0-175-100.gba.solunet.com.ar;184.107.43.74.http;2652;S;120
15:34:06.684456;190-0-175-100.gba.solunet.com.ar;184.107.43.74.http;2653;S;120
15:34:06.684472;190-0-175-100.gba.solunet.com.ar;184.107.43.74.http;2654;S;120
15:34:06.684488;190-0-175-100.gba.solunet.com.ar;184.107.43.74.http;2655;S;120
15:34:06.684504;190-0-175-100.gba.solunet.com.ar;184.107.43.74.http;2656;S;120
15:34:06.684521;190-0-175-100.gba.solunet.com.ar;184.107.43.74.http;2657;S;120
15:34:06.684537;190-0-175-100.gba.solunet.com.ar;184.107.43.74.http;2658;S;120
15:34:06.684554;190-0-175-100.gba.solunet.com.ar;184.107.43.74.http;2659;S;120
15:34:06.684570;190-0-175-100.gba.solunet.com.ar;184.107.43.74.http;2660;S;120
15:34:06.684586;190-0-175-100.gba.solunet.com.ar;184.107.43.74.http;2661;S;120
15:34:06.684603;190-0-175-100.gba.solunet.com.ar;184.107.43.74.http;2662;S;120
15:34:06.684619;190-0-175-100.gba.solunet.com.ar;184.107.43.74.http;2663;S;120
15:34:06.684635;190-0-175-100.gba.solunet.com.ar;184.107.43.74.http;2664;S;120
15:34:06.684651;190-0-175-100.gba.solunet.com.ar;184.107.43.74.http;2665;S;120
15:34:06.684668;190-0-175-100.gba.solunet.com.ar;184.107.43.74.http;2666;S;120
15:34:06.684685;190-0-175-100.gba.solunet.com.ar;184.107.43.74.http;2667;S;120
15:34:06.684702;190-0-175-100.gba.solunet.com.ar;184.107.43.74.http;2668;S;120
15:34:06.684730;190-0-175-100.gba.solunet.com.ar;184.107.43.74.http;2669;S;120
15:34:06.684748;190-0-175-100.gba.solunet.com.ar;184.107.43.74.http;2670;S;120
15:34:06.684765;190-0-175-100.gba.solunet.com.ar;184.107.43.74.http;2671;S;120
15:34:06.684781;190-0-175-100.gba.solunet.com.ar;184.107.43.74.http;2672;S;120
15:34:06.684798;190-0-175-100.gba.solunet.com.ar;184.107.43.74.http;2673;S;120
15:34:06.684814;190-0-175-100.gba.solunet.com.ar;184.107.43.74.http;2674;S;120
15:34:06.684830;190-0-175-100.gba.solunet.com.ar;184.107.43.74.http;2675;S;120
15:34:06.684859;190-0-175-100.gba.solunet.com.ar;184.107.43.74.http;2676;S;120
15:34:06.684878;190-0-175-100.gba.solunet.com.ar;184.107.43.74.http;2677;S;120
15:34:06.684897;190-0-175-100.gba.solunet.com.ar;184.107.43.74.http;2678;S;120
15:34:06.684917;190-0-175-100.gba.solunet.com.ar;184.107.43.74.http;2679;S;120
15:34:06.684936;190-0-175-100.gba.solunet.com.ar;184.107.43.74.http;2680;S;120
15:34:06.684955;190-0-175-100.gba.solunet.com.ar;184.107.43.74.http;2681;S;120
15:34:06.684974;190-0-175-100.gba.solunet.com.ar;184.107.43.74.http;2682;S;120
15:34:06.684990;190-0-175-100.gba.solunet.com.ar;184.107.43.74.http;2683;S;120
15:34:06.685007;190-0-175-100.gba.solunet.com.ar;184.107.43.74.http;2684;S;120
15:34:06.685023;190-0-175-100.gba.solunet.com.ar;184.107.43.74.http;2685;S;120
15:34:06.685039;190-0-175-100.gba.solunet.com.ar;184.107.43.74.http;2686;S;120
15:34:06.685056;190-0-175-100.gba.solunet.com.ar;184.107.43.74.http;2687;S;120
15:34:06.685072;190-0-175-100.gba.solunet.com.ar;184.107.43.74.http;2688;S;120
15:34:06.685088;190-0-175-100.gba.solunet.com.ar;184.107.43.74.http;2689;S;120
15:34:06.685104;190-0-175-100.gba.solunet.com.ar;184.107.43.74.http;2690;S;120
15:34:06.685121;190-0-175-100.gba.solunet.com.ar;184.107.43.74.http;2691;S;120
15:34:06.685137;190-0-175-100.gba.solunet.com.ar;184.107.43.74.http;2692;S;120
15:34:06.685153;190-0-175-100.gba.solunet.com.ar;184.107.43.74.http;2693;S;120
15:34:06.685170;190-0-175-100.gba.solunet.com.ar;184.107.43.74.http;2694;S;120
15:34:06.685186;190-0-175-100.gba.solunet.com.ar;184.107.43.74.http;2695;S;120
15:34:06.685202;190-0-175-100.gba.solunet.com.ar;184.107.43.74.http;2696;S;120
15:34:06.685218;190-0-175-100.gba.solunet.com.ar;184.107.43.74.http;2697;S;120
15:34:06.685235;190-0-175-100.gba.solunet.com.ar;184.107.43.74.http;2698;S;120
15:34:06.685251;190-0-175-100.gba.solunet.com.ar;184.107.43.74.http;2699;S;120
15:34:06.685267;190-0-175-100.gba.solunet.com.ar;184.107.43.74.http;2700;S;120
15:34:06.685285;190-0-175-100.gba.solunet.com.ar;184.107.43.74.http;2701;S;120
15:34:06.685301;190-0-175-100.gba.solunet.com.ar;184.107.43.74.http;2702;S;120
15:34:06.685318;190-0-175-100.gba.solunet.com.ar;184.107.43.74.http;2703;S;120
15:34:06.685335;190-0-175-100.gba.solunet.com.ar;184.107.43.74.http;2704;S;120
15:34:06.685352;190-0-175-100.gba.solunet.com.ar;184.107.43.74.http;2705;S;120
15:34:06.685369;190-0-175-100.gba.solunet.com.ar;184.107.43.74.http;2706;S;120
15:34:06.685385;190-0-175-100.gba.solunet.com.ar;184.107.43.74.http;2707;S;120
15:34:06.685402;190-0-175-100.gba.solunet.com.ar;184.107.43.74.http;2708;S;120
15:34:06.685418;190-0-175-100.gba.solunet.com.ar;184.107.43.74.http;2709;S;120
15:34:06.685434;190-0-175-100.gba.solunet.com.ar;184.107.43.74.http;2710;S;120
15:34:06.685450;190-0-175-100.gba.solunet.com.ar;184.107.43.74.http;2711;S;120
15:34:06.685467;190-0-175-100.gba.solunet.com.ar;184.107.43.74.http;2712;S;120
15:34:06.685483;190-0-175-100.gba.solunet.com.ar;184.107.43.74.http;2713;S;120
15:34:06.685499;190-0-175-100.gba.solunet.com.ar;184.107.43.74.http;2714;S;120
15:34:06.685515;190-0-175-100.gba.solunet.com.ar;184.107.43.74.http;2715;S;120
15:34:06.685532;190-0-175-100.gba.solunet.com.ar;184.107.43.74.http;2716;S;120
15:34:06.685548;190-0-175-100.gba.solunet.com.ar;184.107.43.74.http;2717;S;120
15:34:06.685564;190-0-175-100.gba.solunet.com.ar;184.107.43.74.http;2718;S;120
15:34:06.685580;190-0-175-100.gba.solunet.com.ar;184.107.43.74.http;2719;S;120
15:34:06.685597;190-0-175-100.gba.solunet.com.ar;184.107.43.74.http;2720;S;120
15:34:06.685614;190-0-175-100.gba.solunet.com.ar;184.107.43.74.http;2721;S;120
15:34:06.685630;190-0-175-100.gba.solunet.com.ar;184.107.43.74.http;2722;S;120
15:34:06.685647;190-0-175-100.gba.solunet.com.ar;184.107.43.74.http;2723;S;120
15:34:06.685663;190-0-175-100.gba.solunet.com.ar;184.107.43.74.http;2724;S;120
15:34:06.685679;190-0-175-100.gba.solunet.com.ar;184.107.43.74.http;2725;S;120
15:34:06.685696;190-0-175-100.gba.solunet.com.ar;184.107.43.74.http;2726;S;120
15:34:06.685712;190-0-175-100.gba.solunet.com.ar;184.107.43.74.http;2727;S;120
15:34:06.685728;190-0-175-100.gba.solunet.com.ar;184.107.43.74.http;2728;S;120
15:34:06.685753;190-0-175-100.gba.solunet.com.ar;184.107.43.74.http;2729;S;120
15:34:06.685773;190-0-175-100.gba.solunet.com.ar;184.107.43.74.http;2730;S;120
15:34:06.685793;190-0-175-100.gba.solunet.com.ar;184.107.43.74.http;2731;S;120
15:34:06.685812;190-0-175-100.gba.solunet.com.ar;184.107.43.74.http;2732;S;120
15:34:06.685831;190-0-175-100.gba.solunet.com.ar;184.107.43.74.http;2733;S;120
15:34:06.685850;190-0-175-100.gba.solunet.com.ar;184.107.43.74.http;2734;S;120
15:34:06.685869;190-0-175-100.gba.solunet.com.ar;184.107.43.74.http;2735;S;120
15:34:06.685888;190-0-175-100.gba.solunet.com.ar;184.107.43.74.http;2736;S;120
15:34:06.685904;190-0-175-100.gba.solunet.com.ar;184.107.43.74.http;2737;S;120
15:34:06.685920;190-0-175-100.gba.solunet.com.ar;184.107.43.74.http;2738;S;120
15:34:06.685936;190-0-175-100.gba.solunet.com.ar;184.107.43.74.http;2739;S;120
15:34:06.685953;190-0-175-100.gba.solunet.com.ar;184.107.43.74.http;2740;S;120
15:34:06.685969;190-0-175-100.gba.solunet.com.ar;184.107.43.74.http;2741;S;120
15:34:06.685985;190-0-175-100.gba.solunet.com.ar;184.107.43.74.http;2742;S;120
15:34:06.686001;190-0-175-100.gba.solunet.com.ar;184.107.43.74.http;2743;S;120
15:34:06.686017;190-0-175-100.gba.solunet.com.ar;184.107.43.74.http;2744;S;120
15:34:06.686033;190-0-175-100.gba.solunet.com.ar;184.107.43.74.http;2745;S;120
15:34:06.686049;190-0-175-100.gba.solunet.com.ar;184.107.43.74.http;2746;S;120
15:34:06.686065;190-0-175-100.gba.solunet.com.ar;184.107.43.74.http;2747;S;120
15:34:06.686081;190-0-175-100.gba.solunet.com.ar;184.107.43.74.http;2748;S;120
15:34:06.686097;190-0-175-100.gba.solunet.com.ar;184.107.43.74.http;2749;S;120
15:34:06.686113;190-0-175-100.gba.solunet.com.ar;184.107.43.74.http;2750;S;120
15:34:06.686129;190-0-175-100.gba.solunet.com.ar;184.107.43.74.http;2751;S;120
15:34:06.686146;190-0-175-100.gba.solunet.com.ar;184.107.43.74.http;2752;S;120
15:34:06.686162;190-0-175-100.gba.solunet.com.ar;184.107.43.74.http;2753;S;120
15:34:06.686178;190-0-175-100.gba.solunet.com.ar;184.107.43.74.http;2754;S;120
15:34:06.686194;190-0-175-100.gba.solunet.com.ar;184.107.43.74.http;2755;S;120
15:34:06.686210;190-0-175-100.gba.solunet.com.ar;184.107.43.74.http;2756;S;120
15:34:06.686226;190-0-175-100.gba.solunet.com.ar;184.107.43.74.http;2757;S;120
15:34:06.686243;190-0-175-100.gba.solunet.com.ar;184.107.43.74.http;2758;S;120
15:34:06.686258;190-0-175-100.gba.solunet.com.ar;184.107.43.74.http;2759;S;120
15:34:06.686275;190-0-175-100.gba.solunet.com.ar;184.107.43.74.http;2760;S;120
15:34:06.686291;190-0-175-100.gba.solunet.com.ar;184.107.43.74.http;2761;S;120
15:34:06.686307;190-0-175-100.gba.solunet.com.ar;184.107.43.74.http;2762;S;120
15:34:06.686323;190-0-175-100.gba.solunet.com.ar;184.107.43.74.http;2763;S;120
15:34:06.686339;190-0-175-100.gba.solunet.com.ar;184.107.43.74.http;2764;S;120
15:34:06.686355;190-0-175-100.gba.solunet.com.ar;184.107.43.74.http;2765;S;120
15:34:06.686372;190-0-175-100.gba.solunet.com.ar;184.107.43.74.http;2766;S;120
15:34:06.686388;190-0-175-100.gba.solunet.com.ar;184.107.43.74.http;2767;S;120
15:34:06.686404;190-0-175-100.gba.solunet.com.ar;184.107.43.74.http;2768;S;120
15:34:06.686420;190-0-175-100.gba.solunet.com.ar;184.107.43.74.http;2769;S;120
15:34:06.686436;190-0-175-100.gba.solunet.com.ar;184.107.43.74.http;2770;S;120
15:34:06.686452;190-0-175-100.gba.solunet.com.ar;184.107.43.74.http;2771;S;120
15:34:06.686468;190-0-175-100.gba.solunet.com.ar;184.107.43.74.http;2772;S;120
15:34:06.686485;190-0-175-100.gba.solunet.com.ar;184.107.43.74.http;2773;S;120
15:34:06.686501;190-0-175-100.gba.solunet.com.ar;184.107.43.74.http;2774;S;120
15:34:06.686517;190-0-175-100.gba.solunet.com.ar;184.107.43.74.http;2775;S;120
15:34:06.686534;190-0-175-100.gba.solunet.com.ar;184.107.43.74.http;2776;S;120
15:34:06.686550;190-0-175-100.gba.solunet.com.ar;184.107.43.74.http;2777;S;120
15:34:06.686566;190-0-175-100.gba.solunet.com.ar;184.107.43.74.http;2778;S;120
15:34:06.686582;190-0-175-100.gba.solunet.com.ar;184.107.43.74.http;2779;S;120
15:34:06.686599;190-0-175-100.gba.solunet.com.ar;184.107.43.74.http;2780;S;120
15:34:06.686615;190-0-175-100.gba.solunet.com.ar;184.107.43.74.http;2781;S;120
15:34:06.686640;190-0-175-100.gba.solunet.com.ar;184.107.43.74.http;2782;S;120
15:34:06.686659;190-0-175-100.gba.solunet.com.ar;184.107.43.74.http;2783;S;120
15:34:06.686678;190-0-175-100.gba.solunet.com.ar;184.107.43.74.http;2784;S;120
15:34:06.686697;190-0-175-100.gba.solunet.com.ar;184.107.43.74.http;2785;S;120
15:34:06.686716;190-0-175-100.gba.solunet.com.ar;184.107.43.74.http;2786;S;120
15:34:06.686735;190-0-175-100.gba.solunet.com.ar;184.107.43.74.http;2787;S;120
15:34:06.686754;190-0-175-100.gba.solunet.com.ar;184.107.43.74.http;2788;S;120
15:34:06.686773;190-0-175-100.gba.solunet.com.ar;184.107.43.74.http;2789;S;120
15:34:06.686792;190-0-175-100.gba.solunet.com.ar;184.107.43.74.http;2790;S;120
15:34:06.686808;190-0-175-100.gba.solunet.com.ar;184.107.43.74.http;2791;S;120
15:34:06.686825;190-0-175-100.gba.solunet.com.ar.f5-globalsite;184.107.43.74.http;vide;S;120
15:34:06.686841;190-0-175-100.gba.solunet.com.ar;184.107.43.74.http;2793;S;120
15:34:06.686857;190-0-175-100.gba.solunet.com.ar;184.107.43.74.http;2794;S;120
15:34:06.686873;190-0-175-100.gba.solunet.com.ar;184.107.43.74.http;2795;S;120
15:34:06.686889;190-0-175-100.gba.solunet.com.ar;184.107.43.74.http;2796;S;120
15:34:06.686906;190-0-175-100.gba.solunet.com.ar;184.107.43.74.http;2797;S;120
15:34:06.686922;190-0-175-100.gba.solunet.com.ar;184.107.43.74.http;2798;S;120
15:34:06.686938;190-0-175-100.gba.solunet.com.ar;184.107.43.74.http;2799;S;120
15:34:06.686954;190-0-175-100.gba.solunet.com.ar;184.107.43.74.http;2800;S;120
15:34:06.686970;190-0-175-100.gba.solunet.com.ar;184.107.43.74.http;2801;S;120
15:34:06.686986;190-0-175-100.gba.solunet.com.ar;184.107.43.74.http;2802;S;120
15:34:06.687002;190-0-175-100.gba.solunet.com.ar;184.107.43.74.http;2803;S;120
15:34:06.687019;190-0-175-100.gba.solunet.com.ar;184.107.43.74.http;2804;S;120
15:34:06.687035;190-0-175-100.gba.solunet.com.ar;184.107.43.74.http;2805;S;120
15:34:06.687051;190-0-175-100.gba.solunet.com.ar;184.107.43.74.http;2806;S;120
15:34:06.687067;190-0-175-100.gba.solunet.com.ar;184.107.43.74.http;2807;S;120
15:34:06.687083;190-0-175-100.gba.solunet.com.ar;184.107.43.74.http;2808;S;120
15:34:06.687099;190-0-175-100.gba.solunet.com.ar;184.107.43.74.http;2809;S;120
15:34:06.687116;190-0-175-100.gba.solunet.com.ar;184.107.43.74.http;2810;S;120
15:34:06.687132;190-0-175-100.gba.solunet.com.ar.gsiftp;184.107.43.74.http;vide;S;120
15:34:06.687148;190-0-175-100.gba.solunet.com.ar;184.107.43.74.http;2812;S;120
15:34:06.687164;190-0-175-100.gba.solunet.com.ar;184.107.43.74.http;2813;S;120
15:34:06.687180;190-0-175-100.gba.solunet.com.ar;184.107.43.74.http;2814;S;120
15:34:06.687196;190-0-175-100.gba.solunet.com.ar;184.107.43.74.http;2815;S;120
15:34:06.687212;190-0-175-100.gba.solunet.com.ar;184.107.43.74.http;2816;S;120
15:34:06.687228;190-0-175-100.gba.solunet.com.ar;184.107.43.74.http;2817;S;120
15:34:06.687244;190-0-175-100.gba.solunet.com.ar;184.107.43.74.http;2818;S;120
15:34:06.687260;190-0-175-100.gba.solunet.com.ar;184.107.43.74.http;2819;S;120
15:34:06.687277;190-0-175-100.gba.solunet.com.ar;184.107.43.74.http;2820;S;120
15:34:06.687293;190-0-175-100.gba.solunet.com.ar;184.107.43.74.http;2821;S;120
15:34:06.687309;190-0-175-100.gba.solunet.com.ar;184.107.43.74.http;2822;S;120
15:34:06.687325;190-0-175-100.gba.solunet.com.ar;184.107.43.74.http;2823;S;120
15:34:06.687341;190-0-175-100.gba.solunet.com.ar;184.107.43.74.http;2824;S;120
15:34:06.687357;190-0-175-100.gba.solunet.com.ar;184.107.43.74.http;2825;S;120
15:34:06.687373;190-0-175-100.gba.solunet.com.ar;184.107.43.74.http;2826;S;120
15:34:06.687389;190-0-175-100.gba.solunet.com.ar;184.107.43.74.http;2827;S;120
15:34:06.687406;190-0-175-100.gba.solunet.com.ar;184.107.43.74.http;2828;S;120
15:34:06.687422;190-0-175-100.gba.solunet.com.ar;184.107.43.74.http;2829;S;120
15:34:06.687438;190-0-175-100.gba.solunet.com.ar;184.107.43.74.http;2830;S;120
15:34:06.687454;190-0-175-100.gba.solunet.com.ar;184.107.43.74.http;2831;S;120
15:34:06.687471;190-0-175-100.gba.solunet.com.ar;184.107.43.74.http;2832;S;120
15:34:06.687487;190-0-175-100.gba.solunet.com.ar;184.107.43.74.http;2833;S;120
15:34:06.687504;190-0-175-100.gba.solunet.com.ar;184.107.43.74.http;2834;S;120
15:34:06.687529;190-0-175-100.gba.solunet.com.ar;184.107.43.74.http;2835;S;120
15:34:06.687548;190-0-175-100.gba.solunet.com.ar;184.107.43.74.http;2836;S;120
15:34:06.687567;190-0-175-100.gba.solunet.com.ar;184.107.43.74.http;2837;S;120
15:34:06.687586;190-0-175-100.gba.solunet.com.ar;184.107.43.74.http;2838;S;120
15:34:06.687605;190-0-175-100.gba.solunet.com.ar;184.107.43.74.http;2839;S;120
15:34:06.687624;190-0-175-100.gba.solunet.com.ar;184.107.43.74.http;2840;S;120
15:34:06.687643;190-0-175-100.gba.solunet.com.ar;184.107.43.74.http;2841;S;120
15:34:06.687662;190-0-175-100.gba.solunet.com.ar;184.107.43.74.http;2842;S;120
15:34:06.687681;190-0-175-100.gba.solunet.com.ar;184.107.43.74.http;2843;S;120
15:34:06.687700;190-0-175-100.gba.solunet.com.ar;184.107.43.74.http;2844;S;120
15:34:06.687716;190-0-175-100.gba.solunet.com.ar;184.107.43.74.http;2845;S;120
15:34:06.687733;190-0-175-100.gba.solunet.com.ar;184.107.43.74.http;2846;S;120
15:34:06.687749;190-0-175-100.gba.solunet.com.ar;184.107.43.74.http;2847;S;120
15:34:06.687765;190-0-175-100.gba.solunet.com.ar;184.107.43.74.http;2848;S;120
15:34:06.687781;190-0-175-100.gba.solunet.com.ar;184.107.43.74.http;2849;S;120
15:34:06.687797;190-0-175-100.gba.solunet.com.ar;184.107.43.74.http;2850;S;120
15:34:06.687813;190-0-175-100.gba.solunet.com.ar;184.107.43.74.http;2851;S;120
15:34:06.687830;190-0-175-100.gba.solunet.com.ar;184.107.43.74.http;2852;S;120
15:34:06.687846;190-0-175-100.gba.solunet.com.ar;184.107.43.74.http;2853;S;120
15:34:06.687862;190-0-175-100.gba.solunet.com.ar;184.107.43.74.http;2854;S;120
15:34:06.687878;190-0-175-100.gba.solunet.com.ar;184.107.43.74.http;2855;S;120
15:34:06.687894;190-0-175-100.gba.solunet.com.ar;184.107.43.74.http;2856;S;120
15:34:06.687911;190-0-175-100.gba.solunet.com.ar;184.107.43.74.http;2857;S;120
15:34:06.687927;190-0-175-100.gba.solunet.com.ar;184.107.43.74.http;2858;S;120
15:34:06.687943;190-0-175-100.gba.solunet.com.ar;184.107.43.74.http;2859;S;120
15:34:06.687959;190-0-175-100.gba.solunet.com.ar;184.107.43.74.http;2860;S;120
15:34:06.687976;190-0-175-100.gba.solunet.com.ar;184.107.43.74.http;2861;S;120
15:34:06.687992;190-0-175-100.gba.solunet.com.ar;184.107.43.74.http;2862;S;120
15:34:06.688008;190-0-175-100.gba.solunet.com.ar;184.107.43.74.http;2863;S;120
15:34:06.688024;190-0-175-100.gba.solunet.com.ar;184.107.43.74.http;2864;S;120
15:34:06.688040;190-0-175-100.gba.solunet.com.ar;184.107.43.74.http;2865;S;120
15:34:06.688057;190-0-175-100.gba.solunet.com.ar;184.107.43.74.http;2866;S;120
15:34:06.688073;190-0-175-100.gba.solunet.com.ar;184.107.43.74.http;2867;S;120
15:34:06.688089;190-0-175-100.gba.solunet.com.ar;184.107.43.74.http;2868;S;120
15:34:06.688105;190-0-175-100.gba.solunet.com.ar;184.107.43.74.http;2869;S;120
15:34:06.688121;190-0-175-100.gba.solunet.com.ar;184.107.43.74.http;2870;S;120
15:34:06.688138;190-0-175-100.gba.solunet.com.ar;184.107.43.74.http;2871;S;120
15:34:06.688154;190-0-175-100.gba.solunet.com.ar;184.107.43.74.http;2872;S;120
15:34:06.688170;190-0-175-100.gba.solunet.com.ar;184.107.43.74.http;2873;S;120
15:34:06.688186;190-0-175-100.gba.solunet.com.ar;184.107.43.74.http;2874;S;120
15:34:06.688202;190-0-175-100.gba.solunet.com.ar;184.107.43.74.http;2875;S;120
15:34:06.688218;190-0-175-100.gba.solunet.com.ar;184.107.43.74.http;2876;S;120
15:34:06.688234;190-0-175-100.gba.solunet.com.ar;184.107.43.74.http;2877;S;120
15:34:06.688251;190-0-175-100.gba.solunet.com.ar;184.107.43.74.http;2878;S;120
15:34:06.688267;190-0-175-100.gba.solunet.com.ar;184.107.43.74.http;2879;S;120
15:34:06.688283;190-0-175-100.gba.solunet.com.ar;184.107.43.74.http;2880;S;120
15:34:06.688299;190-0-175-100.gba.solunet.com.ar;184.107.43.74.http;2881;S;120
15:34:06.688316;190-0-175-100.gba.solunet.com.ar;184.107.43.74.http;2882;S;120
15:34:06.688332;190-0-175-100.gba.solunet.com.ar;184.107.43.74.http;2883;S;120
15:34:06.688348;190-0-175-100.gba.solunet.com.ar;184.107.43.74.http;2884;S;120
15:34:06.688364;190-0-175-100.gba.solunet.com.ar;184.107.43.74.http;2885;S;120
15:34:06.688381;190-0-175-100.gba.solunet.com.ar;184.107.43.74.http;2886;S;120
15:34:06.688397;190-0-175-100.gba.solunet.com.ar;184.107.43.74.http;2887;S;120
15:34:06.688422;190-0-175-100.gba.solunet.com.ar;184.107.43.74.http;2888;S;120
15:34:06.688441;190-0-175-100.gba.solunet.com.ar;184.107.43.74.http;2889;S;120
15:34:06.688460;190-0-175-100.gba.solunet.com.ar;184.107.43.74.http;2890;S;120
15:34:06.688480;190-0-175-100.gba.solunet.com.ar;184.107.43.74.http;2891;S;120
15:34:06.688499;190-0-175-100.gba.solunet.com.ar;184.107.43.74.http;2892;S;120
15:34:06.688518;190-0-175-100.gba.solunet.com.ar;184.107.43.74.http;2893;S;120
15:34:06.688537;190-0-175-100.gba.solunet.com.ar;184.107.43.74.http;2894;S;120
15:34:06.688556;190-0-175-100.gba.solunet.com.ar;184.107.43.74.http;2895;S;120
15:34:06.688575;190-0-175-100.gba.solunet.com.ar;184.107.43.74.http;2896;S;120
15:34:06.688594;190-0-175-100.gba.solunet.com.ar;184.107.43.74.http;2897;S;120
15:34:06.688613;190-0-175-100.gba.solunet.com.ar;184.107.43.74.http;2898;S;120
15:34:06.688630;190-0-175-100.gba.solunet.com.ar;184.107.43.74.http;2899;S;120
15:34:06.688646;190-0-175-100.gba.solunet.com.ar;184.107.43.74.http;2900;S;120
15:34:06.688662;190-0-175-100.gba.solunet.com.ar;184.107.43.74.http;2901;S;120
15:34:06.688678;190-0-175-100.gba.solunet.com.ar;184.107.43.74.http;2902;S;120
15:34:06.688694;190-0-175-100.gba.solunet.com.ar;184.107.43.74.http;2903;S;120
15:34:06.688710;190-0-175-100.gba.solunet.com.ar;184.107.43.74.http;2904;S;120
15:34:06.688736;190-0-175-100.gba.solunet.com.ar;184.107.43.74.http;2905;S;120
15:34:06.688753;190-0-175-100.gba.solunet.com.ar;184.107.43.74.http;2906;S;120
15:34:06.688769;190-0-175-100.gba.solunet.com.ar;184.107.43.74.http;2907;S;120
15:34:06.688785;190-0-175-100.gba.solunet.com.ar;184.107.43.74.http;2908;S;120
15:34:06.688801;190-0-175-100.gba.solunet.com.ar;184.107.43.74.http;2909;S;120
15:34:06.688817;190-0-175-100.gba.solunet.com.ar;184.107.43.74.http;2910;S;120
15:34:06.688833;190-0-175-100.gba.solunet.com.ar;184.107.43.74.http;2911;S;120
15:34:06.688849;190-0-175-100.gba.solunet.com.ar;184.107.43.74.http;2912;S;120
15:34:06.688865;190-0-175-100.gba.solunet.com.ar;184.107.43.74.http;2913;S;120
15:34:06.688881;190-0-175-100.gba.solunet.com.ar;184.107.43.74.http;2914;S;120
15:34:06.688898;190-0-175-100.gba.solunet.com.ar;184.107.43.74.http;2915;S;120
15:34:06.688914;190-0-175-100.gba.solunet.com.ar;184.107.43.74.http;2916;S;120
15:34:06.688930;190-0-175-100.gba.solunet.com.ar;184.107.43.74.http;2917;S;120
15:34:06.688946;190-0-175-100.gba.solunet.com.ar;184.107.43.74.http;2918;S;120
15:34:06.688962;190-0-175-100.gba.solunet.com.ar;184.107.43.74.http;2919;S;120
15:34:06.688978;190-0-175-100.gba.solunet.com.ar;184.107.43.74.http;2920;S;120
15:34:06.688995;190-0-175-100.gba.solunet.com.ar;184.107.43.74.http;2921;S;120
15:34:06.689011;190-0-175-100.gba.solunet.com.ar;184.107.43.74.http;2922;S;120
15:34:06.689027;190-0-175-100.gba.solunet.com.ar;184.107.43.74.http;2923;S;120
15:34:06.689043;190-0-175-100.gba.solunet.com.ar;184.107.43.74.http;2924;S;120
15:34:06.689059;190-0-175-100.gba.solunet.com.ar;184.107.43.74.http;2925;S;120
15:34:06.689075;190-0-175-100.gba.solunet.com.ar;184.107.43.74.http;2926;S;120
15:34:06.689091;190-0-175-100.gba.solunet.com.ar;184.107.43.74.http;2927;S;120
15:34:06.689107;190-0-175-100.gba.solunet.com.ar;184.107.43.74.http;2928;S;120
15:34:06.689124;190-0-175-100.gba.solunet.com.ar;184.107.43.74.http;2929;S;120
15:34:06.689140;190-0-175-100.gba.solunet.com.ar;184.107.43.74.http;2930;S;120
15:34:06.689156;190-0-175-100.gba.solunet.com.ar;184.107.43.74.http;2931;S;120
15:34:06.689172;190-0-175-100.gba.solunet.com.ar;184.107.43.74.http;2932;S;120
15:34:06.689188;190-0-175-100.gba.solunet.com.ar;184.107.43.74.http;2933;S;120
15:34:06.689204;190-0-175-100.gba.solunet.com.ar;184.107.43.74.http;2934;S;120
15:34:06.689221;190-0-175-100.gba.solunet.com.ar;184.107.43.74.http;2935;S;120
15:34:06.689237;190-0-175-100.gba.solunet.com.ar;184.107.43.74.http;2936;S;120
15:34:06.689254;190-0-175-100.gba.solunet.com.ar;184.107.43.74.http;2937;S;120
15:34:06.689270;190-0-175-100.gba.solunet.com.ar;184.107.43.74.http;2938;S;120
15:34:06.689286;190-0-175-100.gba.solunet.com.ar;184.107.43.74.http;2939;S;120
15:34:06.689302;190-0-175-100.gba.solunet.com.ar;184.107.43.74.http;2940;S;120
15:34:06.689329;190-0-175-100.gba.solunet.com.ar;184.107.43.74.http;2941;S;120
15:34:06.689348;190-0-175-100.gba.solunet.com.ar;184.107.43.74.http;2942;S;120
15:34:06.689364;192.168.190.130;BP-Linux8.ssh;50245;.;0
15:34:06.689379;190-0-175-100.gba.solunet.com.ar;184.107.43.74.http;2943;S;120
15:34:06.689399;190-0-175-100.gba.solunet.com.ar;184.107.43.74.http;2944;S;120
15:34:06.689417;190-0-175-100.gba.solunet.com.ar;184.107.43.74.http;2945;S;120
15:34:06.689436;190-0-175-100.gba.solunet.com.ar;184.107.43.74.http;2946;S;120
15:34:06.689455;190-0-175-100.gba.solunet.com.ar.gpsd;184.107.43.74.http;vide;S;120
15:34:06.689474;190-0-175-100.gba.solunet.com.ar;184.107.43.74.http;2948;S;120
15:34:06.689493;190-0-175-100.gba.solunet.com.ar;184.107.43.74.http;2949;S;120
15:34:06.689513;190-0-175-100.gba.solunet.com.ar;184.107.43.74.http;2950;S;120
15:34:06.689531;190-0-175-100.gba.solunet.com.ar;184.107.43.74.http;2951;S;120
15:34:06.689551;190-0-175-100.gba.solunet.com.ar;184.107.43.74.http;2952;S;120
15:34:06.689567;190-0-175-100.gba.solunet.com.ar;184.107.43.74.http;2953;S;120
15:34:06.689583;190-0-175-100.gba.solunet.com.ar;184.107.43.74.http;2954;S;120
15:34:06.689599;190-0-175-100.gba.solunet.com.ar;184.107.43.74.http;2955;S;120
15:34:06.689615;190-0-175-100.gba.solunet.com.ar;184.107.43.74.http;2956;S;120
15:34:06.689632;190-0-175-100.gba.solunet.com.ar;184.107.43.74.http;2957;S;120
15:34:06.689648;190-0-175-100.gba.solunet.com.ar;184.107.43.74.http;2958;S;120
15:34:06.689664;190-0-175-100.gba.solunet.com.ar;184.107.43.74.http;2959;S;120
15:34:06.689680;190-0-175-100.gba.solunet.com.ar;184.107.43.74.http;2960;S;120
15:34:06.689697;190-0-175-100.gba.solunet.com.ar;184.107.43.74.http;2961;S;120
15:34:06.689713;190-0-175-100.gba.solunet.com.ar;184.107.43.74.http;2962;S;120
15:34:06.689729;190-0-175-100.gba.solunet.com.ar;184.107.43.74.http;2963;S;120
15:34:06.689745;190-0-175-100.gba.solunet.com.ar;184.107.43.74.http;2964;S;120
15:34:06.689761;190-0-175-100.gba.solunet.com.ar;184.107.43.74.http;2965;S;120
15:34:06.689777;190-0-175-100.gba.solunet.com.ar;184.107.43.74.http;2966;S;120
15:34:06.689794;190-0-175-100.gba.solunet.com.ar;184.107.43.74.http;2967;S;120
15:34:06.689810;190-0-175-100.gba.solunet.com.ar;184.107.43.74.http;2968;S;120
15:34:06.689826;190-0-175-100.gba.solunet.com.ar;184.107.43.74.http;2969;S;120
15:34:06.689842;190-0-175-100.gba.solunet.com.ar;184.107.43.74.http;2970;S;120
15:34:06.689858;190-0-175-100.gba.solunet.com.ar;184.107.43.74.http;2971;S;120
15:34:06.689875;190-0-175-100.gba.solunet.com.ar;184.107.43.74.http;2972;S;120
15:34:06.689891;190-0-175-100.gba.solunet.com.ar;184.107.43.74.http;2973;S;120
15:34:06.689907;190-0-175-100.gba.solunet.com.ar;184.107.43.74.http;2974;S;120
15:34:06.689923;190-0-175-100.gba.solunet.com.ar;184.107.43.74.http;2975;S;120
15:34:06.689940;190-0-175-100.gba.solunet.com.ar;184.107.43.74.http;2976;S;120
15:34:06.689956;190-0-175-100.gba.solunet.com.ar;184.107.43.74.http;2977;S;120
15:34:06.689972;190-0-175-100.gba.solunet.com.ar;184.107.43.74.http;2978;S;120
15:34:06.689988;190-0-175-100.gba.solunet.com.ar;184.107.43.74.http;2979;S;120
15:34:06.690004;190-0-175-100.gba.solunet.com.ar;184.107.43.74.http;2980;S;120
15:34:06.690020;190-0-175-100.gba.solunet.com.ar;184.107.43.74.http;2981;S;120
15:34:06.690037;190-0-175-100.gba.solunet.com.ar;184.107.43.74.http;2982;S;120
15:34:06.690053;190-0-175-100.gba.solunet.com.ar;184.107.43.74.http;2983;S;120
15:34:06.690069;190-0-175-100.gba.solunet.com.ar;184.107.43.74.http;2984;S;120
15:34:06.690086;190-0-175-100.gba.solunet.com.ar;184.107.43.74.http;2985;S;120
15:34:06.690102;190-0-175-100.gba.solunet.com.ar;184.107.43.74.http;2986;S;120
15:34:06.690118;190-0-175-100.gba.solunet.com.ar;184.107.43.74.http;2987;S;120
15:34:06.690134;190-0-175-100.gba.solunet.com.ar.afbackup;184.107.43.74.http;vide;S;120
15:34:06.690150;190-0-175-100.gba.solunet.com.ar.afmbackup;184.107.43.74.http;vide;S;120
15:34:06.690167;190-0-175-100.gba.solunet.com.ar;184.107.43.74.http;2990;S;120
15:34:06.690183;190-0-175-100.gba.solunet.com.ar;184.107.43.74.http;2991;S;120
15:34:06.690200;190-0-175-100.gba.solunet.com.ar;184.107.43.74.http;2992;S;120
15:34:06.690216;190-0-175-100.gba.solunet.com.ar;184.107.43.74.http;2993;S;120
15:34:06.690232;190-0-175-100.gba.solunet.com.ar;184.107.43.74.http;2994;S;120
15:34:06.690248;190-0-175-100.gba.solunet.com.ar;184.107.43.74.http;2995;S;120
15:34:06.690273;190-0-175-100.gba.solunet.com.ar;184.107.43.74.http;2996;S;120
15:34:06.690292;190-0-175-100.gba.solunet.com.ar;184.107.43.74.http;2997;S;120
15:34:06.690311;190-0-175-100.gba.solunet.com.ar;184.107.43.74.http;2998;S;120
15:34:06.690330;190-0-175-100.gba.solunet.com.ar;184.107.43.74.http;2999;S;120
15:34:06.690349;190-0-175-100.gba.solunet.com.ar;184.107.43.74.http;3000;S;120
15:34:06.690368;190-0-175-100.gba.solunet.com.ar;184.107.43.74.http;3001;S;120
15:34:06.690387;190-0-175-100.gba.solunet.com.ar;184.107.43.74.http;3002;S;120
15:34:06.690406;190-0-175-100.gba.solunet.com.ar;184.107.43.74.http;3003;S;120
15:34:06.690425;190-0-175-100.gba.solunet.com.ar;184.107.43.74.http;3004;S;120
15:34:06.690444;190-0-175-100.gba.solunet.com.ar;184.107.43.74.http;3005;S;120
15:34:06.690463;190-0-175-100.gba.solunet.com.ar;184.107.43.74.http;3006;S;120
15:34:06.690479;190-0-175-100.gba.solunet.com.ar;184.107.43.74.http;3007;S;120
15:34:06.690495;190-0-175-100.gba.solunet.com.ar;184.107.43.74.http;3008;S;120
15:34:06.690511;190-0-175-100.gba.solunet.com.ar;184.107.43.74.http;3009;S;120
15:34:06.690527;190-0-175-100.gba.solunet.com.ar;184.107.43.74.http;3010;S;120
15:34:06.690543;190-0-175-100.gba.solunet.com.ar;184.107.43.74.http;3011;S;120
15:34:06.690559;190-0-175-100.gba.solunet.com.ar;184.107.43.74.http;3012;S;120
15:34:06.690575;190-0-175-100.gba.solunet.com.ar;184.107.43.74.http;3013;S;120
15:34:06.690592;190-0-175-100.gba.solunet.com.ar;184.107.43.74.http;3014;S;120
15:34:06.690608;190-0-175-100.gba.solunet.com.ar;184.107.43.74.http;3015;S;120
15:34:06.690624;190-0-175-100.gba.solunet.com.ar;184.107.43.74.http;3016;S;120
15:34:06.690640;190-0-175-100.gba.solunet.com.ar;184.107.43.74.http;3017;S;120
15:34:06.690656;190-0-175-100.gba.solunet.com.ar;184.107.43.74.http;3018;S;120
15:34:06.690672;190-0-175-100.gba.solunet.com.ar;184.107.43.74.http;3019;S;120
15:34:06.690689;190-0-175-100.gba.solunet.com.ar;184.107.43.74.http;3020;S;120
15:34:06.690705;190-0-175-100.gba.solunet.com.ar;184.107.43.74.http;3021;S;120
15:34:06.690721;190-0-175-100.gba.solunet.com.ar;184.107.43.74.http;3022;S;120
15:34:06.690737;190-0-175-100.gba.solunet.com.ar;184.107.43.74.http;3023;S;120
15:34:06.690753;190-0-175-100.gba.solunet.com.ar;184.107.43.74.http;3024;S;120
15:34:06.690769;190-0-175-100.gba.solunet.com.ar;184.107.43.74.http;3025;S;120
15:34:06.690786;190-0-175-100.gba.solunet.com.ar;184.107.43.74.http;3026;S;120
15:34:06.690802;190-0-175-100.gba.solunet.com.ar;184.107.43.74.http;3027;S;120
15:34:06.690818;190-0-175-100.gba.solunet.com.ar;184.107.43.74.http;3028;S;120
15:34:06.690834;190-0-175-100.gba.solunet.com.ar;184.107.43.74.http;3029;S;120
15:34:06.690850;190-0-175-100.gba.solunet.com.ar;184.107.43.74.http;3030;S;120
15:34:06.690866;190-0-175-100.gba.solunet.com.ar;184.107.43.74.http;3031;S;120
15:34:06.690883;190-0-175-100.gba.solunet.com.ar;184.107.43.74.http;3032;S;120
15:34:06.690899;190-0-175-100.gba.solunet.com.ar;184.107.43.74.http;3033;S;120
15:34:06.690915;190-0-175-100.gba.solunet.com.ar;184.107.43.74.http;3034;S;120
15:34:06.690931;190-0-175-100.gba.solunet.com.ar;184.107.43.74.http;3035;S;120
15:34:06.690947;190-0-175-100.gba.solunet.com.ar;184.107.43.74.http;3036;S;120
15:34:06.690963;190-0-175-100.gba.solunet.com.ar;184.107.43.74.http;3037;S;120
15:34:06.690980;190-0-175-100.gba.solunet.com.ar;184.107.43.74.http;3038;S;120
15:34:06.690996;190-0-175-100.gba.solunet.com.ar;184.107.43.74.http;3039;S;120
15:34:06.691012;190-0-175-100.gba.solunet.com.ar;184.107.43.74.http;3040;S;120
15:34:06.691028;190-0-175-100.gba.solunet.com.ar;184.107.43.74.http;3041;S;120
15:34:06.691044;190-0-175-100.gba.solunet.com.ar;184.107.43.74.http;3042;S;120
15:34:06.691060;190-0-175-100.gba.solunet.com.ar;184.107.43.74.http;3043;S;120
15:34:06.691077;190-0-175-100.gba.solunet.com.ar;184.107.43.74.http;3044;S;120
15:34:06.691093;190-0-175-100.gba.solunet.com.ar;184.107.43.74.http;3045;S;120
15:34:06.691109;190-0-175-100.gba.solunet.com.ar;184.107.43.74.http;3046;S;120
15:34:06.691125;190-0-175-100.gba.solunet.com.ar;184.107.43.74.http;3047;S;120
15:34:06.691142;190-0-175-100.gba.solunet.com.ar;184.107.43.74.http;3048;S;120
15:34:06.691166;190-0-175-100.gba.solunet.com.ar;184.107.43.74.http;3049;S;120
15:34:06.691185;190-0-175-100.gba.solunet.com.ar.gds-db;184.107.43.74.http;vide;S;120
15:34:06.691204;190-0-175-100.gba.solunet.com.ar;184.107.43.74.http;3051;S;120
15:34:06.691223;190-0-175-100.gba.solunet.com.ar;184.107.43.74.http;3052;S;120
15:34:06.691242;190-0-175-100.gba.solunet.com.ar;184.107.43.74.http;3053;S;120
15:34:06.691261;190-0-175-100.gba.solunet.com.ar;184.107.43.74.http;3054;S;120
15:34:06.691280;190-0-175-100.gba.solunet.com.ar;184.107.43.74.http;3055;S;120
15:34:06.691299;190-0-175-100.gba.solunet.com.ar;184.107.43.74.http;3056;S;120
15:34:06.691318;190-0-175-100.gba.solunet.com.ar;184.107.43.74.http;3057;S;120
15:34:06.691337;190-0-175-100.gba.solunet.com.ar;184.107.43.74.http;3058;S;120
15:34:06.691355;190-0-175-100.gba.solunet.com.ar;184.107.43.74.http;3059;S;120
15:34:06.691374;190-0-175-100.gba.solunet.com.ar;184.107.43.74.http;3060;S;120
15:34:06.691391;190-0-175-100.gba.solunet.com.ar;184.107.43.74.http;3061;S;120
15:34:06.691407;190-0-175-100.gba.solunet.com.ar;184.107.43.74.http;3062;S;120
15:34:06.691423;190-0-175-100.gba.solunet.com.ar;184.107.43.74.http;3063;S;120
15:34:06.691439;190-0-175-100.gba.solunet.com.ar;184.107.43.74.http;3064;S;120
15:34:06.691455;190-0-175-100.gba.solunet.com.ar;184.107.43.74.http;3065;S;120
15:34:06.691471;190-0-175-100.gba.solunet.com.ar;184.107.43.74.http;3066;S;120
15:34:06.691488;190-0-175-100.gba.solunet.com.ar;184.107.43.74.http;3067;S;120
15:34:06.691504;190-0-175-100.gba.solunet.com.ar;184.107.43.74.http;3068;S;120
15:34:06.691520;190-0-175-100.gba.solunet.com.ar;184.107.43.74.http;3069;S;120
15:34:06.691536;190-0-175-100.gba.solunet.com.ar;184.107.43.74.http;3070;S;120
15:34:06.691552;190-0-175-100.gba.solunet.com.ar;184.107.43.74.http;3071;S;120
15:34:06.691569;190-0-175-100.gba.solunet.com.ar;184.107.43.74.http;3072;S;120
15:34:06.691585;190-0-175-100.gba.solunet.com.ar;184.107.43.74.http;3073;S;120
15:34:06.691601;190-0-175-100.gba.solunet.com.ar;184.107.43.74.http;3074;S;120
15:34:06.691617;190-0-175-100.gba.solunet.com.ar;184.107.43.74.http;3075;S;120
15:34:06.691633;190-0-175-100.gba.solunet.com.ar;184.107.43.74.http;3076;S;120
15:34:06.691649;190-0-175-100.gba.solunet.com.ar;184.107.43.74.http;3077;S;120
15:34:06.691666;190-0-175-100.gba.solunet.com.ar;184.107.43.74.http;3078;S;120
15:34:06.691682;190-0-175-100.gba.solunet.com.ar;184.107.43.74.http;3079;S;120
15:34:06.691698;190-0-175-100.gba.solunet.com.ar;184.107.43.74.http;3080;S;120
15:34:06.691726;190-0-175-100.gba.solunet.com.ar;184.107.43.74.http;3081;S;120
15:34:06.691753;190-0-175-100.gba.solunet.com.ar;184.107.43.74.http;3082;S;120
15:34:06.691769;190-0-175-100.gba.solunet.com.ar;184.107.43.74.http;3083;S;120
15:34:06.691785;190-0-175-100.gba.solunet.com.ar;184.107.43.74.http;3084;S;120
15:34:06.691801;190-0-175-100.gba.solunet.com.ar;184.107.43.74.http;3085;S;120
15:34:06.691818;190-0-175-100.gba.solunet.com.ar;184.107.43.74.http;3086;S;120
15:34:06.691834;190-0-175-100.gba.solunet.com.ar;184.107.43.74.http;3087;S;120
15:34:06.691850;190-0-175-100.gba.solunet.com.ar;184.107.43.74.http;3088;S;120
15:34:06.691866;190-0-175-100.gba.solunet.com.ar;184.107.43.74.http;3089;S;120
15:34:06.691882;190-0-175-100.gba.solunet.com.ar;184.107.43.74.http;3090;S;120
15:34:06.691898;190-0-175-100.gba.solunet.com.ar;184.107.43.74.http;3091;S;120
15:34:06.691914;190-0-175-100.gba.solunet.com.ar;184.107.43.74.http;3092;S;120
15:34:06.691931;190-0-175-100.gba.solunet.com.ar;184.107.43.74.http;3093;S;120
15:34:06.691947;190-0-175-100.gba.solunet.com.ar;184.107.43.74.http;3094;S;120
15:34:06.691963;190-0-175-100.gba.solunet.com.ar;184.107.43.74.http;3095;S;120
15:34:06.691979;190-0-175-100.gba.solunet.com.ar;184.107.43.74.http;3096;S;120
15:34:06.691996;190-0-175-100.gba.solunet.com.ar;184.107.43.74.http;3097;S;120
15:34:06.692012;190-0-175-100.gba.solunet.com.ar;184.107.43.74.http;3098;S;120
15:34:06.692028;190-0-175-100.gba.solunet.com.ar;184.107.43.74.http;3099;S;120
15:34:06.692045;190-0-175-100.gba.solunet.com.ar;184.107.43.74.http;3100;S;120
15:34:06.692061;190-0-175-100.gba.solunet.com.ar;184.107.43.74.http;3101;S;120
15:34:06.692089;190-0-175-100.gba.solunet.com.ar;184.107.43.74.http;3102;S;120
15:34:06.692108;190-0-175-100.gba.solunet.com.ar;184.107.43.74.http;3103;S;120
15:34:06.692128;190-0-175-100.gba.solunet.com.ar;184.107.43.74.http;3104;S;120
15:34:06.692147;190-0-175-100.gba.solunet.com.ar;184.107.43.74.http;3105;S;120
15:34:06.692166;190-0-175-100.gba.solunet.com.ar;184.107.43.74.http;3106;S;120
15:34:06.692186;190-0-175-100.gba.solunet.com.ar;184.107.43.74.http;3107;S;120
15:34:06.692205;190-0-175-100.gba.solunet.com.ar;184.107.43.74.http;3108;S;120
15:34:06.692224;190-0-175-100.gba.solunet.com.ar;184.107.43.74.http;3109;S;120
15:34:06.692243;190-0-175-100.gba.solunet.com.ar;184.107.43.74.http;3110;S;120
15:34:06.692262;190-0-175-100.gba.solunet.com.ar;184.107.43.74.http;3111;S;120
15:34:06.692282;190-0-175-100.gba.solunet.com.ar;184.107.43.74.http;3112;S;120
15:34:06.692301;190-0-175-100.gba.solunet.com.ar;184.107.43.74.http;3113;S;120
15:34:06.692320;190-0-175-100.gba.solunet.com.ar;184.107.43.74.http;3114;S;120
15:34:06.692336;190-0-175-100.gba.solunet.com.ar;184.107.43.74.http;3115;S;120
15:34:06.692352;190-0-175-100.gba.solunet.com.ar;184.107.43.74.http;3116;S;120
15:34:06.692368;190-0-175-100.gba.solunet.com.ar;184.107.43.74.http;3117;S;120
15:34:06.692385;190-0-175-100.gba.solunet.com.ar;184.107.43.74.http;3118;S;120
15:34:06.692401;190-0-175-100.gba.solunet.com.ar;184.107.43.74.http;3119;S;120
15:34:06.692417;190-0-175-100.gba.solunet.com.ar;184.107.43.74.http;3120;S;120
15:34:06.692433;190-0-175-100.gba.solunet.com.ar;184.107.43.74.http;3121;S;120
15:34:06.692449;190-0-175-100.gba.solunet.com.ar;184.107.43.74.http;3122;S;120
15:34:06.692465;190-0-175-100.gba.solunet.com.ar;184.107.43.74.http;3123;S;120
15:34:06.692482;190-0-175-100.gba.solunet.com.ar;184.107.43.74.http;3124;S;120
15:34:06.692498;190-0-175-100.gba.solunet.com.ar;184.107.43.74.http;3125;S;120
15:34:06.692514;190-0-175-100.gba.solunet.com.ar;184.107.43.74.http;3126;S;120
15:34:06.692530;190-0-175-100.gba.solunet.com.ar;184.107.43.74.http;3127;S;120
15:34:06.692546;190-0-175-100.gba.solunet.com.ar;184.107.43.74.http;3128;S;120
15:34:06.692562;190-0-175-100.gba.solunet.com.ar;184.107.43.74.http;3129;S;120
15:34:06.692579;190-0-175-100.gba.solunet.com.ar.icpv2;184.107.43.74.http;vide;S;120
15:34:06.692595;190-0-175-100.gba.solunet.com.ar;184.107.43.74.http;3131;S;120
15:34:06.692611;190-0-175-100.gba.solunet.com.ar;184.107.43.74.http;3132;S;120
15:34:06.692627;190-0-175-100.gba.solunet.com.ar;184.107.43.74.http;3133;S;120
15:34:06.692643;190-0-175-100.gba.solunet.com.ar;184.107.43.74.http;3134;S;120
15:34:06.692659;190-0-175-100.gba.solunet.com.ar;184.107.43.74.http;3135;S;120
15:34:06.692676;190-0-175-100.gba.solunet.com.ar;184.107.43.74.http;3136;S;120
15:34:06.692692;190-0-175-100.gba.solunet.com.ar;184.107.43.74.http;3137;S;120
15:34:06.692708;190-0-175-100.gba.solunet.com.ar;184.107.43.74.http;3138;S;120
15:34:06.692723;190-0-175-100.gba.solunet.com.ar;184.107.43.74.http;3139;S;120
15:34:06.692857;190-0-175-100.gba.solunet.com.ar;184.107.43.74.http;3140;S;120
15:34:06.692875;190-0-175-100.gba.solunet.com.ar;184.107.43.74.http;3141;S;120
15:34:06.692891;190-0-175-100.gba.solunet.com.ar;184.107.43.74.http;3142;S;120
15:34:06.692907;190-0-175-100.gba.solunet.com.ar;184.107.43.74.http;3143;S;120
15:34:06.692923;190-0-175-100.gba.solunet.com.ar;184.107.43.74.http;3144;S;120
15:34:06.692939;190-0-175-100.gba.solunet.com.ar;184.107.43.74.http;3145;S;120
15:34:06.692955;190-0-175-100.gba.solunet.com.ar;184.107.43.74.http;3146;S;120
15:34:06.692970;190-0-175-100.gba.solunet.com.ar;184.107.43.74.http;3147;S;120
15:34:06.692986;190-0-175-100.gba.solunet.com.ar;184.107.43.74.http;3148;S;120
15:34:06.693002;190-0-175-100.gba.solunet.com.ar;184.107.43.74.http;3149;S;120
15:34:06.693015;190-0-175-100.gba.solunet.com.ar;184.107.43.74.http;3150;S;120
15:34:06.693028;190-0-175-100.gba.solunet.com.ar;184.107.43.74.http;3151;S;120
15:34:06.693041;190-0-175-100.gba.solunet.com.ar;184.107.43.74.http;3152;S;120
15:34:06.693054;190-0-175-100.gba.solunet.com.ar;184.107.43.74.http;3153;S;120
15:34:06.693067;190-0-175-100.gba.solunet.com.ar;184.107.43.74.http;3154;S;120
15:34:06.693080;190-0-175-100.gba.solunet.com.ar;184.107.43.74.http;3155;S;120
15:34:06.693094;190-0-175-100.gba.solunet.com.ar;184.107.43.74.http;3156;S;120
15:34:06.693107;190-0-175-100.gba.solunet.com.ar;184.107.43.74.http;3157;S;120
15:34:06.693120;190-0-175-100.gba.solunet.com.ar;184.107.43.74.http;3158;S;120
15:34:06.693133;190-0-175-100.gba.solunet.com.ar;184.107.43.74.http;3159;S;120
15:34:06.693146;190-0-175-100.gba.solunet.com.ar;184.107.43.74.http;3160;S;120
15:34:06.693159;190-0-175-100.gba.solunet.com.ar;184.107.43.74.http;3161;S;120
15:34:06.693172;190-0-175-100.gba.solunet.com.ar;184.107.43.74.http;3162;S;120
15:34:06.693185;190-0-175-100.gba.solunet.com.ar;184.107.43.74.http;3163;S;120
15:34:06.693198;190-0-175-100.gba.solunet.com.ar;184.107.43.74.http;3164;S;120
15:34:06.693211;190-0-175-100.gba.solunet.com.ar;184.107.43.74.http;3165;S;120
15:34:06.693225;190-0-175-100.gba.solunet.com.ar;184.107.43.74.http;3166;S;120
15:34:06.693238;190-0-175-100.gba.solunet.com.ar;184.107.43.74.http;3167;S;120
15:34:06.693251;190-0-175-100.gba.solunet.com.ar;184.107.43.74.http;3168;S;120
15:34:06.693264;190-0-175-100.gba.solunet.com.ar;184.107.43.74.http;3169;S;120
15:34:06.693277;190-0-175-100.gba.solunet.com.ar;184.107.43.74.http;3170;S;120
15:34:06.693290;190-0-175-100.gba.solunet.com.ar;184.107.43.74.http;3171;S;120
15:34:06.693303;190-0-175-100.gba.solunet.com.ar;184.107.43.74.http;3172;S;120
15:34:06.693317;190-0-175-100.gba.solunet.com.ar;184.107.43.74.http;3173;S;120
15:34:06.693330;190-0-175-100.gba.solunet.com.ar;184.107.43.74.http;3174;S;120
15:34:06.693343;190-0-175-100.gba.solunet.com.ar;184.107.43.74.http;3175;S;120
15:34:06.693356;190-0-175-100.gba.solunet.com.ar;184.107.43.74.http;3176;S;120
15:34:06.693369;190-0-175-100.gba.solunet.com.ar;184.107.43.74.http;3177;S;120
15:34:06.693382;190-0-175-100.gba.solunet.com.ar;184.107.43.74.http;3178;S;120
15:34:06.693395;190-0-175-100.gba.solunet.com.ar;184.107.43.74.http;3179;S;120
15:34:06.693408;190-0-175-100.gba.solunet.com.ar;184.107.43.74.http;3180;S;120
15:34:06.693421;190-0-175-100.gba.solunet.com.ar;184.107.43.74.http;3181;S;120
15:34:06.693434;190-0-175-100.gba.solunet.com.ar;184.107.43.74.http;3182;S;120
15:34:06.693447;190-0-175-100.gba.solunet.com.ar;184.107.43.74.http;3183;S;120
15:34:06.693460;190-0-175-100.gba.solunet.com.ar;184.107.43.74.http;3184;S;120
15:34:06.693474;190-0-175-100.gba.solunet.com.ar;184.107.43.74.http;3185;S;120
15:34:06.693487;190-0-175-100.gba.solunet.com.ar;184.107.43.74.http;3186;S;120
15:34:06.693966;190-0-175-100.gba.solunet.com.ar;184.107.43.74.http;3187;S;120
15:34:06.693993;190-0-175-100.gba.solunet.com.ar;184.107.43.74.http;3188;S;120
15:34:06.694011;190-0-175-100.gba.solunet.com.ar;184.107.43.74.http;3189;S;120
15:34:06.694027;190-0-175-100.gba.solunet.com.ar;184.107.43.74.http;3190;S;120
15:34:06.694043;190-0-175-100.gba.solunet.com.ar;184.107.43.74.http;3191;S;120
15:34:06.694059;190-0-175-100.gba.solunet.com.ar;184.107.43.74.http;3192;S;120
15:34:06.694075;190-0-175-100.gba.solunet.com.ar;184.107.43.74.http;3193;S;120
15:34:06.694090;190-0-175-100.gba.solunet.com.ar;184.107.43.74.http;3194;S;120
15:34:06.694106;190-0-175-100.gba.solunet.com.ar;184.107.43.74.http;3195;S;120
15:34:06.694122;190-0-175-100.gba.solunet.com.ar;184.107.43.74.http;3196;S;120
15:34:06.694138;190-0-175-100.gba.solunet.com.ar;184.107.43.74.http;3197;S;120
15:34:06.694153;190-0-175-100.gba.solunet.com.ar;184.107.43.74.http;3198;S;120
15:34:06.694169;190-0-175-100.gba.solunet.com.ar;184.107.43.74.http;3199;S;120
15:34:06.694185;190-0-175-100.gba.solunet.com.ar;184.107.43.74.http;3200;S;120
15:34:06.694201;190-0-175-100.gba.solunet.com.ar;184.107.43.74.http;3201;S;120
15:34:06.694216;190-0-175-100.gba.solunet.com.ar;184.107.43.74.http;3202;S;120
15:34:06.694229;190-0-175-100.gba.solunet.com.ar;184.107.43.74.http;3203;S;120
15:34:06.694243;190-0-175-100.gba.solunet.com.ar;184.107.43.74.http;3204;S;120
15:34:06.694257;190-0-175-100.gba.solunet.com.ar;184.107.43.74.http;3205;S;120
15:34:06.694267;190-0-175-100.gba.solunet.com.ar;184.107.43.74.http;3206;S;120
15:34:06.694276;190-0-175-100.gba.solunet.com.ar;184.107.43.74.http;3207;S;120
15:34:06.694290;190-0-175-100.gba.solunet.com.ar;184.107.43.74.http;3208;S;120
15:34:06.694303;190-0-175-100.gba.solunet.com.ar;184.107.43.74.http;3209;S;120
15:34:06.694316;190-0-175-100.gba.solunet.com.ar;184.107.43.74.http;3210;S;120
15:34:06.694329;190-0-175-100.gba.solunet.com.ar;184.107.43.74.http;3211;S;120
15:34:06.694342;190-0-175-100.gba.solunet.com.ar;184.107.43.74.http;3212;S;120
15:34:06.694355;190-0-175-100.gba.solunet.com.ar;184.107.43.74.http;3213;S;120
15:34:06.694368;190-0-175-100.gba.solunet.com.ar;184.107.43.74.http;3214;S;120
15:34:06.694382;190-0-175-100.gba.solunet.com.ar;184.107.43.74.http;3215;S;120
15:34:06.694395;190-0-175-100.gba.solunet.com.ar;184.107.43.74.http;3216;S;120
15:34:06.694408;190-0-175-100.gba.solunet.com.ar;184.107.43.74.http;3217;S;120
15:34:06.694422;190-0-175-100.gba.solunet.com.ar;184.107.43.74.http;3218;S;120
15:34:06.694435;190-0-175-100.gba.solunet.com.ar;184.107.43.74.http;3219;S;120
15:34:06.694448;190-0-175-100.gba.solunet.com.ar;184.107.43.74.http;3220;S;120
15:34:06.694461;190-0-175-100.gba.solunet.com.ar;184.107.43.74.http;3221;S;120
15:34:06.694474;190-0-175-100.gba.solunet.com.ar;184.107.43.74.http;3222;S;120
15:34:06.694487;190-0-175-100.gba.solunet.com.ar;184.107.43.74.http;3223;S;120
15:34:06.694500;190-0-175-100.gba.solunet.com.ar;184.107.43.74.http;3224;S;120
15:34:06.694513;190-0-175-100.gba.solunet.com.ar;184.107.43.74.http;3225;S;120
15:34:06.694527;190-0-175-100.gba.solunet.com.ar;184.107.43.74.http;3226;S;120
15:34:06.694540;190-0-175-100.gba.solunet.com.ar;184.107.43.74.http;3227;S;120
15:34:06.694553;190-0-175-100.gba.solunet.com.ar;184.107.43.74.http;3228;S;120
15:34:06.694566;190-0-175-100.gba.solunet.com.ar;184.107.43.74.http;3229;S;120
15:34:06.694579;190-0-175-100.gba.solunet.com.ar;184.107.43.74.http;3230;S;120
15:34:06.694592;190-0-175-100.gba.solunet.com.ar;184.107.43.74.http;3231;S;120
15:34:06.694606;190-0-175-100.gba.solunet.com.ar;184.107.43.74.http;3232;S;120
15:34:06.694620;190-0-175-100.gba.solunet.com.ar;184.107.43.74.http;3233;S;120
15:34:06.694633;190-0-175-100.gba.solunet.com.ar;184.107.43.74.http;3234;S;120
15:34:06.694646;190-0-175-100.gba.solunet.com.ar;184.107.43.74.http;3235;S;120
15:34:06.694659;190-0-175-100.gba.solunet.com.ar;184.107.43.74.http;3236;S;120
15:34:06.694672;190-0-175-100.gba.solunet.com.ar;184.107.43.74.http;3237;S;120
15:34:06.694685;190-0-175-100.gba.solunet.com.ar;184.107.43.74.http;3238;S;120
15:34:06.694698;190-0-175-100.gba.solunet.com.ar;184.107.43.74.http;3239;S;120
15:34:06.694712;190-0-175-100.gba.solunet.com.ar;184.107.43.74.http;3240;S;120
15:34:06.694733;190-0-175-100.gba.solunet.com.ar;184.107.43.74.http;3241;S;120
15:34:06.694749;190-0-175-100.gba.solunet.com.ar;184.107.43.74.http;3242;S;120
15:34:06.694765;190-0-175-100.gba.solunet.com.ar;184.107.43.74.http;3243;S;120
15:34:06.694781;190-0-175-100.gba.solunet.com.ar;184.107.43.74.http;3244;S;120
15:34:06.694797;190-0-175-100.gba.solunet.com.ar;184.107.43.74.http;3245;S;120
15:34:06.694812;190-0-175-100.gba.solunet.com.ar;184.107.43.74.http;3246;S;120
15:34:06.694828;190-0-175-100.gba.solunet.com.ar;184.107.43.74.http;3247;S;120
15:34:06.694844;190-0-175-100.gba.solunet.com.ar;184.107.43.74.http;3248;S;120
15:34:06.694860;190-0-175-100.gba.solunet.com.ar;184.107.43.74.http;3249;S;120
15:34:06.694875;190-0-175-100.gba.solunet.com.ar;184.107.43.74.http;3250;S;120
15:34:06.694891;190-0-175-100.gba.solunet.com.ar;184.107.43.74.http;3251;S;120
15:34:06.694906;190-0-175-100.gba.solunet.com.ar;184.107.43.74.http;3252;S;120
15:34:06.694922;190-0-175-100.gba.solunet.com.ar;184.107.43.74.http;3253;S;120
15:34:06.694937;190-0-175-100.gba.solunet.com.ar;184.107.43.74.http;3254;S;120
15:34:06.694953;190-0-175-100.gba.solunet.com.ar;184.107.43.74.http;3255;S;120
15:34:06.694969;190-0-175-100.gba.solunet.com.ar;184.107.43.74.http;3256;S;120
15:34:06.694982;190-0-175-100.gba.solunet.com.ar;184.107.43.74.http;3257;S;120
15:34:06.694995;190-0-175-100.gba.solunet.com.ar;184.107.43.74.http;3258;S;120
15:34:06.695008;190-0-175-100.gba.solunet.com.ar;184.107.43.74.http;3259;S;120
15:34:06.695021;190-0-175-100.gba.solunet.com.ar.iscsi-target;184.107.43.74.http;vide;S;120
15:34:06.695034;190-0-175-100.gba.solunet.com.ar;184.107.43.74.http;3261;S;120
15:34:06.695047;190-0-175-100.gba.solunet.com.ar;184.107.43.74.http;3262;S;120
15:34:06.695060;190-0-175-100.gba.solunet.com.ar;184.107.43.74.http;3263;S;120
15:34:06.695074;190-0-175-100.gba.solunet.com.ar;184.107.43.74.http;3264;S;120
15:34:06.695087;190-0-175-100.gba.solunet.com.ar;184.107.43.74.http;3265;S;120
15:34:06.695100;190-0-175-100.gba.solunet.com.ar;184.107.43.74.http;3266;S;120
15:34:06.695113;190-0-175-100.gba.solunet.com.ar;184.107.43.74.http;3267;S;120
15:34:06.695126;190-0-175-100.gba.solunet.com.ar;184.107.43.74.http;3268;S;120
15:34:06.695139;190-0-175-100.gba.solunet.com.ar;184.107.43.74.http;3269;S;120
15:34:06.695152;190-0-175-100.gba.solunet.com.ar;184.107.43.74.http;3270;S;120
15:34:06.695165;190-0-175-100.gba.solunet.com.ar;184.107.43.74.http;3271;S;120
15:34:06.695178;190-0-175-100.gba.solunet.com.ar;184.107.43.74.http;3272;S;120
15:34:06.695191;190-0-175-100.gba.solunet.com.ar;184.107.43.74.http;3273;S;120
15:34:06.695204;190-0-175-100.gba.solunet.com.ar;184.107.43.74.http;3274;S;120
15:34:06.695217;190-0-175-100.gba.solunet.com.ar;184.107.43.74.http;3275;S;120
15:34:06.695230;190-0-175-100.gba.solunet.com.ar;184.107.43.74.http;3276;S;120
15:34:06.695243;190-0-175-100.gba.solunet.com.ar;184.107.43.74.http;3277;S;120
15:34:06.695256;190-0-175-100.gba.solunet.com.ar;184.107.43.74.http;3278;S;120
15:34:06.695269;190-0-175-100.gba.solunet.com.ar;184.107.43.74.http;3279;S;120
15:34:06.695282;190-0-175-100.gba.solunet.com.ar;184.107.43.74.http;3280;S;120
15:34:06.695295;190-0-175-100.gba.solunet.com.ar;184.107.43.74.http;3281;S;120
15:34:06.695308;190-0-175-100.gba.solunet.com.ar;184.107.43.74.http;3282;S;120
15:34:06.695321;190-0-175-100.gba.solunet.com.ar;184.107.43.74.http;3283;S;120
15:34:06.695334;190-0-175-100.gba.solunet.com.ar;184.107.43.74.http;3284;S;120
15:34:06.695347;190-0-175-100.gba.solunet.com.ar;184.107.43.74.http;3285;S;120
15:34:06.695360;190-0-175-100.gba.solunet.com.ar;184.107.43.74.http;3286;S;120
15:34:06.695374;190-0-175-100.gba.solunet.com.ar;184.107.43.74.http;3287;S;120
15:34:06.695387;190-0-175-100.gba.solunet.com.ar;184.107.43.74.http;3288;S;120
15:34:06.695401;190-0-175-100.gba.solunet.com.ar;184.107.43.74.http;3289;S;120
15:34:06.695414;190-0-175-100.gba.solunet.com.ar;184.107.43.74.http;3290;S;120
15:34:06.695428;190-0-175-100.gba.solunet.com.ar;184.107.43.74.http;3291;S;120
15:34:06.695441;190-0-175-100.gba.solunet.com.ar;184.107.43.74.http;3292;S;120
15:34:06.695455;190-0-175-100.gba.solunet.com.ar;184.107.43.74.http;3293;S;120
15:34:06.695475;190-0-175-100.gba.solunet.com.ar;184.107.43.74.http;3294;S;120
15:34:06.695491;190-0-175-100.gba.solunet.com.ar;184.107.43.74.http;3295;S;120
15:34:06.695507;190-0-175-100.gba.solunet.com.ar;184.107.43.74.http;3296;S;120
15:34:06.695523;190-0-175-100.gba.solunet.com.ar;184.107.43.74.http;3297;S;120
15:34:06.695538;190-0-175-100.gba.solunet.com.ar;184.107.43.74.http;3298;S;120
15:34:06.695554;190-0-175-100.gba.solunet.com.ar;184.107.43.74.http;3299;S;120
15:34:06.695569;190-0-175-100.gba.solunet.com.ar;184.107.43.74.http;3300;S;120
15:34:06.695585;190-0-175-100.gba.solunet.com.ar;184.107.43.74.http;3301;S;120
15:34:06.695601;190-0-175-100.gba.solunet.com.ar;184.107.43.74.http;3302;S;120
15:34:06.695616;190-0-175-100.gba.solunet.com.ar;184.107.43.74.http;3303;S;120
15:34:06.695632;190-0-175-100.gba.solunet.com.ar;184.107.43.74.http;3304;S;120
15:34:06.695648;190-0-175-100.gba.solunet.com.ar;184.107.43.74.http;3305;S;120
15:34:06.695664;190-0-175-100.gba.solunet.com.ar.mysql;184.107.43.74.http;vide;S;120
15:34:06.695679;190-0-175-100.gba.solunet.com.ar;184.107.43.74.http;3307;S;120
15:34:06.695695;190-0-175-100.gba.solunet.com.ar;184.107.43.74.http;3308;S;120
15:34:06.695711;190-0-175-100.gba.solunet.com.ar;184.107.43.74.http;3309;S;120
15:34:06.695726;190-0-175-100.gba.solunet.com.ar;184.107.43.74.http;3310;S;120
15:34:06.695739;190-0-175-100.gba.solunet.com.ar;184.107.43.74.http;3311;S;120
15:34:06.695753;190-0-175-100.gba.solunet.com.ar;184.107.43.74.http;3312;S;120
15:34:06.695766;190-0-175-100.gba.solunet.com.ar;184.107.43.74.http;3313;S;120
15:34:06.695779;190-0-175-100.gba.solunet.com.ar;184.107.43.74.http;3314;S;120
15:34:06.695792;190-0-175-100.gba.solunet.com.ar;184.107.43.74.http;3315;S;120
15:34:06.695805;190-0-175-100.gba.solunet.com.ar;184.107.43.74.http;3316;S;120
15:34:06.695818;190-0-175-100.gba.solunet.com.ar;184.107.43.74.http;3317;S;120
15:34:06.695831;190-0-175-100.gba.solunet.com.ar;184.107.43.74.http;3318;S;120
15:34:06.695844;190-0-175-100.gba.solunet.com.ar;184.107.43.74.http;3319;S;120
15:34:06.695857;190-0-175-100.gba.solunet.com.ar;184.107.43.74.http;3320;S;120
15:34:06.695871;190-0-175-100.gba.solunet.com.ar;184.107.43.74.http;3321;S;120
15:34:06.695884;190-0-175-100.gba.solunet.com.ar;184.107.43.74.http;3322;S;120
15:34:06.695897;190-0-175-100.gba.solunet.com.ar;184.107.43.74.http;3323;S;120
15:34:06.695910;190-0-175-100.gba.solunet.com.ar;184.107.43.74.http;3324;S;120
15:34:06.695923;190-0-175-100.gba.solunet.com.ar;184.107.43.74.http;3325;S;120
15:34:06.695936;190-0-175-100.gba.solunet.com.ar;184.107.43.74.http;3326;S;120
15:34:06.695949;190-0-175-100.gba.solunet.com.ar;184.107.43.74.http;3327;S;120
15:34:06.695963;190-0-175-100.gba.solunet.com.ar;184.107.43.74.http;3328;S;120
15:34:06.695976;190-0-175-100.gba.solunet.com.ar;184.107.43.74.http;3329;S;120
15:34:06.695989;190-0-175-100.gba.solunet.com.ar;184.107.43.74.http;3330;S;120
15:34:06.696002;190-0-175-100.gba.solunet.com.ar;184.107.43.74.http;3331;S;120
15:34:06.696015;190-0-175-100.gba.solunet.com.ar;184.107.43.74.http;3332;S;120
15:34:06.696028;190-0-175-100.gba.solunet.com.ar;184.107.43.74.http;3333;S;120
15:34:06.696041;190-0-175-100.gba.solunet.com.ar;184.107.43.74.http;3334;S;120
15:34:06.696054;190-0-175-100.gba.solunet.com.ar;184.107.43.74.http;3335;S;120
15:34:06.696133;190-0-175-100.gba.solunet.com.ar;184.107.43.74.http;3336;S;120
15:34:06.696157;190-0-175-100.gba.solunet.com.ar;184.107.43.74.http;3337;S;120
15:34:06.696174;190-0-175-100.gba.solunet.com.ar;184.107.43.74.http;3338;S;120
15:34:06.696189;190-0-175-100.gba.solunet.com.ar;184.107.43.74.http;3339;S;120
15:34:06.696205;190-0-175-100.gba.solunet.com.ar;184.107.43.74.http;3340;S;120
15:34:06.696221;190-0-175-100.gba.solunet.com.ar;184.107.43.74.http;3341;S;120
15:34:06.696236;190-0-175-100.gba.solunet.com.ar;184.107.43.74.http;3342;S;120
15:34:06.696252;190-0-175-100.gba.solunet.com.ar;184.107.43.74.http;3343;S;120
15:34:06.696267;190-0-175-100.gba.solunet.com.ar;184.107.43.74.http;3344;S;120
15:34:06.696283;190-0-175-100.gba.solunet.com.ar;184.107.43.74.http;3345;S;120
15:34:06.696299;190-0-175-100.gba.solunet.com.ar;184.107.43.74.http;3346;S;120
15:34:06.696312;190-0-175-100.gba.solunet.com.ar;184.107.43.74.http;3347;S;120
15:34:06.696325;190-0-175-100.gba.solunet.com.ar;184.107.43.74.http;3348;S;120
15:34:06.696338;190-0-175-100.gba.solunet.com.ar;184.107.43.74.http;3349;S;120
15:34:06.696351;190-0-175-100.gba.solunet.com.ar;184.107.43.74.http;3350;S;120
15:34:06.696364;190-0-175-100.gba.solunet.com.ar;184.107.43.74.http;3351;S;120
15:34:06.696377;190-0-175-100.gba.solunet.com.ar;184.107.43.74.http;3352;S;120
15:34:06.696390;190-0-175-100.gba.solunet.com.ar;184.107.43.74.http;3353;S;120
15:34:06.696403;190-0-175-100.gba.solunet.com.ar;184.107.43.74.http;3354;S;120
15:34:06.696416;190-0-175-100.gba.solunet.com.ar;184.107.43.74.http;3355;S;120
15:34:06.696429;190-0-175-100.gba.solunet.com.ar;184.107.43.74.http;3356;S;120
15:34:06.696442;190-0-175-100.gba.solunet.com.ar;184.107.43.74.http;3357;S;120
15:34:06.696455;190-0-175-100.gba.solunet.com.ar;184.107.43.74.http;3358;S;120
15:34:06.696469;190-0-175-100.gba.solunet.com.ar;184.107.43.74.http;3359;S;120
15:34:06.696482;190-0-175-100.gba.solunet.com.ar;184.107.43.74.http;3360;S;120
15:34:06.696495;190-0-175-100.gba.solunet.com.ar;184.107.43.74.http;3361;S;120
15:34:06.696508;190-0-175-100.gba.solunet.com.ar;184.107.43.74.http;3362;S;120
15:34:06.696521;190-0-175-100.gba.solunet.com.ar;184.107.43.74.http;3363;S;120
15:34:06.696534;190-0-175-100.gba.solunet.com.ar;184.107.43.74.http;3364;S;120
15:34:06.696547;190-0-175-100.gba.solunet.com.ar;184.107.43.74.http;3365;S;120
15:34:06.696560;190-0-175-100.gba.solunet.com.ar;184.107.43.74.http;3366;S;120
15:34:06.696573;190-0-175-100.gba.solunet.com.ar;184.107.43.74.http;3367;S;120
15:34:06.696586;190-0-175-100.gba.solunet.com.ar;184.107.43.74.http;3368;S;120
15:34:06.696599;190-0-175-100.gba.solunet.com.ar;184.107.43.74.http;3369;S;120
15:34:06.696613;190-0-175-100.gba.solunet.com.ar;184.107.43.74.http;3370;S;120
15:34:06.696626;190-0-175-100.gba.solunet.com.ar;184.107.43.74.http;3371;S;120
15:34:06.696639;190-0-175-100.gba.solunet.com.ar;184.107.43.74.http;3372;S;120
15:34:06.696652;190-0-175-100.gba.solunet.com.ar;184.107.43.74.http;3373;S;120
15:34:06.696665;190-0-175-100.gba.solunet.com.ar;184.107.43.74.http;3374;S;120
15:34:06.696678;190-0-175-100.gba.solunet.com.ar;184.107.43.74.http;3375;S;120
15:34:06.696691;190-0-175-100.gba.solunet.com.ar;184.107.43.74.http;3376;S;120
15:34:06.696704;190-0-175-100.gba.solunet.com.ar;184.107.43.74.http;3377;S;120
15:34:06.696727;190-0-175-100.gba.solunet.com.ar;184.107.43.74.http;3378;S;120
15:34:06.696741;190-0-175-100.gba.solunet.com.ar;184.107.43.74.http;3379;S;120
15:34:06.696755;190-0-175-100.gba.solunet.com.ar;184.107.43.74.http;3380;S;120
15:34:06.696768;190-0-175-100.gba.solunet.com.ar;184.107.43.74.http;3381;S;120
15:34:06.696781;190-0-175-100.gba.solunet.com.ar;184.107.43.74.http;3382;S;120
15:34:06.696794;190-0-175-100.gba.solunet.com.ar;184.107.43.74.http;3383;S;120
15:34:06.696808;190-0-175-100.gba.solunet.com.ar;184.107.43.74.http;3384;S;120
15:34:06.696821;190-0-175-100.gba.solunet.com.ar;184.107.43.74.http;3385;S;120
15:34:06.696834;190-0-175-100.gba.solunet.com.ar;184.107.43.74.http;3386;S;120
15:34:06.696847;190-0-175-100.gba.solunet.com.ar;184.107.43.74.http;3387;S;120
15:34:06.696860;190-0-175-100.gba.solunet.com.ar;184.107.43.74.http;3388;S;120
15:34:06.696874;190-0-175-100.gba.solunet.com.ar;184.107.43.74.http;3389;S;120
15:34:06.696896;190-0-175-100.gba.solunet.com.ar;184.107.43.74.http;3390;S;120
15:34:06.696912;190-0-175-100.gba.solunet.com.ar;184.107.43.74.http;3391;S;120
15:34:06.696927;190-0-175-100.gba.solunet.com.ar;184.107.43.74.http;3392;S;120
15:34:06.696943;190-0-175-100.gba.solunet.com.ar;184.107.43.74.http;3393;S;120
15:34:06.696958;190-0-175-100.gba.solunet.com.ar;184.107.43.74.http;3394;S;120
15:34:06.696974;190-0-175-100.gba.solunet.com.ar;184.107.43.74.http;3395;S;120
15:34:06.696989;190-0-175-100.gba.solunet.com.ar;184.107.43.74.http;3396;S;120
15:34:06.697005;190-0-175-100.gba.solunet.com.ar;184.107.43.74.http;3397;S;120
15:34:06.697021;190-0-175-100.gba.solunet.com.ar;184.107.43.74.http;3398;S;120
15:34:06.697036;190-0-175-100.gba.solunet.com.ar;184.107.43.74.http;3399;S;120
15:34:06.697052;190-0-175-100.gba.solunet.com.ar;184.107.43.74.http;3400;S;120
15:34:06.697065;190-0-175-100.gba.solunet.com.ar;184.107.43.74.http;3401;S;120
15:34:06.697078;190-0-175-100.gba.solunet.com.ar;184.107.43.74.http;3402;S;120
15:34:06.697091;190-0-175-100.gba.solunet.com.ar;184.107.43.74.http;3403;S;120
15:34:06.697104;190-0-175-100.gba.solunet.com.ar;184.107.43.74.http;3404;S;120
15:34:06.697117;190-0-175-100.gba.solunet.com.ar;184.107.43.74.http;3405;S;120
15:34:06.697130;190-0-175-100.gba.solunet.com.ar;184.107.43.74.http;3406;S;120
15:34:06.697143;190-0-175-100.gba.solunet.com.ar;184.107.43.74.http;3407;S;120
15:34:06.697157;190-0-175-100.gba.solunet.com.ar;184.107.43.74.http;3408;S;120
15:34:06.697170;190-0-175-100.gba.solunet.com.ar;184.107.43.74.http;3409;S;120
15:34:06.697183;190-0-175-100.gba.solunet.com.ar;184.107.43.74.http;3410;S;120
15:34:06.697227;190-0-175-100.gba.solunet.com.ar;184.107.43.74.http;3411;S;120
15:34:06.697241;190-0-175-100.gba.solunet.com.ar;184.107.43.74.http;3412;S;120
15:34:06.697254;190-0-175-100.gba.solunet.com.ar;184.107.43.74.http;3413;S;120
15:34:06.697268;190-0-175-100.gba.solunet.com.ar;184.107.43.74.http;3414;S;120
15:34:06.697281;190-0-175-100.gba.solunet.com.ar;184.107.43.74.http;3415;S;120
15:34:06.697294;190-0-175-100.gba.solunet.com.ar;184.107.43.74.http;3416;S;120
15:34:06.697308;190-0-175-100.gba.solunet.com.ar;184.107.43.74.http;3417;S;120
15:34:06.697321;190-0-175-100.gba.solunet.com.ar;184.107.43.74.http;3418;S;120
15:34:06.697334;190-0-175-100.gba.solunet.com.ar;184.107.43.74.http;3419;S;120
15:34:06.697347;190-0-175-100.gba.solunet.com.ar;184.107.43.74.http;3420;S;120
15:34:06.697360;190-0-175-100.gba.solunet.com.ar;184.107.43.74.http;3421;S;120
15:34:06.697373;190-0-175-100.gba.solunet.com.ar;184.107.43.74.http;3422;S;120
15:34:06.697386;190-0-175-100.gba.solunet.com.ar;184.107.43.74.http;3423;S;120
15:34:06.697400;190-0-175-100.gba.solunet.com.ar;184.107.43.74.http;3424;S;120
15:34:06.697413;190-0-175-100.gba.solunet.com.ar;184.107.43.74.http;3425;S;120
15:34:06.697426;190-0-175-100.gba.solunet.com.ar;184.107.43.74.http;3426;S;120
15:34:06.697439;190-0-175-100.gba.solunet.com.ar;184.107.43.74.http;3427;S;120
15:34:06.697452;190-0-175-100.gba.solunet.com.ar;184.107.43.74.http;3428;S;120
15:34:06.697465;190-0-175-100.gba.solunet.com.ar;184.107.43.74.http;3429;S;120
15:34:06.697479;190-0-175-100.gba.solunet.com.ar;184.107.43.74.http;3430;S;120
15:34:06.697492;190-0-175-100.gba.solunet.com.ar;184.107.43.74.http;3431;S;120
15:34:06.697505;190-0-175-100.gba.solunet.com.ar;184.107.43.74.http;3432;S;120
15:34:06.697518;190-0-175-100.gba.solunet.com.ar;184.107.43.74.http;3433;S;120
15:34:06.697531;190-0-175-100.gba.solunet.com.ar;184.107.43.74.http;3434;S;120
15:34:06.697544;190-0-175-100.gba.solunet.com.ar;184.107.43.74.http;3435;S;120
15:34:06.697557;190-0-175-100.gba.solunet.com.ar;184.107.43.74.http;3436;S;120
15:34:06.697571;190-0-175-100.gba.solunet.com.ar;184.107.43.74.http;3437;S;120
15:34:06.697584;190-0-175-100.gba.solunet.com.ar;184.107.43.74.http;3438;S;120
15:34:06.697597;190-0-175-100.gba.solunet.com.ar;184.107.43.74.http;3439;S;120
15:34:06.697611;190-0-175-100.gba.solunet.com.ar;184.107.43.74.http;3440;S;120
15:34:06.697624;190-0-175-100.gba.solunet.com.ar;184.107.43.74.http;3441;S;120
15:34:06.697637;190-0-175-100.gba.solunet.com.ar;184.107.43.74.http;3442;S;120
15:34:06.697659;190-0-175-100.gba.solunet.com.ar;184.107.43.74.http;3443;S;120
15:34:06.697675;190-0-175-100.gba.solunet.com.ar;184.107.43.74.http;3444;S;120
15:34:06.697691;190-0-175-100.gba.solunet.com.ar;184.107.43.74.http;3445;S;120
15:34:06.697707;190-0-175-100.gba.solunet.com.ar;184.107.43.74.http;3446;S;120
15:34:06.697723;190-0-175-100.gba.solunet.com.ar;184.107.43.74.http;3447;S;120
15:34:06.697739;190-0-175-100.gba.solunet.com.ar;184.107.43.74.http;3448;S;120
15:34:06.697754;190-0-175-100.gba.solunet.com.ar;184.107.43.74.http;3449;S;120
15:34:06.697770;190-0-175-100.gba.solunet.com.ar;184.107.43.74.http;3450;S;120
15:34:06.697786;190-0-175-100.gba.solunet.com.ar;184.107.43.74.http;3451;S;120
15:34:06.697801;190-0-175-100.gba.solunet.com.ar;184.107.43.74.http;3452;S;120
15:34:06.697817;190-0-175-100.gba.solunet.com.ar;184.107.43.74.http;3453;S;120
15:34:06.697833;190-0-175-100.gba.solunet.com.ar;184.107.43.74.http;3454;S;120
15:34:06.697846;190-0-175-100.gba.solunet.com.ar;184.107.43.74.http;3455;S;120
15:34:06.697859;190-0-175-100.gba.solunet.com.ar;184.107.43.74.http;3456;S;120
15:34:06.697872;190-0-175-100.gba.solunet.com.ar;184.107.43.74.http;3457;S;120
15:34:06.697885;190-0-175-100.gba.solunet.com.ar;184.107.43.74.http;3458;S;120
15:34:06.697899;190-0-175-100.gba.solunet.com.ar;184.107.43.74.http;3459;S;120
15:34:06.697912;190-0-175-100.gba.solunet.com.ar;184.107.43.74.http;3460;S;120
15:34:06.697925;190-0-175-100.gba.solunet.com.ar;184.107.43.74.http;3461;S;120
15:34:06.697938;190-0-175-100.gba.solunet.com.ar;184.107.43.74.http;3462;S;120
15:34:06.697952;190-0-175-100.gba.solunet.com.ar;184.107.43.74.http;3463;S;120
15:34:06.697965;190-0-175-100.gba.solunet.com.ar;184.107.43.74.http;3464;S;120
15:34:06.697978;190-0-175-100.gba.solunet.com.ar;184.107.43.74.http;3465;S;120
15:34:06.697991;190-0-175-100.gba.solunet.com.ar;184.107.43.74.http;3466;S;120
15:34:06.698004;190-0-175-100.gba.solunet.com.ar;184.107.43.74.http;3467;S;120
15:34:06.698017;190-0-175-100.gba.solunet.com.ar;184.107.43.74.http;3468;S;120
15:34:06.698030;190-0-175-100.gba.solunet.com.ar;184.107.43.74.http;3469;S;120
15:34:06.698043;190-0-175-100.gba.solunet.com.ar;184.107.43.74.http;3470;S;120
15:34:06.698057;190-0-175-100.gba.solunet.com.ar;184.107.43.74.http;3471;S;120
15:34:06.698070;190-0-175-100.gba.solunet.com.ar;184.107.43.74.http;3472;S;120
15:34:06.698083;190-0-175-100.gba.solunet.com.ar;184.107.43.74.http;3473;S;120
15:34:06.698096;190-0-175-100.gba.solunet.com.ar;184.107.43.74.http;3474;S;120
15:34:06.698109;190-0-175-100.gba.solunet.com.ar;184.107.43.74.http;3475;S;120
15:34:06.698122;190-0-175-100.gba.solunet.com.ar;184.107.43.74.http;3476;S;120
15:34:06.698135;190-0-175-100.gba.solunet.com.ar;184.107.43.74.http;3477;S;120
15:34:06.698148;190-0-175-100.gba.solunet.com.ar;184.107.43.74.http;3478;S;120
15:34:06.698161;190-0-175-100.gba.solunet.com.ar;184.107.43.74.http;3479;S;120
15:34:06.698174;190-0-175-100.gba.solunet.com.ar;184.107.43.74.http;3480;S;120
15:34:06.698188;190-0-175-100.gba.solunet.com.ar;184.107.43.74.http;3481;S;120
15:34:06.698201;190-0-175-100.gba.solunet.com.ar;184.107.43.74.http;3482;S;120
15:34:06.698214;190-0-175-100.gba.solunet.com.ar;184.107.43.74.http;3483;S;120
15:34:06.698227;190-0-175-100.gba.solunet.com.ar;184.107.43.74.http;3484;S;120
15:34:06.698240;190-0-175-100.gba.solunet.com.ar;184.107.43.74.http;3485;S;120
15:34:06.698253;190-0-175-100.gba.solunet.com.ar;184.107.43.74.http;3486;S;120
15:34:06.698266;190-0-175-100.gba.solunet.com.ar;184.107.43.74.http;3487;S;120
15:34:06.698279;190-0-175-100.gba.solunet.com.ar;184.107.43.74.http;3488;S;120
15:34:06.698292;190-0-175-100.gba.solunet.com.ar;184.107.43.74.http;3489;S;120
15:34:06.698305;190-0-175-100.gba.solunet.com.ar;184.107.43.74.http;3490;S;120
15:34:06.698319;190-0-175-100.gba.solunet.com.ar;184.107.43.74.http;3491;S;120
15:34:06.698332;190-0-175-100.gba.solunet.com.ar;184.107.43.74.http;3492;S;120
15:34:06.698345;190-0-175-100.gba.solunet.com.ar.nut;184.107.43.74.http;vide;S;120
15:34:06.698359;190-0-175-100.gba.solunet.com.ar;184.107.43.74.http;3494;S;120
15:34:06.698372;190-0-175-100.gba.solunet.com.ar;184.107.43.74.http;3495;S;120
15:34:06.698393;190-0-175-100.gba.solunet.com.ar;184.107.43.74.http;3496;S;120
15:34:06.698409;190-0-175-100.gba.solunet.com.ar;184.107.43.74.http;3497;S;120
15:34:06.698424;190-0-175-100.gba.solunet.com.ar;184.107.43.74.http;3498;S;120
15:34:06.698440;190-0-175-100.gba.solunet.com.ar;184.107.43.74.http;3499;S;120
15:34:06.698455;190-0-175-100.gba.solunet.com.ar;184.107.43.74.http;3500;S;120
15:34:06.698471;190-0-175-100.gba.solunet.com.ar;184.107.43.74.http;3501;S;120
15:34:06.698487;190-0-175-100.gba.solunet.com.ar;184.107.43.74.http;3502;S;120
15:34:06.698502;190-0-175-100.gba.solunet.com.ar;184.107.43.74.http;3503;S;120
15:34:06.698518;190-0-175-100.gba.solunet.com.ar;184.107.43.74.http;3504;S;120
15:34:06.698533;190-0-175-100.gba.solunet.com.ar;184.107.43.74.http;3505;S;120
15:34:06.698549;190-0-175-100.gba.solunet.com.ar;184.107.43.74.http;3506;S;120
15:34:06.698565;190-0-175-100.gba.solunet.com.ar;184.107.43.74.http;3507;S;120
15:34:06.698580;190-0-175-100.gba.solunet.com.ar;184.107.43.74.http;3508;S;120
15:34:06.698593;190-0-175-100.gba.solunet.com.ar;184.107.43.74.http;3509;S;120
15:34:06.698606;190-0-175-100.gba.solunet.com.ar;184.107.43.74.http;3510;S;120
15:34:06.698620;190-0-175-100.gba.solunet.com.ar;184.107.43.74.http;3511;S;120
15:34:06.698633;190-0-175-100.gba.solunet.com.ar;184.107.43.74.http;3512;S;120
15:34:06.698646;190-0-175-100.gba.solunet.com.ar;184.107.43.74.http;3513;S;120
15:34:06.698659;190-0-175-100.gba.solunet.com.ar;184.107.43.74.http;3514;S;120
15:34:06.698672;190-0-175-100.gba.solunet.com.ar;184.107.43.74.http;3515;S;120
15:34:06.698685;190-0-175-100.gba.solunet.com.ar;184.107.43.74.http;3516;S;120
15:34:06.698698;190-0-175-100.gba.solunet.com.ar;184.107.43.74.http;3517;S;120
15:34:06.698711;190-0-175-100.gba.solunet.com.ar;184.107.43.74.http;3518;S;120
15:34:06.698725;190-0-175-100.gba.solunet.com.ar;184.107.43.74.http;3519;S;120
15:34:06.698738;190-0-175-100.gba.solunet.com.ar;184.107.43.74.http;3520;S;120
15:34:06.698751;190-0-175-100.gba.solunet.com.ar;184.107.43.74.http;3521;S;120
15:34:06.698764;190-0-175-100.gba.solunet.com.ar;184.107.43.74.http;3522;S;120
15:34:06.698777;190-0-175-100.gba.solunet.com.ar;184.107.43.74.http;3523;S;120
15:34:06.698790;190-0-175-100.gba.solunet.com.ar;184.107.43.74.http;3524;S;120
15:34:06.698803;190-0-175-100.gba.solunet.com.ar;184.107.43.74.http;3525;S;120
15:34:06.698816;190-0-175-100.gba.solunet.com.ar;184.107.43.74.http;3526;S;120
15:34:06.698830;190-0-175-100.gba.solunet.com.ar;184.107.43.74.http;3527;S;120
15:34:06.698843;190-0-175-100.gba.solunet.com.ar;184.107.43.74.http;3528;S;120
15:34:06.698856;190-0-175-100.gba.solunet.com.ar;184.107.43.74.http;3529;S;120
15:34:06.698869;190-0-175-100.gba.solunet.com.ar;184.107.43.74.http;3530;S;120
15:34:06.698882;190-0-175-100.gba.solunet.com.ar;184.107.43.74.http;3531;S;120
15:34:06.698895;190-0-175-100.gba.solunet.com.ar;184.107.43.74.http;3532;S;120
15:34:06.698908;190-0-175-100.gba.solunet.com.ar;184.107.43.74.http;3533;S;120
15:34:06.698921;190-0-175-100.gba.solunet.com.ar;184.107.43.74.http;3534;S;120
15:34:06.698934;190-0-175-100.gba.solunet.com.ar;184.107.43.74.http;3535;S;120
15:34:06.698947;190-0-175-100.gba.solunet.com.ar;184.107.43.74.http;3536;S;120
15:34:06.698961;190-0-175-100.gba.solunet.com.ar;184.107.43.74.http;3537;S;120
15:34:06.698974;190-0-175-100.gba.solunet.com.ar;184.107.43.74.http;3538;S;120
15:34:06.698987;190-0-175-100.gba.solunet.com.ar;184.107.43.74.http;3539;S;120
15:34:06.699000;190-0-175-100.gba.solunet.com.ar;184.107.43.74.http;3540;S;120
15:34:06.699013;190-0-175-100.gba.solunet.com.ar;184.107.43.74.http;3541;S;120
15:34:06.699026;190-0-175-100.gba.solunet.com.ar;184.107.43.74.http;3542;S;120
15:34:06.699039;190-0-175-100.gba.solunet.com.ar;184.107.43.74.http;3543;S;120
15:34:06.699052;190-0-175-100.gba.solunet.com.ar;184.107.43.74.http;3544;S;120
15:34:06.699065;190-0-175-100.gba.solunet.com.ar;184.107.43.74.http;3545;S;120
15:34:06.699079;190-0-175-100.gba.solunet.com.ar;184.107.43.74.http;3546;S;120
15:34:06.699092;190-0-175-100.gba.solunet.com.ar;184.107.43.74.http;3547;S;120
15:34:06.699105;190-0-175-100.gba.solunet.com.ar;184.107.43.74.http;3548;S;120
15:34:06.699126;190-0-175-100.gba.solunet.com.ar;184.107.43.74.http;3549;S;120
15:34:06.699142;190-0-175-100.gba.solunet.com.ar;184.107.43.74.http;3550;S;120
15:34:06.699157;190-0-175-100.gba.solunet.com.ar;184.107.43.74.http;3551;S;120
15:34:06.699173;190-0-175-100.gba.solunet.com.ar;184.107.43.74.http;3552;S;120
15:34:06.699189;190-0-175-100.gba.solunet.com.ar;184.107.43.74.http;3553;S;120
15:34:06.699204;190-0-175-100.gba.solunet.com.ar;184.107.43.74.http;3554;S;120
15:34:06.699220;190-0-175-100.gba.solunet.com.ar;184.107.43.74.http;3555;S;120
15:34:06.699235;190-0-175-100.gba.solunet.com.ar;184.107.43.74.http;3556;S;120
15:34:06.699251;190-0-175-100.gba.solunet.com.ar;184.107.43.74.http;3557;S;120
15:34:06.699267;190-0-175-100.gba.solunet.com.ar;184.107.43.74.http;3558;S;120
15:34:06.699283;190-0-175-100.gba.solunet.com.ar;184.107.43.74.http;3559;S;120
15:34:06.699299;190-0-175-100.gba.solunet.com.ar;184.107.43.74.http;3560;S;120
15:34:06.699314;190-0-175-100.gba.solunet.com.ar;184.107.43.74.http;3561;S;120
15:34:06.699330;190-0-175-100.gba.solunet.com.ar;184.107.43.74.http;3562;S;120
15:34:06.699343;190-0-175-100.gba.solunet.com.ar;184.107.43.74.http;3563;S;120
15:34:06.699356;190-0-175-100.gba.solunet.com.ar;184.107.43.74.http;3564;S;120
15:34:06.699369;190-0-175-100.gba.solunet.com.ar;184.107.43.74.http;3565;S;120
15:34:06.699382;190-0-175-100.gba.solunet.com.ar;184.107.43.74.http;3566;S;120
15:34:06.699395;190-0-175-100.gba.solunet.com.ar;184.107.43.74.http;3567;S;120
15:34:06.699408;190-0-175-100.gba.solunet.com.ar;184.107.43.74.http;3568;S;120
15:34:06.699421;190-0-175-100.gba.solunet.com.ar;184.107.43.74.http;3569;S;120
15:34:06.699434;190-0-175-100.gba.solunet.com.ar;184.107.43.74.http;3570;S;120
15:34:06.699447;190-0-175-100.gba.solunet.com.ar;184.107.43.74.http;3571;S;120
15:34:06.699460;190-0-175-100.gba.solunet.com.ar;184.107.43.74.http;3572;S;120
15:34:06.699473;190-0-175-100.gba.solunet.com.ar;184.107.43.74.http;3573;S;120
15:34:06.699487;190-0-175-100.gba.solunet.com.ar;184.107.43.74.http;3574;S;120
15:34:06.699500;190-0-175-100.gba.solunet.com.ar;184.107.43.74.http;3575;S;120
15:34:06.699513;190-0-175-100.gba.solunet.com.ar;184.107.43.74.http;3576;S;120
15:34:06.699526;190-0-175-100.gba.solunet.com.ar;184.107.43.74.http;3577;S;120
15:34:06.699539;190-0-175-100.gba.solunet.com.ar;184.107.43.74.http;3578;S;120
15:34:06.699552;190-0-175-100.gba.solunet.com.ar;184.107.43.74.http;3579;S;120
15:34:06.699565;190-0-175-100.gba.solunet.com.ar;184.107.43.74.http;3580;S;120
15:34:06.699578;190-0-175-100.gba.solunet.com.ar;184.107.43.74.http;3581;S;120
15:34:06.699591;190-0-175-100.gba.solunet.com.ar;184.107.43.74.http;3582;S;120
15:34:06.699604;190-0-175-100.gba.solunet.com.ar;184.107.43.74.http;3583;S;120
15:34:06.699618;190-0-175-100.gba.solunet.com.ar;184.107.43.74.http;3584;S;120
15:34:06.699631;190-0-175-100.gba.solunet.com.ar;184.107.43.74.http;3585;S;120
15:34:06.699644;190-0-175-100.gba.solunet.com.ar;184.107.43.74.http;3586;S;120
15:34:06.699657;190-0-175-100.gba.solunet.com.ar;184.107.43.74.http;3587;S;120
15:34:06.699670;190-0-175-100.gba.solunet.com.ar;184.107.43.74.http;3588;S;120
15:34:06.699683;190-0-175-100.gba.solunet.com.ar;184.107.43.74.http;3589;S;120
15:34:06.699696;190-0-175-100.gba.solunet.com.ar;184.107.43.74.http;3590;S;120
15:34:06.699710;190-0-175-100.gba.solunet.com.ar;184.107.43.74.http;3591;S;120
15:34:06.699723;190-0-175-100.gba.solunet.com.ar;184.107.43.74.http;3592;S;120
15:34:06.699736;190-0-175-100.gba.solunet.com.ar;184.107.43.74.http;3593;S;120
15:34:06.699749;190-0-175-100.gba.solunet.com.ar;184.107.43.74.http;3594;S;120
15:34:06.699762;190-0-175-100.gba.solunet.com.ar;184.107.43.74.http;3595;S;120
15:34:06.699775;190-0-175-100.gba.solunet.com.ar;184.107.43.74.http;3596;S;120
15:34:06.699788;190-0-175-100.gba.solunet.com.ar;184.107.43.74.http;3597;S;120
15:34:06.699801;190-0-175-100.gba.solunet.com.ar;184.107.43.74.http;3598;S;120
15:34:06.699814;190-0-175-100.gba.solunet.com.ar;184.107.43.74.http;3599;S;120
15:34:06.699828;190-0-175-100.gba.solunet.com.ar;184.107.43.74.http;3600;S;120
15:34:06.699841;190-0-175-100.gba.solunet.com.ar;184.107.43.74.http;3601;S;120
15:34:06.699861;190-0-175-100.gba.solunet.com.ar;184.107.43.74.http;3602;S;120
15:34:06.699878;190-0-175-100.gba.solunet.com.ar;184.107.43.74.http;3603;S;120
15:34:06.699893;190-0-175-100.gba.solunet.com.ar;184.107.43.74.http;3604;S;120
15:34:06.699909;190-0-175-100.gba.solunet.com.ar;184.107.43.74.http;3605;S;120
15:34:06.699925;190-0-175-100.gba.solunet.com.ar;184.107.43.74.http;3606;S;120
15:34:06.699940;190-0-175-100.gba.solunet.com.ar;184.107.43.74.http;3607;S;120
15:34:06.699956;190-0-175-100.gba.solunet.com.ar;184.107.43.74.http;3608;S;120
15:34:06.699971;190-0-175-100.gba.solunet.com.ar;184.107.43.74.http;3609;S;120
15:34:06.699987;190-0-175-100.gba.solunet.com.ar;184.107.43.74.http;3610;S;120
15:34:06.700002;190-0-175-100.gba.solunet.com.ar;184.107.43.74.http;3611;S;120
15:34:06.700018;190-0-175-100.gba.solunet.com.ar;184.107.43.74.http;3612;S;120
15:34:06.700034;190-0-175-100.gba.solunet.com.ar;184.107.43.74.http;3613;S;120
15:34:06.700049;190-0-175-100.gba.solunet.com.ar;184.107.43.74.http;3614;S;120
15:34:06.700065;190-0-175-100.gba.solunet.com.ar;184.107.43.74.http;3615;S;120
15:34:06.700080;190-0-175-100.gba.solunet.com.ar;184.107.43.74.http;3616;S;120
15:34:06.700093;190-0-175-100.gba.solunet.com.ar;184.107.43.74.http;3617;S;120
15:34:06.700106;190-0-175-100.gba.solunet.com.ar;184.107.43.74.http;3618;S;120
15:34:06.700119;190-0-175-100.gba.solunet.com.ar;184.107.43.74.http;3619;S;120
15:34:06.700133;190-0-175-100.gba.solunet.com.ar;184.107.43.74.http;3620;S;120
15:34:06.700146;190-0-175-100.gba.solunet.com.ar;184.107.43.74.http;3621;S;120
15:34:06.700159;190-0-175-100.gba.solunet.com.ar;184.107.43.74.http;3622;S;120
15:34:06.700172;190-0-175-100.gba.solunet.com.ar;184.107.43.74.http;3623;S;120
15:34:06.700185;190-0-175-100.gba.solunet.com.ar;184.107.43.74.http;3624;S;120
15:34:06.700199;190-0-175-100.gba.solunet.com.ar;184.107.43.74.http;3625;S;120
15:34:06.700212;190-0-175-100.gba.solunet.com.ar;184.107.43.74.http;3626;S;120
15:34:06.700225;190-0-175-100.gba.solunet.com.ar;184.107.43.74.http;3627;S;120
15:34:06.700238;190-0-175-100.gba.solunet.com.ar;184.107.43.74.http;3628;S;120
15:34:06.700251;190-0-175-100.gba.solunet.com.ar;184.107.43.74.http;3629;S;120
15:34:06.700264;190-0-175-100.gba.solunet.com.ar;184.107.43.74.http;3630;S;120
15:34:06.700277;190-0-175-100.gba.solunet.com.ar;184.107.43.74.http;3631;S;120
15:34:06.700290;190-0-175-100.gba.solunet.com.ar.distcc;184.107.43.74.http;vide;S;120
15:34:06.700303;190-0-175-100.gba.solunet.com.ar;184.107.43.74.http;3633;S;120
15:34:06.700316;190-0-175-100.gba.solunet.com.ar;184.107.43.74.http;3634;S;120
15:34:06.700329;190-0-175-100.gba.solunet.com.ar;184.107.43.74.http;3635;S;120
15:34:06.700342;190-0-175-100.gba.solunet.com.ar;184.107.43.74.http;3636;S;120
15:34:06.700355;190-0-175-100.gba.solunet.com.ar;184.107.43.74.http;3637;S;120
15:34:06.700369;190-0-175-100.gba.solunet.com.ar;184.107.43.74.http;3638;S;120
15:34:06.700381;190-0-175-100.gba.solunet.com.ar;184.107.43.74.http;3639;S;120
15:34:06.700395;190-0-175-100.gba.solunet.com.ar;184.107.43.74.http;3640;S;120
15:34:06.700408;190-0-175-100.gba.solunet.com.ar;184.107.43.74.http;3641;S;120
15:34:06.700421;190-0-175-100.gba.solunet.com.ar;184.107.43.74.http;3642;S;120
15:34:06.700434;190-0-175-100.gba.solunet.com.ar;184.107.43.74.http;3643;S;120
15:34:06.700447;190-0-175-100.gba.solunet.com.ar;184.107.43.74.http;3644;S;120
15:34:06.700460;190-0-175-100.gba.solunet.com.ar;184.107.43.74.http;3645;S;120
15:34:06.700473;190-0-175-100.gba.solunet.com.ar;184.107.43.74.http;3646;S;120
15:34:06.700486;190-0-175-100.gba.solunet.com.ar;184.107.43.74.http;3647;S;120
15:34:06.700499;190-0-175-100.gba.solunet.com.ar;184.107.43.74.http;3648;S;120
15:34:06.700512;190-0-175-100.gba.solunet.com.ar;184.107.43.74.http;3649;S;120
15:34:06.700525;190-0-175-100.gba.solunet.com.ar;184.107.43.74.http;3650;S;120
15:34:06.700538;190-0-175-100.gba.solunet.com.ar;184.107.43.74.http;3651;S;120
15:34:06.700551;190-0-175-100.gba.solunet.com.ar;184.107.43.74.http;3652;S;120
15:34:06.700564;190-0-175-100.gba.solunet.com.ar;184.107.43.74.http;3653;S;120
15:34:06.700578;190-0-175-100.gba.solunet.com.ar;184.107.43.74.http;3654;S;120
15:34:06.700599;190-0-175-100.gba.solunet.com.ar;184.107.43.74.http;3655;S;120
15:34:06.700614;190-0-175-100.gba.solunet.com.ar;184.107.43.74.http;3656;S;120
15:34:06.700630;190-0-175-100.gba.solunet.com.ar;184.107.43.74.http;3657;S;120
15:34:06.700645;190-0-175-100.gba.solunet.com.ar;184.107.43.74.http;3658;S;120
15:34:06.700661;190-0-175-100.gba.solunet.com.ar;184.107.43.74.http;3659;S;120
15:34:06.700677;190-0-175-100.gba.solunet.com.ar;184.107.43.74.http;3660;S;120
15:34:06.700692;190-0-175-100.gba.solunet.com.ar;184.107.43.74.http;3661;S;120
15:34:06.700708;190-0-175-100.gba.solunet.com.ar;184.107.43.74.http;3662;S;120
15:34:06.700729;190-0-175-100.gba.solunet.com.ar;184.107.43.74.http;3663;S;120
15:34:06.700746;190-0-175-100.gba.solunet.com.ar;184.107.43.74.http;3664;S;120
15:34:06.700762;190-0-175-100.gba.solunet.com.ar;184.107.43.74.http;3665;S;120
15:34:06.700777;190-0-175-100.gba.solunet.com.ar;184.107.43.74.http;3666;S;120
15:34:06.700793;190-0-175-100.gba.solunet.com.ar;184.107.43.74.http;3667;S;120
15:34:06.700808;190-0-175-100.gba.solunet.com.ar;184.107.43.74.http;3668;S;120
15:34:06.700824;190-0-175-100.gba.solunet.com.ar;184.107.43.74.http;3669;S;120
15:34:06.700839;190-0-175-100.gba.solunet.com.ar;184.107.43.74.http;3670;S;120
15:34:06.700852;190-0-175-100.gba.solunet.com.ar;184.107.43.74.http;3671;S;120
15:34:06.700865;190-0-175-100.gba.solunet.com.ar;184.107.43.74.http;3672;S;120
15:34:06.700879;190-0-175-100.gba.solunet.com.ar;184.107.43.74.http;3673;S;120
15:34:06.700892;190-0-175-100.gba.solunet.com.ar;184.107.43.74.http;3674;S;120
15:34:06.700905;190-0-175-100.gba.solunet.com.ar;184.107.43.74.http;3675;S;120
15:34:06.700918;190-0-175-100.gba.solunet.com.ar;184.107.43.74.http;3676;S;120
15:34:06.700931;190-0-175-100.gba.solunet.com.ar;184.107.43.74.http;3677;S;120
15:34:06.700944;190-0-175-100.gba.solunet.com.ar;184.107.43.74.http;3678;S;120
15:34:06.700957;190-0-175-100.gba.solunet.com.ar;184.107.43.74.http;3679;S;120
15:34:06.700970;190-0-175-100.gba.solunet.com.ar;184.107.43.74.http;3680;S;120
15:34:06.700983;190-0-175-100.gba.solunet.com.ar;184.107.43.74.http;3681;S;120
15:34:06.700996;190-0-175-100.gba.solunet.com.ar;184.107.43.74.http;3682;S;120
15:34:06.701009;190-0-175-100.gba.solunet.com.ar;184.107.43.74.http;3683;S;120
15:34:06.701022;190-0-175-100.gba.solunet.com.ar;184.107.43.74.http;3684;S;120
15:34:06.701035;190-0-175-100.gba.solunet.com.ar;184.107.43.74.http;3685;S;120
15:34:06.701049;190-0-175-100.gba.solunet.com.ar;184.107.43.74.http;3686;S;120
15:34:06.701062;190-0-175-100.gba.solunet.com.ar;184.107.43.74.http;3687;S;120
15:34:06.701075;190-0-175-100.gba.solunet.com.ar;184.107.43.74.http;3688;S;120
15:34:06.701088;190-0-175-100.gba.solunet.com.ar.daap;184.107.43.74.http;vide;S;120
15:34:06.701101;190-0-175-100.gba.solunet.com.ar.svn;184.107.43.74.http;vide;S;120
15:34:06.701114;190-0-175-100.gba.solunet.com.ar;184.107.43.74.http;3691;S;120
15:34:06.701127;190-0-175-100.gba.solunet.com.ar;184.107.43.74.http;3692;S;120
15:34:06.701140;190-0-175-100.gba.solunet.com.ar;184.107.43.74.http;3693;S;120
15:34:06.701153;190-0-175-100.gba.solunet.com.ar;184.107.43.74.http;3694;S;120
15:34:06.701166;190-0-175-100.gba.solunet.com.ar;184.107.43.74.http;3695;S;120
15:34:06.701179;190-0-175-100.gba.solunet.com.ar;184.107.43.74.http;3696;S;120
15:34:06.701192;190-0-175-100.gba.solunet.com.ar;184.107.43.74.http;3697;S;120
15:34:06.701205;190-0-175-100.gba.solunet.com.ar;184.107.43.74.http;3698;S;120
15:34:06.701218;190-0-175-100.gba.solunet.com.ar;184.107.43.74.http;3699;S;120
15:34:06.701231;190-0-175-100.gba.solunet.com.ar;184.107.43.74.http;3700;S;120
15:34:06.701244;190-0-175-100.gba.solunet.com.ar;184.107.43.74.http;3701;S;120
15:34:06.701258;190-0-175-100.gba.solunet.com.ar;184.107.43.74.http;3702;S;120
15:34:06.701271;190-0-175-100.gba.solunet.com.ar;184.107.43.74.http;3703;S;120
15:34:06.701284;190-0-175-100.gba.solunet.com.ar;184.107.43.74.http;3704;S;120
15:34:06.701297;190-0-175-100.gba.solunet.com.ar;184.107.43.74.http;3705;S;120
15:34:06.701310;190-0-175-100.gba.solunet.com.ar;184.107.43.74.http;3706;S;120
15:34:06.701323;190-0-175-100.gba.solunet.com.ar;184.107.43.74.http;3707;S;120
15:34:06.701343;190-0-175-100.gba.solunet.com.ar;184.107.43.74.http;3708;S;120
15:34:06.701359;190-0-175-100.gba.solunet.com.ar;184.107.43.74.http;3709;S;120
15:34:06.701374;190-0-175-100.gba.solunet.com.ar;184.107.43.74.http;3710;S;120
15:34:06.701387;192.168.190.130;BP-Linux8.ssh;50245;.;0
15:34:06.701398;190-0-175-100.gba.solunet.com.ar;184.107.43.74.http;3711;S;120
15:34:06.701414;190-0-175-100.gba.solunet.com.ar;184.107.43.74.http;3712;S;120
15:34:06.701430;190-0-175-100.gba.solunet.com.ar;184.107.43.74.http;3713;S;120
15:34:06.701446;190-0-175-100.gba.solunet.com.ar;184.107.43.74.http;3714;S;120
15:34:06.701452;192.168.190.130;BP-Linux8.ssh;50245;.;0
15:34:06.701464;190-0-175-100.gba.solunet.com.ar;184.107.43.74.http;3715;S;120
15:34:06.701480;190-0-175-100.gba.solunet.com.ar;184.107.43.74.http;3716;S;120
15:34:06.701496;190-0-175-100.gba.solunet.com.ar;184.107.43.74.http;3717;S;120
15:34:06.701511;190-0-175-100.gba.solunet.com.ar;184.107.43.74.http;3718;S;120
15:34:06.701527;190-0-175-100.gba.solunet.com.ar;184.107.43.74.http;3719;S;120
15:34:06.701543;190-0-175-100.gba.solunet.com.ar;184.107.43.74.http;3720;S;120
15:34:06.701558;190-0-175-100.gba.solunet.com.ar;184.107.43.74.http;3721;S;120
15:34:06.701574;190-0-175-100.gba.solunet.com.ar;184.107.43.74.http;3722;S;120
15:34:06.701590;190-0-175-100.gba.solunet.com.ar;184.107.43.74.http;3723;S;120
15:34:06.701605;190-0-175-100.gba.solunet.com.ar;184.107.43.74.http;3724;S;120
15:34:06.701618;190-0-175-100.gba.solunet.com.ar;184.107.43.74.http;3725;S;120
15:34:06.701631;190-0-175-100.gba.solunet.com.ar;184.107.43.74.http;3726;S;120
15:34:06.701645;190-0-175-100.gba.solunet.com.ar;184.107.43.74.http;3727;S;120
15:34:06.701658;190-0-175-100.gba.solunet.com.ar;184.107.43.74.http;3728;S;120
15:34:06.701671;190-0-175-100.gba.solunet.com.ar;184.107.43.74.http;3729;S;120
15:34:06.701684;190-0-175-100.gba.solunet.com.ar;184.107.43.74.http;3730;S;120
15:34:06.701697;190-0-175-100.gba.solunet.com.ar;184.107.43.74.http;3731;S;120
15:34:06.701718;190-0-175-100.gba.solunet.com.ar;184.107.43.74.http;3732;S;120
15:34:06.701732;190-0-175-100.gba.solunet.com.ar;184.107.43.74.http;3733;S;120
15:34:06.701745;190-0-175-100.gba.solunet.com.ar;184.107.43.74.http;3734;S;120
15:34:06.701758;190-0-175-100.gba.solunet.com.ar;184.107.43.74.http;3735;S;120
15:34:06.701771;190-0-175-100.gba.solunet.com.ar;184.107.43.74.http;3736;S;120
15:34:06.701784;190-0-175-100.gba.solunet.com.ar;184.107.43.74.http;3737;S;120
15:34:06.701797;190-0-175-100.gba.solunet.com.ar;184.107.43.74.http;3738;S;120
15:34:06.701810;190-0-175-100.gba.solunet.com.ar;184.107.43.74.http;3739;S;120
15:34:06.701824;190-0-175-100.gba.solunet.com.ar;184.107.43.74.http;3740;S;120
15:34:06.701837;190-0-175-100.gba.solunet.com.ar;184.107.43.74.http;3741;S;120
15:34:06.701850;190-0-175-100.gba.solunet.com.ar;184.107.43.74.http;3742;S;120
15:34:06.701863;190-0-175-100.gba.solunet.com.ar;184.107.43.74.http;3743;S;120
15:34:06.701876;190-0-175-100.gba.solunet.com.ar;184.107.43.74.http;3744;S;120
15:34:06.701889;190-0-175-100.gba.solunet.com.ar;184.107.43.74.http;3745;S;120
15:34:06.701902;190-0-175-100.gba.solunet.com.ar;184.107.43.74.http;3746;S;120
15:34:06.701915;190-0-175-100.gba.solunet.com.ar;184.107.43.74.http;3747;S;120
15:34:06.701928;190-0-175-100.gba.solunet.com.ar;184.107.43.74.http;3748;S;120
15:34:06.701941;190-0-175-100.gba.solunet.com.ar;184.107.43.74.http;3749;S;120
15:34:06.701954;190-0-175-100.gba.solunet.com.ar;184.107.43.74.http;3750;S;120
15:34:06.701967;190-0-175-100.gba.solunet.com.ar;184.107.43.74.http;3751;S;120
15:34:06.701980;190-0-175-100.gba.solunet.com.ar;184.107.43.74.http;3752;S;120
15:34:06.701993;190-0-175-100.gba.solunet.com.ar;184.107.43.74.http;3753;S;120
15:34:06.702006;190-0-175-100.gba.solunet.com.ar;184.107.43.74.http;3754;S;120
15:34:06.702019;190-0-175-100.gba.solunet.com.ar;184.107.43.74.http;3755;S;120
15:34:06.702032;190-0-175-100.gba.solunet.com.ar;184.107.43.74.http;3756;S;120
15:34:06.702045;190-0-175-100.gba.solunet.com.ar;184.107.43.74.http;3757;S;120
15:34:06.702058;190-0-175-100.gba.solunet.com.ar;184.107.43.74.http;3758;S;120
15:34:06.702071;190-0-175-100.gba.solunet.com.ar;184.107.43.74.http;3759;S;120
15:34:06.702084;190-0-175-100.gba.solunet.com.ar;184.107.43.74.http;3760;S;120
15:34:06.702097;190-0-175-100.gba.solunet.com.ar;184.107.43.74.http;3761;S;120
15:34:06.702111;190-0-175-100.gba.solunet.com.ar;184.107.43.74.http;3762;S;120
15:34:06.702124;190-0-175-100.gba.solunet.com.ar;184.107.43.74.http;3763;S;120
15:34:06.702137;190-0-175-100.gba.solunet.com.ar;184.107.43.74.http;3764;S;120
15:34:06.702150;190-0-175-100.gba.solunet.com.ar;184.107.43.74.http;3765;S;120
15:34:06.702162;190-0-175-100.gba.solunet.com.ar;184.107.43.74.http;3766;S;120
15:34:06.702176;190-0-175-100.gba.solunet.com.ar;184.107.43.74.http;3767;S;120
15:34:06.702197;190-0-175-100.gba.solunet.com.ar;184.107.43.74.http;3768;S;120
15:34:06.702213;190-0-175-100.gba.solunet.com.ar;184.107.43.74.http;3769;S;120
15:34:06.702228;190-0-175-100.gba.solunet.com.ar;184.107.43.74.http;3770;S;120
15:34:06.702244;190-0-175-100.gba.solunet.com.ar;184.107.43.74.http;3771;S;120
15:34:06.702259;190-0-175-100.gba.solunet.com.ar;184.107.43.74.http;3772;S;120
15:34:06.702275;190-0-175-100.gba.solunet.com.ar;184.107.43.74.http;3773;S;120
15:34:06.702290;190-0-175-100.gba.solunet.com.ar;184.107.43.74.http;3774;S;120
15:34:06.702306;190-0-175-100.gba.solunet.com.ar;184.107.43.74.http;3775;S;120
15:34:06.702321;190-0-175-100.gba.solunet.com.ar;184.107.43.74.http;3776;S;120
15:34:06.702337;190-0-175-100.gba.solunet.com.ar;184.107.43.74.http;3777;S;120
15:34:06.702353;190-0-175-100.gba.solunet.com.ar;184.107.43.74.http;3778;S;120
15:34:06.702366;190-0-175-100.gba.solunet.com.ar;184.107.43.74.http;3779;S;120
15:34:06.702379;190-0-175-100.gba.solunet.com.ar;184.107.43.74.http;3780;S;120
15:34:06.702392;190-0-175-100.gba.solunet.com.ar;184.107.43.74.http;3781;S;120
15:34:06.702405;190-0-175-100.gba.solunet.com.ar;184.107.43.74.http;3782;S;120
15:34:06.702418;190-0-175-100.gba.solunet.com.ar;184.107.43.74.http;3783;S;120
15:34:06.702431;190-0-175-100.gba.solunet.com.ar;184.107.43.74.http;3784;S;120
15:34:06.702444;190-0-175-100.gba.solunet.com.ar;184.107.43.74.http;3785;S;120
15:34:06.702457;190-0-175-100.gba.solunet.com.ar;184.107.43.74.http;3786;S;120
15:34:06.702470;190-0-175-100.gba.solunet.com.ar;184.107.43.74.http;3787;S;120
15:34:06.702483;190-0-175-100.gba.solunet.com.ar;184.107.43.74.http;3788;S;120
15:34:06.702496;190-0-175-100.gba.solunet.com.ar;184.107.43.74.http;3789;S;120
15:34:06.702509;190-0-175-100.gba.solunet.com.ar;184.107.43.74.http;3790;S;120
15:34:06.702522;190-0-175-100.gba.solunet.com.ar;184.107.43.74.http;3791;S;120
15:34:06.702535;190-0-175-100.gba.solunet.com.ar;184.107.43.74.http;3792;S;120
15:34:06.702548;190-0-175-100.gba.solunet.com.ar;184.107.43.74.http;3793;S;120
15:34:06.702561;190-0-175-100.gba.solunet.com.ar;184.107.43.74.http;3794;S;120
15:34:06.702574;190-0-175-100.gba.solunet.com.ar;184.107.43.74.http;3795;S;120
15:34:06.702587;190-0-175-100.gba.solunet.com.ar;184.107.43.74.http;3796;S;120
15:34:06.702600;190-0-175-100.gba.solunet.com.ar;184.107.43.74.http;3797;S;120
15:34:06.702613;190-0-175-100.gba.solunet.com.ar;184.107.43.74.http;3798;S;120
15:34:06.702626;190-0-175-100.gba.solunet.com.ar;184.107.43.74.http;3799;S;120
15:34:06.702639;190-0-175-100.gba.solunet.com.ar;184.107.43.74.http;3800;S;120
15:34:06.702652;190-0-175-100.gba.solunet.com.ar;184.107.43.74.http;3801;S;120
15:34:06.702666;190-0-175-100.gba.solunet.com.ar;184.107.43.74.http;3802;S;120
15:34:06.702679;190-0-175-100.gba.solunet.com.ar;184.107.43.74.http;3803;S;120
15:34:06.702692;190-0-175-100.gba.solunet.com.ar;184.107.43.74.http;3804;S;120
15:34:06.702705;190-0-175-100.gba.solunet.com.ar;184.107.43.74.http;3805;S;120
15:34:06.702717;190-0-175-100.gba.solunet.com.ar;184.107.43.74.http;3806;S;120
15:34:06.702730;190-0-175-100.gba.solunet.com.ar;184.107.43.74.http;3807;S;120
15:34:06.702743;190-0-175-100.gba.solunet.com.ar;184.107.43.74.http;3808;S;120
15:34:06.702756;190-0-175-100.gba.solunet.com.ar;184.107.43.74.http;3809;S;120
15:34:06.702769;190-0-175-100.gba.solunet.com.ar;184.107.43.74.http;3810;S;120
15:34:06.702782;190-0-175-100.gba.solunet.com.ar;184.107.43.74.http;3811;S;120
15:34:06.702795;190-0-175-100.gba.solunet.com.ar;184.107.43.74.http;3812;S;120
15:34:06.702808;190-0-175-100.gba.solunet.com.ar;184.107.43.74.http;3813;S;120
15:34:06.702821;190-0-175-100.gba.solunet.com.ar;184.107.43.74.http;3814;S;120
15:34:06.702834;190-0-175-100.gba.solunet.com.ar;184.107.43.74.http;3815;S;120
15:34:06.702848;190-0-175-100.gba.solunet.com.ar;184.107.43.74.http;3816;S;120
15:34:06.702861;190-0-175-100.gba.solunet.com.ar;184.107.43.74.http;3817;S;120
15:34:06.702874;190-0-175-100.gba.solunet.com.ar;184.107.43.74.http;3818;S;120
15:34:06.702887;190-0-175-100.gba.solunet.com.ar;184.107.43.74.http;3819;S;120
15:34:06.702900;190-0-175-100.gba.solunet.com.ar;184.107.43.74.http;3820;S;120
15:34:06.702921;190-0-175-100.gba.solunet.com.ar;184.107.43.74.http;3821;S;120
15:34:06.702937;190-0-175-100.gba.solunet.com.ar;184.107.43.74.http;3822;S;120
15:34:06.702953;190-0-175-100.gba.solunet.com.ar;184.107.43.74.http;3823;S;120
15:34:06.702968;190-0-175-100.gba.solunet.com.ar;184.107.43.74.http;3824;S;120
15:34:06.702984;190-0-175-100.gba.solunet.com.ar;184.107.43.74.http;3825;S;120
15:34:06.703000;190-0-175-100.gba.solunet.com.ar;184.107.43.74.http;3826;S;120
15:34:06.703015;190-0-175-100.gba.solunet.com.ar;184.107.43.74.http;3827;S;120
15:34:06.703031;190-0-175-100.gba.solunet.com.ar;184.107.43.74.http;3828;S;120
15:34:06.703047;190-0-175-100.gba.solunet.com.ar;184.107.43.74.http;3829;S;120
15:34:06.703062;190-0-175-100.gba.solunet.com.ar;184.107.43.74.http;3830;S;120
15:34:06.703078;190-0-175-100.gba.solunet.com.ar;184.107.43.74.http;3831;S;120
15:34:06.703093;190-0-175-100.gba.solunet.com.ar;184.107.43.74.http;3832;S;120
15:34:06.703107;190-0-175-100.gba.solunet.com.ar;184.107.43.74.http;3833;S;120
15:34:06.703120;190-0-175-100.gba.solunet.com.ar;184.107.43.74.http;3834;S;120
15:34:06.703133;190-0-175-100.gba.solunet.com.ar;184.107.43.74.http;3835;S;120
15:34:06.703146;190-0-175-100.gba.solunet.com.ar;184.107.43.74.http;3836;S;120
15:34:06.703159;190-0-175-100.gba.solunet.com.ar;184.107.43.74.http;3837;S;120
15:34:06.703172;190-0-175-100.gba.solunet.com.ar;184.107.43.74.http;3838;S;120
15:34:06.703185;190-0-175-100.gba.solunet.com.ar;184.107.43.74.http;3839;S;120
15:34:06.703198;190-0-175-100.gba.solunet.com.ar;184.107.43.74.http;3840;S;120
15:34:06.703211;190-0-175-100.gba.solunet.com.ar;184.107.43.74.http;3841;S;120
15:34:06.703224;190-0-175-100.gba.solunet.com.ar;184.107.43.74.http;3842;S;120
15:34:06.703237;190-0-175-100.gba.solunet.com.ar;184.107.43.74.http;3843;S;120
15:34:06.703250;190-0-175-100.gba.solunet.com.ar;184.107.43.74.http;3844;S;120
15:34:06.703263;190-0-175-100.gba.solunet.com.ar;184.107.43.74.http;3845;S;120
15:34:06.703276;190-0-175-100.gba.solunet.com.ar;184.107.43.74.http;3846;S;120
15:34:06.703289;190-0-175-100.gba.solunet.com.ar;184.107.43.74.http;3847;S;120
15:34:06.703302;190-0-175-100.gba.solunet.com.ar;184.107.43.74.http;3848;S;120
15:34:06.703316;190-0-175-100.gba.solunet.com.ar;184.107.43.74.http;3849;S;120
15:34:06.703329;190-0-175-100.gba.solunet.com.ar;184.107.43.74.http;3850;S;120
15:34:06.703342;190-0-175-100.gba.solunet.com.ar;184.107.43.74.http;3851;S;120
15:34:06.703355;190-0-175-100.gba.solunet.com.ar;184.107.43.74.http;3852;S;120
15:34:06.703368;190-0-175-100.gba.solunet.com.ar;184.107.43.74.http;3853;S;120
15:34:06.703381;190-0-175-100.gba.solunet.com.ar;184.107.43.74.http;3854;S;120
15:34:06.703394;190-0-175-100.gba.solunet.com.ar;184.107.43.74.http;3855;S;120
15:34:06.703407;190-0-175-100.gba.solunet.com.ar;184.107.43.74.http;3856;S;120
15:34:06.703420;190-0-175-100.gba.solunet.com.ar;184.107.43.74.http;3857;S;120
15:34:06.703433;190-0-175-100.gba.solunet.com.ar;184.107.43.74.http;3858;S;120
15:34:06.703446;190-0-175-100.gba.solunet.com.ar;184.107.43.74.http;3859;S;120
15:34:06.703459;190-0-175-100.gba.solunet.com.ar;184.107.43.74.http;3860;S;120
15:34:06.703472;190-0-175-100.gba.solunet.com.ar;184.107.43.74.http;3861;S;120
15:34:06.703485;190-0-175-100.gba.solunet.com.ar;184.107.43.74.http;3862;S;120
15:34:06.703498;190-0-175-100.gba.solunet.com.ar;184.107.43.74.http;3863;S;120
15:34:06.703511;190-0-175-100.gba.solunet.com.ar;184.107.43.74.http;3864;S;120
15:34:06.703524;190-0-175-100.gba.solunet.com.ar;184.107.43.74.http;3865;S;120
15:34:06.703538;190-0-175-100.gba.solunet.com.ar;184.107.43.74.http;3866;S;120
15:34:06.703551;190-0-175-100.gba.solunet.com.ar;184.107.43.74.http;3867;S;120
15:34:06.703564;190-0-175-100.gba.solunet.com.ar;184.107.43.74.http;3868;S;120
15:34:06.703577;190-0-175-100.gba.solunet.com.ar;184.107.43.74.http;3869;S;120
15:34:06.703590;190-0-175-100.gba.solunet.com.ar;184.107.43.74.http;3870;S;120
15:34:06.703604;190-0-175-100.gba.solunet.com.ar;184.107.43.74.http;3871;S;120
15:34:06.703617;190-0-175-100.gba.solunet.com.ar;184.107.43.74.http;3872;S;120
15:34:06.703630;190-0-175-100.gba.solunet.com.ar;184.107.43.74.http;3873;S;120
15:34:06.703651;190-0-175-100.gba.solunet.com.ar;184.107.43.74.http;3874;S;120
15:34:06.703667;190-0-175-100.gba.solunet.com.ar;184.107.43.74.http;3875;S;120
15:34:06.703682;190-0-175-100.gba.solunet.com.ar;184.107.43.74.http;3876;S;120
15:34:06.703698;190-0-175-100.gba.solunet.com.ar;184.107.43.74.http;3877;S;120
15:34:06.703713;190-0-175-100.gba.solunet.com.ar;184.107.43.74.http;3878;S;120
15:34:06.703729;190-0-175-100.gba.solunet.com.ar;184.107.43.74.http;3879;S;120
15:34:06.703745;190-0-175-100.gba.solunet.com.ar;184.107.43.74.http;3880;S;120
15:34:06.703760;190-0-175-100.gba.solunet.com.ar;184.107.43.74.http;3881;S;120
15:34:06.703776;190-0-175-100.gba.solunet.com.ar;184.107.43.74.http;3882;S;120
15:34:06.703792;190-0-175-100.gba.solunet.com.ar;184.107.43.74.http;3883;S;120
15:34:06.703809;190-0-175-100.gba.solunet.com.ar;184.107.43.74.http;3884;S;120
15:34:06.703825;190-0-175-100.gba.solunet.com.ar;184.107.43.74.http;3885;S;120
15:34:06.703841;190-0-175-100.gba.solunet.com.ar;184.107.43.74.http;3886;S;120
15:34:06.703854;190-0-175-100.gba.solunet.com.ar;184.107.43.74.http;3887;S;120
15:34:06.703868;190-0-175-100.gba.solunet.com.ar;184.107.43.74.http;3888;S;120
15:34:06.703882;190-0-175-100.gba.solunet.com.ar;184.107.43.74.http;3889;S;120
15:34:06.703895;190-0-175-100.gba.solunet.com.ar;184.107.43.74.http;3890;S;120
15:34:06.703908;190-0-175-100.gba.solunet.com.ar;184.107.43.74.http;3891;S;120
15:34:06.703921;190-0-175-100.gba.solunet.com.ar;184.107.43.74.http;3892;S;120
15:34:06.703934;190-0-175-100.gba.solunet.com.ar;184.107.43.74.http;3893;S;120
15:34:06.703947;190-0-175-100.gba.solunet.com.ar;184.107.43.74.http;3894;S;120
15:34:06.704004;190-0-175-100.gba.solunet.com.ar;184.107.43.74.http;3895;S;120
15:34:06.704021;190-0-175-100.gba.solunet.com.ar;184.107.43.74.http;3896;S;120
15:34:06.704034;190-0-175-100.gba.solunet.com.ar;184.107.43.74.http;3897;S;120
15:34:06.704048;190-0-175-100.gba.solunet.com.ar;184.107.43.74.http;3898;S;120
15:34:06.704063;190-0-175-100.gba.solunet.com.ar;184.107.43.74.http;3899;S;120
15:34:06.704076;190-0-175-100.gba.solunet.com.ar;184.107.43.74.http;3900;S;120
15:34:06.704089;190-0-175-100.gba.solunet.com.ar;184.107.43.74.http;3901;S;120
15:34:06.704102;190-0-175-100.gba.solunet.com.ar;184.107.43.74.http;3902;S;120
15:34:06.704115;190-0-175-100.gba.solunet.com.ar;184.107.43.74.http;3903;S;120
15:34:06.704128;190-0-175-100.gba.solunet.com.ar;184.107.43.74.http;3904;S;120
15:34:06.704141;190-0-175-100.gba.solunet.com.ar;184.107.43.74.http;3905;S;120
15:34:06.704154;190-0-175-100.gba.solunet.com.ar;184.107.43.74.http;3906;S;120
15:34:06.704167;190-0-175-100.gba.solunet.com.ar;184.107.43.74.http;3907;S;120
15:34:06.704180;190-0-175-100.gba.solunet.com.ar;184.107.43.74.http;3908;S;120
15:34:06.704193;190-0-175-100.gba.solunet.com.ar;184.107.43.74.http;3909;S;120
15:34:06.704207;190-0-175-100.gba.solunet.com.ar;184.107.43.74.http;3910;S;120
15:34:06.704220;190-0-175-100.gba.solunet.com.ar;184.107.43.74.http;3911;S;120
15:34:06.704233;190-0-175-100.gba.solunet.com.ar;184.107.43.74.http;3912;S;120
15:34:06.704246;190-0-175-100.gba.solunet.com.ar;184.107.43.74.http;3913;S;120
15:34:06.704259;190-0-175-100.gba.solunet.com.ar;184.107.43.74.http;3914;S;120
15:34:06.704272;190-0-175-100.gba.solunet.com.ar;184.107.43.74.http;3915;S;120
15:34:06.704285;190-0-175-100.gba.solunet.com.ar;184.107.43.74.http;3916;S;120
15:34:06.704298;190-0-175-100.gba.solunet.com.ar;184.107.43.74.http;3917;S;120
15:34:06.704311;190-0-175-100.gba.solunet.com.ar;184.107.43.74.http;3918;S;120
15:34:06.704324;190-0-175-100.gba.solunet.com.ar;184.107.43.74.http;3919;S;120
15:34:06.704337;190-0-175-100.gba.solunet.com.ar;184.107.43.74.http;3920;S;120
15:34:06.704350;190-0-175-100.gba.solunet.com.ar;184.107.43.74.http;3921;S;120
15:34:06.704363;190-0-175-100.gba.solunet.com.ar;184.107.43.74.http;3922;S;120
15:34:06.704376;190-0-175-100.gba.solunet.com.ar;184.107.43.74.http;3923;S;120
15:34:06.704390;190-0-175-100.gba.solunet.com.ar;184.107.43.74.http;3924;S;120
15:34:06.704403;190-0-175-100.gba.solunet.com.ar;184.107.43.74.http;3925;S;120
15:34:06.704416;190-0-175-100.gba.solunet.com.ar;184.107.43.74.http;3926;S;120
15:34:06.704438;190-0-175-100.gba.solunet.com.ar;184.107.43.74.http;3927;S;120
15:34:06.704454;190-0-175-100.gba.solunet.com.ar;184.107.43.74.http;3928;S;120
15:34:06.704469;190-0-175-100.gba.solunet.com.ar;184.107.43.74.http;3929;S;120
15:34:06.704485;190-0-175-100.gba.solunet.com.ar;184.107.43.74.http;3930;S;120
15:34:06.704501;190-0-175-100.gba.solunet.com.ar;184.107.43.74.http;3931;S;120
15:34:06.704517;190-0-175-100.gba.solunet.com.ar;184.107.43.74.http;3932;S;120
15:34:06.704532;190-0-175-100.gba.solunet.com.ar;184.107.43.74.http;3933;S;120
15:34:06.704548;190-0-175-100.gba.solunet.com.ar;184.107.43.74.http;3934;S;120
15:34:06.704563;190-0-175-100.gba.solunet.com.ar;184.107.43.74.http;3935;S;120
15:34:06.704579;190-0-175-100.gba.solunet.com.ar;184.107.43.74.http;3936;S;120
15:34:06.704595;190-0-175-100.gba.solunet.com.ar;184.107.43.74.http;3937;S;120
15:34:06.704610;190-0-175-100.gba.solunet.com.ar;184.107.43.74.http;3938;S;120
15:34:06.704626;190-0-175-100.gba.solunet.com.ar;184.107.43.74.http;3939;S;120
15:34:06.704641;190-0-175-100.gba.solunet.com.ar;184.107.43.74.http;3940;S;120
15:34:06.704655;190-0-175-100.gba.solunet.com.ar;184.107.43.74.http;3941;S;120
15:34:06.704668;190-0-175-100.gba.solunet.com.ar;184.107.43.74.http;3942;S;120
15:34:06.704681;190-0-175-100.gba.solunet.com.ar;184.107.43.74.http;3943;S;120
15:34:06.704694;190-0-175-100.gba.solunet.com.ar;184.107.43.74.http;3944;S;120
15:34:06.704707;190-0-175-100.gba.solunet.com.ar;184.107.43.74.http;3945;S;120
15:34:06.704728;190-0-175-100.gba.solunet.com.ar;184.107.43.74.http;3946;S;120
15:34:06.704742;190-0-175-100.gba.solunet.com.ar;184.107.43.74.http;3947;S;120
15:34:06.704755;190-0-175-100.gba.solunet.com.ar;184.107.43.74.http;3948;S;120
15:34:06.704768;190-0-175-100.gba.solunet.com.ar;184.107.43.74.http;3949;S;120
15:34:06.704781;190-0-175-100.gba.solunet.com.ar;184.107.43.74.http;3950;S;120
15:34:06.704794;190-0-175-100.gba.solunet.com.ar;184.107.43.74.http;3951;S;120
15:34:06.704807;190-0-175-100.gba.solunet.com.ar;184.107.43.74.http;3952;S;120
15:34:06.704820;190-0-175-100.gba.solunet.com.ar;184.107.43.74.http;3953;S;120
15:34:06.704834;190-0-175-100.gba.solunet.com.ar;184.107.43.74.http;3954;S;120
15:34:06.704847;190-0-175-100.gba.solunet.com.ar;184.107.43.74.http;3955;S;120
15:34:06.704860;190-0-175-100.gba.solunet.com.ar;184.107.43.74.http;3956;S;120
15:34:06.704873;190-0-175-100.gba.solunet.com.ar;184.107.43.74.http;3957;S;120
15:34:06.704886;190-0-175-100.gba.solunet.com.ar;184.107.43.74.http;3958;S;120
15:34:06.704899;190-0-175-100.gba.solunet.com.ar;184.107.43.74.http;3959;S;120
15:34:06.704912;190-0-175-100.gba.solunet.com.ar;184.107.43.74.http;3960;S;120
15:34:06.704925;190-0-175-100.gba.solunet.com.ar;184.107.43.74.http;3961;S;120
15:34:06.704938;190-0-175-100.gba.solunet.com.ar;184.107.43.74.http;3962;S;120
15:34:06.704951;190-0-175-100.gba.solunet.com.ar;184.107.43.74.http;3963;S;120
15:34:06.704965;190-0-175-100.gba.solunet.com.ar;184.107.43.74.http;3964;S;120
15:34:06.704978;190-0-175-100.gba.solunet.com.ar;184.107.43.74.http;3965;S;120
15:34:06.704991;190-0-175-100.gba.solunet.com.ar;184.107.43.74.http;3966;S;120
15:34:06.705004;190-0-175-100.gba.solunet.com.ar;184.107.43.74.http;3967;S;120
15:34:06.705017;190-0-175-100.gba.solunet.com.ar;184.107.43.74.http;3968;S;120
15:34:06.705030;190-0-175-100.gba.solunet.com.ar;184.107.43.74.http;3969;S;120
15:34:06.705043;190-0-175-100.gba.solunet.com.ar;184.107.43.74.http;3970;S;120
15:34:06.705056;190-0-175-100.gba.solunet.com.ar;184.107.43.74.http;3971;S;120
15:34:06.705069;190-0-175-100.gba.solunet.com.ar;184.107.43.74.http;3972;S;120
15:34:06.705082;190-0-175-100.gba.solunet.com.ar;184.107.43.74.http;3973;S;120
15:34:06.705095;190-0-175-100.gba.solunet.com.ar;184.107.43.74.http;3974;S;120
15:34:06.705108;190-0-175-100.gba.solunet.com.ar;184.107.43.74.http;3975;S;120
15:34:06.705121;190-0-175-100.gba.solunet.com.ar;184.107.43.74.http;3976;S;120
15:34:06.705134;190-0-175-100.gba.solunet.com.ar;184.107.43.74.http;3977;S;120
15:34:06.705147;190-0-175-100.gba.solunet.com.ar;184.107.43.74.http;3978;S;120
15:34:06.705161;190-0-175-100.gba.solunet.com.ar;184.107.43.74.http;3979;S;120
15:34:06.705182;190-0-175-100.gba.solunet.com.ar;184.107.43.74.http;3980;S;120
15:34:06.705198;190-0-175-100.gba.solunet.com.ar;184.107.43.74.http;3981;S;120
15:34:06.705213;190-0-175-100.gba.solunet.com.ar;184.107.43.74.http;3982;S;120
15:34:06.705229;190-0-175-100.gba.solunet.com.ar;184.107.43.74.http;3983;S;120
15:34:06.705244;190-0-175-100.gba.solunet.com.ar;184.107.43.74.http;3984;S;120
15:34:06.705260;190-0-175-100.gba.solunet.com.ar;184.107.43.74.http;3985;S;120
15:34:06.705276;190-0-175-100.gba.solunet.com.ar;184.107.43.74.http;3986;S;120
15:34:06.705292;190-0-175-100.gba.solunet.com.ar;184.107.43.74.http;3987;S;120
15:34:06.705308;190-0-175-100.gba.solunet.com.ar;184.107.43.74.http;3988;S;120
15:34:06.705324;190-0-175-100.gba.solunet.com.ar;184.107.43.74.http;3989;S;120
15:34:06.705339;190-0-175-100.gba.solunet.com.ar;184.107.43.74.http;3990;S;120
15:34:06.705355;190-0-175-100.gba.solunet.com.ar;184.107.43.74.http;3991;S;120
15:34:06.705370;190-0-175-100.gba.solunet.com.ar;184.107.43.74.http;3992;S;120
15:34:06.705386;190-0-175-100.gba.solunet.com.ar;184.107.43.74.http;3993;S;120
15:34:06.705402;190-0-175-100.gba.solunet.com.ar;184.107.43.74.http;3994;S;120
15:34:06.705415;190-0-175-100.gba.solunet.com.ar;184.107.43.74.http;3995;S;120
15:34:06.705428;190-0-175-100.gba.solunet.com.ar;184.107.43.74.http;3996;S;120
15:34:06.705441;190-0-175-100.gba.solunet.com.ar;184.107.43.74.http;3997;S;120
15:34:06.705454;190-0-175-100.gba.solunet.com.ar;184.107.43.74.http;3998;S;120
15:34:06.705468;190-0-175-100.gba.solunet.com.ar;184.107.43.74.http;3999;S;120
15:34:06.705481;190-0-175-100.gba.solunet.com.ar;184.107.43.74.http;4000;S;120
15:34:06.705495;190-0-175-100.gba.solunet.com.ar;184.107.43.74.http;4001;S;120
15:34:06.705508;190-0-175-100.gba.solunet.com.ar;184.107.43.74.http;4002;S;120
15:34:06.705521;190-0-175-100.gba.solunet.com.ar;184.107.43.74.http;4003;S;120
15:34:06.705535;190-0-175-100.gba.solunet.com.ar;184.107.43.74.http;4004;S;120
15:34:06.705548;190-0-175-100.gba.solunet.com.ar;184.107.43.74.http;4005;S;120
15:34:06.705561;190-0-175-100.gba.solunet.com.ar;184.107.43.74.http;4006;S;120
15:34:06.705574;190-0-175-100.gba.solunet.com.ar;184.107.43.74.http;4007;S;120
15:34:06.705587;190-0-175-100.gba.solunet.com.ar;184.107.43.74.http;4008;S;120
15:34:06.705600;190-0-175-100.gba.solunet.com.ar;184.107.43.74.http;4009;S;120
15:34:06.705613;190-0-175-100.gba.solunet.com.ar;184.107.43.74.http;4010;S;120
15:34:06.705627;190-0-175-100.gba.solunet.com.ar;184.107.43.74.http;4011;S;120
15:34:06.705640;190-0-175-100.gba.solunet.com.ar;184.107.43.74.http;4012;S;120
15:34:06.705653;190-0-175-100.gba.solunet.com.ar;184.107.43.74.http;4013;S;120
15:34:06.705666;190-0-175-100.gba.solunet.com.ar;184.107.43.74.http;4014;S;120
15:34:06.705679;190-0-175-100.gba.solunet.com.ar;184.107.43.74.http;4015;S;120
15:34:06.705692;190-0-175-100.gba.solunet.com.ar;184.107.43.74.http;4016;S;120
15:34:06.705705;190-0-175-100.gba.solunet.com.ar;184.107.43.74.http;4017;S;120
15:34:06.705718;190-0-175-100.gba.solunet.com.ar;184.107.43.74.http;4018;S;120
15:34:06.705731;190-0-175-100.gba.solunet.com.ar;184.107.43.74.http;4019;S;120
15:34:06.705744;190-0-175-100.gba.solunet.com.ar;184.107.43.74.http;4020;S;120
15:34:06.705757;190-0-175-100.gba.solunet.com.ar;184.107.43.74.http;4021;S;120
15:34:06.705770;190-0-175-100.gba.solunet.com.ar;184.107.43.74.http;4022;S;120
15:34:06.705783;190-0-175-100.gba.solunet.com.ar;184.107.43.74.http;4023;S;120
15:34:06.705797;190-0-175-100.gba.solunet.com.ar;184.107.43.74.http;4024;S;120
15:34:06.705810;190-0-175-100.gba.solunet.com.ar;184.107.43.74.http;4025;S;120
15:34:06.705823;190-0-175-100.gba.solunet.com.ar;184.107.43.74.http;4026;S;120
15:34:06.705836;190-0-175-100.gba.solunet.com.ar;184.107.43.74.http;4027;S;120
15:34:06.705849;190-0-175-100.gba.solunet.com.ar;184.107.43.74.http;4028;S;120
15:34:06.705862;190-0-175-100.gba.solunet.com.ar;184.107.43.74.http;4029;S;120
15:34:06.705875;190-0-175-100.gba.solunet.com.ar;184.107.43.74.http;4030;S;120
15:34:06.705888;190-0-175-100.gba.solunet.com.ar.suucp;184.107.43.74.http;vide;S;120
15:34:06.705901;190-0-175-100.gba.solunet.com.ar;184.107.43.74.http;4032;S;120
15:34:06.705922;190-0-175-100.gba.solunet.com.ar;184.107.43.74.http;4033;S;120
15:34:06.705939;190-0-175-100.gba.solunet.com.ar;184.107.43.74.http;4034;S;120
15:34:06.705954;190-0-175-100.gba.solunet.com.ar;184.107.43.74.http;4035;S;120
15:34:06.705970;190-0-175-100.gba.solunet.com.ar;184.107.43.74.http;4036;S;120
15:34:06.705985;190-0-175-100.gba.solunet.com.ar;184.107.43.74.http;4037;S;120
15:34:06.706001;190-0-175-100.gba.solunet.com.ar;184.107.43.74.http;4038;S;120
15:34:06.706017;190-0-175-100.gba.solunet.com.ar;184.107.43.74.http;4039;S;120
15:34:06.706032;190-0-175-100.gba.solunet.com.ar;184.107.43.74.http;4040;S;120
15:34:06.706048;190-0-175-100.gba.solunet.com.ar;184.107.43.74.http;4041;S;120
15:34:06.706064;190-0-175-100.gba.solunet.com.ar;184.107.43.74.http;4042;S;120
15:34:06.706080;190-0-175-100.gba.solunet.com.ar;184.107.43.74.http;4043;S;120
15:34:06.706095;190-0-175-100.gba.solunet.com.ar;184.107.43.74.http;4044;S;120
15:34:06.706111;190-0-175-100.gba.solunet.com.ar;184.107.43.74.http;4045;S;120
15:34:06.706127;190-0-175-100.gba.solunet.com.ar;184.107.43.74.http;4046;S;120
15:34:06.706142;190-0-175-100.gba.solunet.com.ar;184.107.43.74.http;4047;S;120
15:34:06.706158;190-0-175-100.gba.solunet.com.ar;184.107.43.74.http;4048;S;120
15:34:06.706171;190-0-175-100.gba.solunet.com.ar;184.107.43.74.http;4049;S;120
15:34:06.706184;190-0-175-100.gba.solunet.com.ar;184.107.43.74.http;4050;S;120
15:34:06.706197;190-0-175-100.gba.solunet.com.ar;184.107.43.74.http;4051;S;120
15:34:06.706210;190-0-175-100.gba.solunet.com.ar;184.107.43.74.http;4052;S;120
15:34:06.706223;190-0-175-100.gba.solunet.com.ar;184.107.43.74.http;4053;S;120
15:34:06.706236;190-0-175-100.gba.solunet.com.ar;184.107.43.74.http;4054;S;120
15:34:06.706249;190-0-175-100.gba.solunet.com.ar;184.107.43.74.http;4055;S;120
15:34:06.706263;190-0-175-100.gba.solunet.com.ar;184.107.43.74.http;4056;S;120
15:34:06.706276;190-0-175-100.gba.solunet.com.ar;184.107.43.74.http;4057;S;120
15:34:06.706289;190-0-175-100.gba.solunet.com.ar;184.107.43.74.http;4058;S;120
15:34:06.706302;190-0-175-100.gba.solunet.com.ar;184.107.43.74.http;4059;S;120
15:34:06.706315;190-0-175-100.gba.solunet.com.ar;184.107.43.74.http;4060;S;120
15:34:06.706328;190-0-175-100.gba.solunet.com.ar;184.107.43.74.http;4061;S;120
15:34:06.706341;190-0-175-100.gba.solunet.com.ar;184.107.43.74.http;4062;S;120
15:34:06.706354;190-0-175-100.gba.solunet.com.ar;184.107.43.74.http;4063;S;120
15:34:06.706367;190-0-175-100.gba.solunet.com.ar;184.107.43.74.http;4064;S;120
15:34:06.706380;190-0-175-100.gba.solunet.com.ar;184.107.43.74.http;4065;S;120
15:34:06.706393;190-0-175-100.gba.solunet.com.ar;184.107.43.74.http;4066;S;120
15:34:06.706406;190-0-175-100.gba.solunet.com.ar;184.107.43.74.http;4067;S;120
15:34:06.706419;190-0-175-100.gba.solunet.com.ar;184.107.43.74.http;4068;S;120
15:34:06.706432;190-0-175-100.gba.solunet.com.ar;184.107.43.74.http;4069;S;120
15:34:06.706445;190-0-175-100.gba.solunet.com.ar;184.107.43.74.http;4070;S;120
15:34:06.706458;190-0-175-100.gba.solunet.com.ar;184.107.43.74.http;4071;S;120
15:34:06.706471;190-0-175-100.gba.solunet.com.ar;184.107.43.74.http;4072;S;120
15:34:06.706484;190-0-175-100.gba.solunet.com.ar;184.107.43.74.http;4073;S;120
15:34:06.706498;190-0-175-100.gba.solunet.com.ar;184.107.43.74.http;4074;S;120
15:34:06.706511;190-0-175-100.gba.solunet.com.ar;184.107.43.74.http;4075;S;120
15:34:06.706524;190-0-175-100.gba.solunet.com.ar;184.107.43.74.http;4076;S;120
15:34:06.706537;190-0-175-100.gba.solunet.com.ar;184.107.43.74.http;4077;S;120
15:34:06.706549;190-0-175-100.gba.solunet.com.ar;184.107.43.74.http;4078;S;120
15:34:06.706563;190-0-175-100.gba.solunet.com.ar;184.107.43.74.http;4079;S;120
15:34:06.706575;190-0-175-100.gba.solunet.com.ar;184.107.43.74.http;4080;S;120
15:34:06.706588;190-0-175-100.gba.solunet.com.ar;184.107.43.74.http;4081;S;120
15:34:06.706601;190-0-175-100.gba.solunet.com.ar;184.107.43.74.http;4082;S;120
15:34:06.706615;190-0-175-100.gba.solunet.com.ar;184.107.43.74.http;4083;S;120
15:34:06.706628;190-0-175-100.gba.solunet.com.ar;184.107.43.74.http;4084;S;120
15:34:06.706641;190-0-175-100.gba.solunet.com.ar;184.107.43.74.http;4085;S;120
15:34:06.706661;190-0-175-100.gba.solunet.com.ar;184.107.43.74.http;4086;S;120
15:34:06.706677;190-0-175-100.gba.solunet.com.ar;184.107.43.74.http;4087;S;120
15:34:06.706692;190-0-175-100.gba.solunet.com.ar;184.107.43.74.http;4088;S;120
15:34:06.706708;190-0-175-100.gba.solunet.com.ar;184.107.43.74.http;4089;S;120
15:34:06.706724;190-0-175-100.gba.solunet.com.ar;184.107.43.74.http;4090;S;120
15:34:06.706739;190-0-175-100.gba.solunet.com.ar;184.107.43.74.http;4091;S;120
15:34:06.706755;190-0-175-100.gba.solunet.com.ar;184.107.43.74.http;4092;S;120
15:34:06.706770;190-0-175-100.gba.solunet.com.ar;184.107.43.74.http;4093;S;120
15:34:06.706786;190-0-175-100.gba.solunet.com.ar.sysrqd;184.107.43.74.http;vide;S;120
15:34:06.706802;190-0-175-100.gba.solunet.com.ar;184.107.43.74.http;4095;S;120
15:34:06.706817;190-0-175-100.gba.solunet.com.ar;184.107.43.74.http;4096;S;120
15:34:06.706833;190-0-175-100.gba.solunet.com.ar;184.107.43.74.http;4097;S;120
15:34:06.706848;190-0-175-100.gba.solunet.com.ar;184.107.43.74.http;4098;S;120
15:34:06.706864;190-0-175-100.gba.solunet.com.ar;184.107.43.74.http;4099;S;120
15:34:06.706879;190-0-175-100.gba.solunet.com.ar;184.107.43.74.http;4100;S;120
15:34:06.706895;190-0-175-100.gba.solunet.com.ar;184.107.43.74.http;4101;S;120
15:34:06.706910;190-0-175-100.gba.solunet.com.ar;184.107.43.74.http;4102;S;120
15:34:06.706924;190-0-175-100.gba.solunet.com.ar;184.107.43.74.http;4103;S;120
15:34:06.706937;190-0-175-100.gba.solunet.com.ar;184.107.43.74.http;4104;S;120
15:34:06.706950;190-0-175-100.gba.solunet.com.ar;184.107.43.74.http;4105;S;120
15:34:06.706963;190-0-175-100.gba.solunet.com.ar;184.107.43.74.http;4106;S;120
15:34:06.706976;190-0-175-100.gba.solunet.com.ar;184.107.43.74.http;4107;S;120
15:34:06.706989;190-0-175-100.gba.solunet.com.ar;184.107.43.74.http;4108;S;120
15:34:06.707003;190-0-175-100.gba.solunet.com.ar;184.107.43.74.http;4109;S;120
15:34:06.707016;190-0-175-100.gba.solunet.com.ar;184.107.43.74.http;4110;S;120
15:34:06.707029;190-0-175-100.gba.solunet.com.ar;184.107.43.74.http;4111;S;120
15:34:06.707042;190-0-175-100.gba.solunet.com.ar;184.107.43.74.http;4112;S;120
15:34:06.707055;190-0-175-100.gba.solunet.com.ar;184.107.43.74.http;4113;S;120
15:34:06.707068;190-0-175-100.gba.solunet.com.ar;184.107.43.74.http;4114;S;120
15:34:06.707081;190-0-175-100.gba.solunet.com.ar;184.107.43.74.http;4115;S;120
15:34:06.707094;190-0-175-100.gba.solunet.com.ar;184.107.43.74.http;4116;S;120
15:34:06.707107;190-0-175-100.gba.solunet.com.ar;184.107.43.74.http;4117;S;120
15:34:06.707120;190-0-175-100.gba.solunet.com.ar;184.107.43.74.http;4118;S;120
15:34:06.707134;190-0-175-100.gba.solunet.com.ar;184.107.43.74.http;4119;S;120
15:34:06.707147;190-0-175-100.gba.solunet.com.ar;184.107.43.74.http;4120;S;120
15:34:06.707160;190-0-175-100.gba.solunet.com.ar;184.107.43.74.http;4121;S;120
15:34:06.707173;190-0-175-100.gba.solunet.com.ar;184.107.43.74.http;4122;S;120
15:34:06.707186;190-0-175-100.gba.solunet.com.ar;184.107.43.74.http;4123;S;120
15:34:06.707199;190-0-175-100.gba.solunet.com.ar;184.107.43.74.http;4124;S;120
15:34:06.707212;190-0-175-100.gba.solunet.com.ar;184.107.43.74.http;4125;S;120
15:34:06.707225;190-0-175-100.gba.solunet.com.ar;184.107.43.74.http;4126;S;120
15:34:06.707238;190-0-175-100.gba.solunet.com.ar;184.107.43.74.http;4127;S;120
15:34:06.707251;190-0-175-100.gba.solunet.com.ar;184.107.43.74.http;4128;S;120
15:34:06.707265;190-0-175-100.gba.solunet.com.ar;184.107.43.74.http;4129;S;120
15:34:06.707278;190-0-175-100.gba.solunet.com.ar;184.107.43.74.http;4130;S;120
15:34:06.707291;190-0-175-100.gba.solunet.com.ar;184.107.43.74.http;4131;S;120
15:34:06.707304;190-0-175-100.gba.solunet.com.ar;184.107.43.74.http;4132;S;120
15:34:06.707317;190-0-175-100.gba.solunet.com.ar;184.107.43.74.http;4133;S;120
15:34:06.707330;190-0-175-100.gba.solunet.com.ar;184.107.43.74.http;4134;S;120
15:34:06.707343;190-0-175-100.gba.solunet.com.ar;184.107.43.74.http;4135;S;120
15:34:06.707356;190-0-175-100.gba.solunet.com.ar;184.107.43.74.http;4136;S;120
15:34:06.707369;190-0-175-100.gba.solunet.com.ar;184.107.43.74.http;4137;S;120
15:34:06.707382;190-0-175-100.gba.solunet.com.ar;184.107.43.74.http;4138;S;120
15:34:06.707402;190-0-175-100.gba.solunet.com.ar;184.107.43.74.http;4139;S;120
15:34:06.707415;190-0-175-100.gba.solunet.com.ar;184.107.43.74.http;4140;S;120
15:34:06.707428;190-0-175-100.gba.solunet.com.ar;184.107.43.74.http;4141;S;120
15:34:06.707441;190-0-175-100.gba.solunet.com.ar;184.107.43.74.http;4142;S;120
15:34:06.707454;190-0-175-100.gba.solunet.com.ar;184.107.43.74.http;4143;S;120
15:34:06.707467;190-0-175-100.gba.solunet.com.ar;184.107.43.74.http;4144;S;120
15:34:06.707481;190-0-175-100.gba.solunet.com.ar;184.107.43.74.http;4145;S;120
15:34:06.707494;190-0-175-100.gba.solunet.com.ar;184.107.43.74.http;4146;S;120
15:34:06.707507;190-0-175-100.gba.solunet.com.ar;184.107.43.74.http;4147;S;120
15:34:06.707520;190-0-175-100.gba.solunet.com.ar;184.107.43.74.http;4148;S;120
15:34:06.707533;190-0-175-100.gba.solunet.com.ar;184.107.43.74.http;4149;S;120
15:34:06.707546;190-0-175-100.gba.solunet.com.ar;184.107.43.74.http;4150;S;120
15:34:06.707559;190-0-175-100.gba.solunet.com.ar;184.107.43.74.http;4151;S;120
15:34:06.707572;190-0-175-100.gba.solunet.com.ar;184.107.43.74.http;4152;S;120
15:34:06.707585;190-0-175-100.gba.solunet.com.ar;184.107.43.74.http;4153;S;120
15:34:06.707598;190-0-175-100.gba.solunet.com.ar;184.107.43.74.http;4154;S;120
15:34:06.707611;190-0-175-100.gba.solunet.com.ar;184.107.43.74.http;4155;S;120
15:34:06.707624;190-0-175-100.gba.solunet.com.ar;184.107.43.74.http;4156;S;120
15:34:06.707637;190-0-175-100.gba.solunet.com.ar;184.107.43.74.http;4157;S;120
15:34:06.707650;190-0-175-100.gba.solunet.com.ar;184.107.43.74.http;4158;S;120
15:34:06.707663;190-0-175-100.gba.solunet.com.ar;184.107.43.74.http;4159;S;120
15:34:06.707677;190-0-175-100.gba.solunet.com.ar;184.107.43.74.http;4160;S;120
15:34:06.707689;190-0-175-100.gba.solunet.com.ar;184.107.43.74.http;4161;S;120
15:34:06.707702;190-0-175-100.gba.solunet.com.ar;184.107.43.74.http;4162;S;120
15:34:06.707716;190-0-175-100.gba.solunet.com.ar;184.107.43.74.http;4163;S;120
15:34:06.707729;190-0-175-100.gba.solunet.com.ar;184.107.43.74.http;4164;S;120
15:34:06.707742;190-0-175-100.gba.solunet.com.ar;184.107.43.74.http;4165;S;120
15:34:06.707755;190-0-175-100.gba.solunet.com.ar;184.107.43.74.http;4166;S;120
15:34:06.707768;190-0-175-100.gba.solunet.com.ar;184.107.43.74.http;4167;S;120
15:34:06.707781;190-0-175-100.gba.solunet.com.ar;184.107.43.74.http;4168;S;120
15:34:06.707794;190-0-175-100.gba.solunet.com.ar;184.107.43.74.http;4169;S;120
15:34:06.707806;190-0-175-100.gba.solunet.com.ar;184.107.43.74.http;4170;S;120
15:34:06.707819;190-0-175-100.gba.solunet.com.ar;184.107.43.74.http;4171;S;120
15:34:06.707833;190-0-175-100.gba.solunet.com.ar;184.107.43.74.http;4172;S;120
15:34:06.707846;190-0-175-100.gba.solunet.com.ar;184.107.43.74.http;4173;S;120
15:34:06.707859;190-0-175-100.gba.solunet.com.ar;184.107.43.74.http;4174;S;120
15:34:06.707872;190-0-175-100.gba.solunet.com.ar;184.107.43.74.http;4175;S;120
15:34:06.707885;190-0-175-100.gba.solunet.com.ar;184.107.43.74.http;4176;S;120
15:34:06.707899;190-0-175-100.gba.solunet.com.ar;184.107.43.74.http;4177;S;120
15:34:06.707912;190-0-175-100.gba.solunet.com.ar;184.107.43.74.http;4178;S;120
15:34:06.707925;190-0-175-100.gba.solunet.com.ar;184.107.43.74.http;4179;S;120
15:34:06.707938;190-0-175-100.gba.solunet.com.ar;184.107.43.74.http;4180;S;120
15:34:06.707951;190-0-175-100.gba.solunet.com.ar;184.107.43.74.http;4181;S;120
15:34:06.707964;190-0-175-100.gba.solunet.com.ar;184.107.43.74.http;4182;S;120
15:34:06.707978;190-0-175-100.gba.solunet.com.ar;184.107.43.74.http;4183;S;120
15:34:06.707991;190-0-175-100.gba.solunet.com.ar;184.107.43.74.http;4184;S;120
15:34:06.708004;190-0-175-100.gba.solunet.com.ar;184.107.43.74.http;4185;S;120
15:34:06.708017;190-0-175-100.gba.solunet.com.ar;184.107.43.74.http;4186;S;120
15:34:06.708030;190-0-175-100.gba.solunet.com.ar;184.107.43.74.http;4187;S;120
15:34:06.708043;190-0-175-100.gba.solunet.com.ar;184.107.43.74.http;4188;S;120
15:34:06.708056;190-0-175-100.gba.solunet.com.ar;184.107.43.74.http;4189;S;120
15:34:06.708070;190-0-175-100.gba.solunet.com.ar.sieve;184.107.43.74.http;vide;S;120
15:34:06.708083;190-0-175-100.gba.solunet.com.ar;184.107.43.74.http;4191;S;120
15:34:06.708106;190-0-175-100.gba.solunet.com.ar;184.107.43.74.http;4192;S;120
15:34:06.708119;190-0-175-100.gba.solunet.com.ar;184.107.43.74.http;4193;S;120
15:34:06.708132;190-0-175-100.gba.solunet.com.ar;184.107.43.74.http;4194;S;120
15:34:06.708146;190-0-175-100.gba.solunet.com.ar;184.107.43.74.http;4195;S;120
15:34:06.708159;190-0-175-100.gba.solunet.com.ar;184.107.43.74.http;4196;S;120
15:34:06.708173;190-0-175-100.gba.solunet.com.ar;184.107.43.74.http;4197;S;120
15:34:06.708186;190-0-175-100.gba.solunet.com.ar;184.107.43.74.http;4198;S;120
15:34:06.708199;190-0-175-100.gba.solunet.com.ar;184.107.43.74.http;4199;S;120
15:34:06.708212;190-0-175-100.gba.solunet.com.ar;184.107.43.74.http;4200;S;120
15:34:06.708226;190-0-175-100.gba.solunet.com.ar;184.107.43.74.http;4201;S;120
15:34:06.708238;190-0-175-100.gba.solunet.com.ar;184.107.43.74.http;4202;S;120
15:34:06.708252;190-0-175-100.gba.solunet.com.ar;184.107.43.74.http;4203;S;120
15:34:06.708265;190-0-175-100.gba.solunet.com.ar;184.107.43.74.http;4204;S;120
15:34:06.708278;190-0-175-100.gba.solunet.com.ar;184.107.43.74.http;4205;S;120
15:34:06.708291;190-0-175-100.gba.solunet.com.ar;184.107.43.74.http;4206;S;120
15:34:06.708304;190-0-175-100.gba.solunet.com.ar;184.107.43.74.http;4207;S;120
15:34:06.708317;190-0-175-100.gba.solunet.com.ar;184.107.43.74.http;4208;S;120
15:34:06.708330;190-0-175-100.gba.solunet.com.ar;184.107.43.74.http;4209;S;120
15:34:06.708343;190-0-175-100.gba.solunet.com.ar;184.107.43.74.http;4210;S;120
15:34:06.708356;190-0-175-100.gba.solunet.com.ar;184.107.43.74.http;4211;S;120
15:34:06.708369;190-0-175-100.gba.solunet.com.ar;184.107.43.74.http;4212;S;120
15:34:06.708382;190-0-175-100.gba.solunet.com.ar;184.107.43.74.http;4213;S;120
15:34:06.708395;190-0-175-100.gba.solunet.com.ar;184.107.43.74.http;4214;S;120
15:34:06.708408;190-0-175-100.gba.solunet.com.ar;184.107.43.74.http;4215;S;120
15:34:06.708421;190-0-175-100.gba.solunet.com.ar;184.107.43.74.http;4216;S;120
15:34:06.708435;190-0-175-100.gba.solunet.com.ar;184.107.43.74.http;4217;S;120
15:34:06.708448;190-0-175-100.gba.solunet.com.ar;184.107.43.74.http;4218;S;120
15:34:06.708461;190-0-175-100.gba.solunet.com.ar;184.107.43.74.http;4219;S;120
15:34:06.708474;190-0-175-100.gba.solunet.com.ar;184.107.43.74.http;4220;S;120
15:34:06.708487;190-0-175-100.gba.solunet.com.ar;184.107.43.74.http;4221;S;120
15:34:06.708500;190-0-175-100.gba.solunet.com.ar;184.107.43.74.http;4222;S;120
15:34:06.708513;190-0-175-100.gba.solunet.com.ar;184.107.43.74.http;4223;S;120
15:34:06.708526;190-0-175-100.gba.solunet.com.ar.xtell;184.107.43.74.http;vide;S;120
15:34:06.708539;190-0-175-100.gba.solunet.com.ar;184.107.43.74.http;4225;S;120
15:34:06.708552;190-0-175-100.gba.solunet.com.ar;184.107.43.74.http;4226;S;120
15:34:06.708566;190-0-175-100.gba.solunet.com.ar;184.107.43.74.http;4227;S;120
15:34:06.708579;190-0-175-100.gba.solunet.com.ar;184.107.43.74.http;4228;S;120
15:34:06.708592;190-0-175-100.gba.solunet.com.ar;184.107.43.74.http;4229;S;120
15:34:06.708605;190-0-175-100.gba.solunet.com.ar;184.107.43.74.http;4230;S;120
15:34:06.708618;190-0-175-100.gba.solunet.com.ar;184.107.43.74.http;4231;S;120
15:34:06.708631;190-0-175-100.gba.solunet.com.ar;184.107.43.74.http;4232;S;120
15:34:06.708644;190-0-175-100.gba.solunet.com.ar;184.107.43.74.http;4233;S;120
15:34:06.708657;190-0-175-100.gba.solunet.com.ar;184.107.43.74.http;4234;S;120
15:34:06.708670;190-0-175-100.gba.solunet.com.ar;184.107.43.74.http;4235;S;120
15:34:06.708683;190-0-175-100.gba.solunet.com.ar;184.107.43.74.http;4236;S;120
15:34:06.708697;190-0-175-100.gba.solunet.com.ar;184.107.43.74.http;4237;S;120
15:34:06.708710;190-0-175-100.gba.solunet.com.ar;184.107.43.74.http;4238;S;120
15:34:06.708725;190-0-175-100.gba.solunet.com.ar;184.107.43.74.http;4239;S;120
15:34:06.708739;190-0-175-100.gba.solunet.com.ar;184.107.43.74.http;4240;S;120
15:34:06.708752;190-0-175-100.gba.solunet.com.ar;184.107.43.74.http;4241;S;120
15:34:06.708765;190-0-175-100.gba.solunet.com.ar;184.107.43.74.http;4242;S;120
15:34:06.708778;190-0-175-100.gba.solunet.com.ar;184.107.43.74.http;4243;S;120
15:34:06.708791;190-0-175-100.gba.solunet.com.ar;184.107.43.74.http;4244;S;120
15:34:06.708813;190-0-175-100.gba.solunet.com.ar;184.107.43.74.http;4245;S;120
15:34:06.708829;190-0-175-100.gba.solunet.com.ar;184.107.43.74.http;4246;S;120
15:34:06.708842;190-0-175-100.gba.solunet.com.ar;184.107.43.74.http;4247;S;120
15:34:06.708855;190-0-175-100.gba.solunet.com.ar;184.107.43.74.http;4248;S;120
15:34:06.708868;190-0-175-100.gba.solunet.com.ar;184.107.43.74.http;4249;S;120
15:34:06.708881;190-0-175-100.gba.solunet.com.ar;184.107.43.74.http;4250;S;120
15:34:06.708894;190-0-175-100.gba.solunet.com.ar;184.107.43.74.http;4251;S;120
15:34:06.708907;190-0-175-100.gba.solunet.com.ar;184.107.43.74.http;4252;S;120
15:34:06.708920;190-0-175-100.gba.solunet.com.ar;184.107.43.74.http;4253;S;120
15:34:06.708933;190-0-175-100.gba.solunet.com.ar;184.107.43.74.http;4254;S;120
15:34:06.708946;190-0-175-100.gba.solunet.com.ar;184.107.43.74.http;4255;S;120
15:34:06.708959;190-0-175-100.gba.solunet.com.ar;184.107.43.74.http;4256;S;120
15:34:06.708972;190-0-175-100.gba.solunet.com.ar;184.107.43.74.http;4257;S;120
15:34:06.708985;190-0-175-100.gba.solunet.com.ar;184.107.43.74.http;4258;S;120
15:34:06.708997;190-0-175-100.gba.solunet.com.ar;184.107.43.74.http;4259;S;120
15:34:06.709010;190-0-175-100.gba.solunet.com.ar;184.107.43.74.http;4260;S;120
15:34:06.709023;190-0-175-100.gba.solunet.com.ar;184.107.43.74.http;4261;S;120
15:34:06.709036;190-0-175-100.gba.solunet.com.ar;184.107.43.74.http;4262;S;120
15:34:06.709049;190-0-175-100.gba.solunet.com.ar;184.107.43.74.http;4263;S;120
15:34:06.709062;190-0-175-100.gba.solunet.com.ar;184.107.43.74.http;4264;S;120
15:34:06.709075;190-0-175-100.gba.solunet.com.ar;184.107.43.74.http;4265;S;120
15:34:06.709088;190-0-175-100.gba.solunet.com.ar;184.107.43.74.http;4266;S;120
15:34:06.709101;190-0-175-100.gba.solunet.com.ar;184.107.43.74.http;4267;S;120
15:34:06.709114;190-0-175-100.gba.solunet.com.ar;184.107.43.74.http;4268;S;120
15:34:06.709127;190-0-175-100.gba.solunet.com.ar;184.107.43.74.http;4269;S;120
15:34:06.709140;190-0-175-100.gba.solunet.com.ar;184.107.43.74.http;4270;S;120
15:34:06.709152;190-0-175-100.gba.solunet.com.ar;184.107.43.74.http;4271;S;120
15:34:06.709165;190-0-175-100.gba.solunet.com.ar;184.107.43.74.http;4272;S;120
15:34:06.709178;190-0-175-100.gba.solunet.com.ar;184.107.43.74.http;4273;S;120
15:34:06.709191;190-0-175-100.gba.solunet.com.ar;184.107.43.74.http;4274;S;120
15:34:06.709204;190-0-175-100.gba.solunet.com.ar;184.107.43.74.http;4275;S;120
15:34:06.709217;190-0-175-100.gba.solunet.com.ar;184.107.43.74.http;4276;S;120
15:34:06.709230;190-0-175-100.gba.solunet.com.ar;184.107.43.74.http;4277;S;120
15:34:06.709242;190-0-175-100.gba.solunet.com.ar;184.107.43.74.http;4278;S;120
15:34:06.709255;190-0-175-100.gba.solunet.com.ar;184.107.43.74.http;4279;S;120
15:34:06.709268;190-0-175-100.gba.solunet.com.ar;184.107.43.74.http;4280;S;120
15:34:06.709281;190-0-175-100.gba.solunet.com.ar;184.107.43.74.http;4281;S;120
15:34:06.709294;190-0-175-100.gba.solunet.com.ar;184.107.43.74.http;4282;S;120
15:34:06.709307;190-0-175-100.gba.solunet.com.ar;184.107.43.74.http;4283;S;120
15:34:06.709320;190-0-175-100.gba.solunet.com.ar;184.107.43.74.http;4284;S;120
15:34:06.709333;190-0-175-100.gba.solunet.com.ar;184.107.43.74.http;4285;S;120
15:34:06.709346;190-0-175-100.gba.solunet.com.ar;184.107.43.74.http;4286;S;120
15:34:06.709359;190-0-175-100.gba.solunet.com.ar;184.107.43.74.http;4287;S;120
15:34:06.709372;190-0-175-100.gba.solunet.com.ar;184.107.43.74.http;4288;S;120
15:34:06.709385;190-0-175-100.gba.solunet.com.ar;184.107.43.74.http;4289;S;120
15:34:06.709398;190-0-175-100.gba.solunet.com.ar;184.107.43.74.http;4290;S;120
15:34:06.709411;190-0-175-100.gba.solunet.com.ar;184.107.43.74.http;4291;S;120
15:34:06.709424;190-0-175-100.gba.solunet.com.ar;184.107.43.74.http;4292;S;120
15:34:06.709436;190-0-175-100.gba.solunet.com.ar;184.107.43.74.http;4293;S;120
15:34:06.709449;190-0-175-100.gba.solunet.com.ar;184.107.43.74.http;4294;S;120
15:34:06.709462;190-0-175-100.gba.solunet.com.ar;184.107.43.74.http;4295;S;120
15:34:06.709475;190-0-175-100.gba.solunet.com.ar;184.107.43.74.http;4296;S;120
15:34:06.709488;190-0-175-100.gba.solunet.com.ar;184.107.43.74.http;4297;S;120
15:34:06.709509;190-0-175-100.gba.solunet.com.ar;184.107.43.74.http;4298;S;120
15:34:06.709525;190-0-175-100.gba.solunet.com.ar;184.107.43.74.http;4299;S;120
15:34:06.709541;190-0-175-100.gba.solunet.com.ar;184.107.43.74.http;4300;S;120
15:34:06.709554;190-0-175-100.gba.solunet.com.ar;184.107.43.74.http;4301;S;120
15:34:06.709567;190-0-175-100.gba.solunet.com.ar;184.107.43.74.http;4302;S;120
15:34:06.709579;190-0-175-100.gba.solunet.com.ar;184.107.43.74.http;4303;S;120
15:34:06.709592;190-0-175-100.gba.solunet.com.ar;184.107.43.74.http;4304;S;120
15:34:06.709605;190-0-175-100.gba.solunet.com.ar;184.107.43.74.http;4305;S;120
15:34:06.709618;190-0-175-100.gba.solunet.com.ar;184.107.43.74.http;4306;S;120
15:34:06.709631;190-0-175-100.gba.solunet.com.ar;184.107.43.74.http;4307;S;120
15:34:06.709644;190-0-175-100.gba.solunet.com.ar;184.107.43.74.http;4308;S;120
15:34:06.709657;190-0-175-100.gba.solunet.com.ar;184.107.43.74.http;4309;S;120
15:34:06.709670;190-0-175-100.gba.solunet.com.ar;184.107.43.74.http;4310;S;120
15:34:06.709683;190-0-175-100.gba.solunet.com.ar;184.107.43.74.http;4311;S;120
15:34:06.709695;190-0-175-100.gba.solunet.com.ar;184.107.43.74.http;4312;S;120
15:34:06.709708;190-0-175-100.gba.solunet.com.ar;184.107.43.74.http;4313;S;120
15:34:06.709721;190-0-175-100.gba.solunet.com.ar;184.107.43.74.http;4314;S;120
15:34:06.709734;190-0-175-100.gba.solunet.com.ar;184.107.43.74.http;4315;S;120
15:34:06.709747;190-0-175-100.gba.solunet.com.ar;184.107.43.74.http;4316;S;120
15:34:06.709760;190-0-175-100.gba.solunet.com.ar;184.107.43.74.http;4317;S;120
15:34:06.709773;190-0-175-100.gba.solunet.com.ar;184.107.43.74.http;4318;S;120
15:34:06.709786;190-0-175-100.gba.solunet.com.ar;184.107.43.74.http;4319;S;120
15:34:06.709799;190-0-175-100.gba.solunet.com.ar;184.107.43.74.http;4320;S;120
15:34:06.709812;190-0-175-100.gba.solunet.com.ar;184.107.43.74.http;4321;S;120
15:34:06.709825;190-0-175-100.gba.solunet.com.ar;184.107.43.74.http;4322;S;120
15:34:06.709838;190-0-175-100.gba.solunet.com.ar;184.107.43.74.http;4323;S;120
15:34:06.709850;190-0-175-100.gba.solunet.com.ar;184.107.43.74.http;4324;S;120
15:34:06.709863;190-0-175-100.gba.solunet.com.ar;184.107.43.74.http;4325;S;120
15:34:06.709876;190-0-175-100.gba.solunet.com.ar;184.107.43.74.http;4326;S;120
15:34:06.709889;190-0-175-100.gba.solunet.com.ar;184.107.43.74.http;4327;S;120
15:34:06.709902;190-0-175-100.gba.solunet.com.ar;184.107.43.74.http;4328;S;120
15:34:06.709915;190-0-175-100.gba.solunet.com.ar;184.107.43.74.http;4329;S;120
15:34:06.709928;190-0-175-100.gba.solunet.com.ar;184.107.43.74.http;4330;S;120
15:34:06.709940;190-0-175-100.gba.solunet.com.ar;184.107.43.74.http;4331;S;120
15:34:06.709953;190-0-175-100.gba.solunet.com.ar;184.107.43.74.http;4332;S;120
15:34:06.709966;190-0-175-100.gba.solunet.com.ar;184.107.43.74.http;4333;S;120
15:34:06.709979;190-0-175-100.gba.solunet.com.ar;184.107.43.74.http;4334;S;120
15:34:06.709992;190-0-175-100.gba.solunet.com.ar;184.107.43.74.http;4335;S;120
15:34:06.710005;190-0-175-100.gba.solunet.com.ar;184.107.43.74.http;4336;S;120
15:34:06.710017;190-0-175-100.gba.solunet.com.ar;184.107.43.74.http;4337;S;120
15:34:06.710031;190-0-175-100.gba.solunet.com.ar;184.107.43.74.http;4338;S;120
15:34:06.710043;190-0-175-100.gba.solunet.com.ar;184.107.43.74.http;4339;S;120
15:34:06.710056;190-0-175-100.gba.solunet.com.ar;184.107.43.74.http;4340;S;120
15:34:06.710069;190-0-175-100.gba.solunet.com.ar;184.107.43.74.http;4341;S;120
15:34:06.710082;190-0-175-100.gba.solunet.com.ar;184.107.43.74.http;4342;S;120
15:34:06.710095;190-0-175-100.gba.solunet.com.ar;184.107.43.74.http;4343;S;120
15:34:06.710108;190-0-175-100.gba.solunet.com.ar;184.107.43.74.http;4344;S;120
15:34:06.710121;190-0-175-100.gba.solunet.com.ar;184.107.43.74.http;4345;S;120
15:34:06.710134;190-0-175-100.gba.solunet.com.ar;184.107.43.74.http;4346;S;120
15:34:06.710147;190-0-175-100.gba.solunet.com.ar;184.107.43.74.http;4347;S;120
15:34:06.710159;190-0-175-100.gba.solunet.com.ar;184.107.43.74.http;4348;S;120
15:34:06.710172;190-0-175-100.gba.solunet.com.ar;184.107.43.74.http;4349;S;120
15:34:06.710185;190-0-175-100.gba.solunet.com.ar;184.107.43.74.http;4350;S;120
15:34:06.710207;190-0-175-100.gba.solunet.com.ar;184.107.43.74.http;4351;S;120
15:34:06.710222;190-0-175-100.gba.solunet.com.ar;184.107.43.74.http;4352;S;120
15:34:06.710238;190-0-175-100.gba.solunet.com.ar.f5-iquery;184.107.43.74.http;vide;S;120
15:34:06.710253;190-0-175-100.gba.solunet.com.ar;184.107.43.74.http;4354;S;120
15:34:06.710266;190-0-175-100.gba.solunet.com.ar;184.107.43.74.http;4355;S;120
15:34:06.710279;190-0-175-100.gba.solunet.com.ar;184.107.43.74.http;4356;S;120
15:34:06.710292;190-0-175-100.gba.solunet.com.ar;184.107.43.74.http;4357;S;120
15:34:06.710305;190-0-175-100.gba.solunet.com.ar;184.107.43.74.http;4358;S;120
15:34:06.710318;190-0-175-100.gba.solunet.com.ar;184.107.43.74.http;4359;S;120
15:34:06.710331;190-0-175-100.gba.solunet.com.ar;184.107.43.74.http;4360;S;120
15:34:06.710344;190-0-175-100.gba.solunet.com.ar;184.107.43.74.http;4361;S;120
15:34:06.710357;190-0-175-100.gba.solunet.com.ar;184.107.43.74.http;4362;S;120
15:34:06.710370;190-0-175-100.gba.solunet.com.ar;184.107.43.74.http;4363;S;120
15:34:06.710382;190-0-175-100.gba.solunet.com.ar;184.107.43.74.http;4364;S;120
15:34:06.710395;190-0-175-100.gba.solunet.com.ar;184.107.43.74.http;4365;S;120
15:34:06.710408;190-0-175-100.gba.solunet.com.ar;184.107.43.74.http;4366;S;120
15:34:06.710421;190-0-175-100.gba.solunet.com.ar;184.107.43.74.http;4367;S;120
15:34:06.710434;190-0-175-100.gba.solunet.com.ar;184.107.43.74.http;4368;S;120
15:34:06.710446;190-0-175-100.gba.solunet.com.ar.epmd;184.107.43.74.http;vide;S;120
15:34:06.710459;190-0-175-100.gba.solunet.com.ar;184.107.43.74.http;4370;S;120
15:34:06.710472;190-0-175-100.gba.solunet.com.ar;184.107.43.74.http;4371;S;120
15:34:06.710485;190-0-175-100.gba.solunet.com.ar;184.107.43.74.http;4372;S;120
15:34:06.710498;190-0-175-100.gba.solunet.com.ar.remctl;184.107.43.74.http;vide;S;120
15:34:06.710511;190-0-175-100.gba.solunet.com.ar;184.107.43.74.http;4374;S;120
15:34:06.710524;190-0-175-100.gba.solunet.com.ar;184.107.43.74.http;4375;S;120
15:34:06.710537;190-0-175-100.gba.solunet.com.ar;184.107.43.74.http;4376;S;120
15:34:06.710550;190-0-175-100.gba.solunet.com.ar;184.107.43.74.http;4377;S;120
15:34:06.710563;190-0-175-100.gba.solunet.com.ar;184.107.43.74.http;4378;S;120
15:34:06.710575;190-0-175-100.gba.solunet.com.ar;184.107.43.74.http;4379;S;120
15:34:06.710588;190-0-175-100.gba.solunet.com.ar;184.107.43.74.http;4380;S;120
15:34:06.710601;190-0-175-100.gba.solunet.com.ar;184.107.43.74.http;4381;S;120
15:34:06.710614;190-0-175-100.gba.solunet.com.ar;184.107.43.74.http;4382;S;120
15:34:06.710627;190-0-175-100.gba.solunet.com.ar;184.107.43.74.http;4383;S;120
15:34:06.710640;190-0-175-100.gba.solunet.com.ar;184.107.43.74.http;4384;S;120
15:34:06.710653;190-0-175-100.gba.solunet.com.ar;184.107.43.74.http;4385;S;120
15:34:06.710665;190-0-175-100.gba.solunet.com.ar;184.107.43.74.http;4386;S;120
15:34:06.710678;190-0-175-100.gba.solunet.com.ar;184.107.43.74.http;4387;S;120
15:34:06.710691;190-0-175-100.gba.solunet.com.ar;184.107.43.74.http;4388;S;120
15:34:06.710704;190-0-175-100.gba.solunet.com.ar;184.107.43.74.http;4389;S;120
15:34:06.710717;190-0-175-100.gba.solunet.com.ar;184.107.43.74.http;4390;S;120
15:34:06.710730;190-0-175-100.gba.solunet.com.ar;184.107.43.74.http;4391;S;120
15:34:06.710744;190-0-175-100.gba.solunet.com.ar;184.107.43.74.http;4392;S;120
15:34:06.710757;190-0-175-100.gba.solunet.com.ar;184.107.43.74.http;4393;S;120
15:34:06.710770;190-0-175-100.gba.solunet.com.ar;184.107.43.74.http;4394;S;120
15:34:06.710783;190-0-175-100.gba.solunet.com.ar;184.107.43.74.http;4395;S;120
15:34:06.710795;190-0-175-100.gba.solunet.com.ar;184.107.43.74.http;4396;S;120
15:34:06.710808;190-0-175-100.gba.solunet.com.ar;184.107.43.74.http;4397;S;120
15:34:06.710821;190-0-175-100.gba.solunet.com.ar;184.107.43.74.http;4398;S;120
15:34:06.710834;190-0-175-100.gba.solunet.com.ar;184.107.43.74.http;4399;S;120
15:34:06.710847;190-0-175-100.gba.solunet.com.ar;184.107.43.74.http;4400;S;120
15:34:06.710860;190-0-175-100.gba.solunet.com.ar;184.107.43.74.http;4401;S;120
15:34:06.710873;190-0-175-100.gba.solunet.com.ar;184.107.43.74.http;4402;S;120
15:34:06.710886;190-0-175-100.gba.solunet.com.ar;184.107.43.74.http;4403;S;120
15:34:06.710908;190-0-175-100.gba.solunet.com.ar;184.107.43.74.http;4404;S;120
15:34:06.710923;190-0-175-100.gba.solunet.com.ar;184.107.43.74.http;4405;S;120
15:34:06.710939;190-0-175-100.gba.solunet.com.ar;184.107.43.74.http;4406;S;120
15:34:06.710955;190-0-175-100.gba.solunet.com.ar;184.107.43.74.http;4407;S;120
15:34:06.710970;190-0-175-100.gba.solunet.com.ar;184.107.43.74.http;4408;S;120
15:34:06.710983;190-0-175-100.gba.solunet.com.ar;184.107.43.74.http;4409;S;120
15:34:06.710996;190-0-175-100.gba.solunet.com.ar;184.107.43.74.http;4410;S;120
15:34:06.711009;190-0-175-100.gba.solunet.com.ar;184.107.43.74.http;4411;S;120
15:34:06.711022;190-0-175-100.gba.solunet.com.ar;184.107.43.74.http;4412;S;120
15:34:06.711035;190-0-175-100.gba.solunet.com.ar;184.107.43.74.http;4413;S;120
15:34:06.711048;190-0-175-100.gba.solunet.com.ar;184.107.43.74.http;4414;S;120
15:34:06.711061;190-0-175-100.gba.solunet.com.ar;184.107.43.74.http;4415;S;120
15:34:06.711074;190-0-175-100.gba.solunet.com.ar;184.107.43.74.http;4416;S;120
15:34:06.711087;190-0-175-100.gba.solunet.com.ar;184.107.43.74.http;4417;S;120
15:34:06.711100;190-0-175-100.gba.solunet.com.ar;184.107.43.74.http;4418;S;120
15:34:06.711113;190-0-175-100.gba.solunet.com.ar;184.107.43.74.http;4419;S;120
15:34:06.711126;190-0-175-100.gba.solunet.com.ar;184.107.43.74.http;4420;S;120
15:34:06.711139;190-0-175-100.gba.solunet.com.ar;184.107.43.74.http;4421;S;120
15:34:06.711152;190-0-175-100.gba.solunet.com.ar;184.107.43.74.http;4422;S;120
15:34:06.711165;190-0-175-100.gba.solunet.com.ar;184.107.43.74.http;4423;S;120
15:34:06.711178;190-0-175-100.gba.solunet.com.ar;184.107.43.74.http;4424;S;120
15:34:06.711191;190-0-175-100.gba.solunet.com.ar;184.107.43.74.http;4425;S;120
15:34:06.711204;190-0-175-100.gba.solunet.com.ar;184.107.43.74.http;4426;S;120
15:34:06.711217;190-0-175-100.gba.solunet.com.ar;184.107.43.74.http;4427;S;120
15:34:06.711230;190-0-175-100.gba.solunet.com.ar;184.107.43.74.http;4428;S;120
15:34:06.711243;190-0-175-100.gba.solunet.com.ar;184.107.43.74.http;4429;S;120
15:34:06.711255;190-0-175-100.gba.solunet.com.ar;184.107.43.74.http;4430;S;120
15:34:06.711268;190-0-175-100.gba.solunet.com.ar;184.107.43.74.http;4431;S;120
15:34:06.711281;190-0-175-100.gba.solunet.com.ar;184.107.43.74.http;4432;S;120
15:34:06.711294;190-0-175-100.gba.solunet.com.ar;184.107.43.74.http;4433;S;120
15:34:06.711307;190-0-175-100.gba.solunet.com.ar;184.107.43.74.http;4434;S;120
15:34:06.711320;190-0-175-100.gba.solunet.com.ar;184.107.43.74.http;4435;S;120
15:34:06.711333;190-0-175-100.gba.solunet.com.ar;184.107.43.74.http;4436;S;120
15:34:06.711346;190-0-175-100.gba.solunet.com.ar;184.107.43.74.http;4437;S;120
15:34:06.711359;190-0-175-100.gba.solunet.com.ar;184.107.43.74.http;4438;S;120
15:34:06.711372;190-0-175-100.gba.solunet.com.ar;184.107.43.74.http;4439;S;120
15:34:06.711385;190-0-175-100.gba.solunet.com.ar;184.107.43.74.http;4440;S;120
15:34:06.711398;190-0-175-100.gba.solunet.com.ar;184.107.43.74.http;4441;S;120
15:34:06.711411;190-0-175-100.gba.solunet.com.ar;184.107.43.74.http;4442;S;120
15:34:06.711424;190-0-175-100.gba.solunet.com.ar;184.107.43.74.http;4443;S;120
15:34:06.711437;190-0-175-100.gba.solunet.com.ar;184.107.43.74.http;4444;S;120
15:34:06.711450;190-0-175-100.gba.solunet.com.ar;184.107.43.74.http;4445;S;120
15:34:06.711463;190-0-175-100.gba.solunet.com.ar;184.107.43.74.http;4446;S;120
15:34:06.711476;190-0-175-100.gba.solunet.com.ar;184.107.43.74.http;4447;S;120
15:34:06.711489;190-0-175-100.gba.solunet.com.ar;184.107.43.74.http;4448;S;120
15:34:06.711502;190-0-175-100.gba.solunet.com.ar;184.107.43.74.http;4449;S;120
15:34:06.711515;190-0-175-100.gba.solunet.com.ar;184.107.43.74.http;4450;S;120
15:34:06.711527;190-0-175-100.gba.solunet.com.ar;184.107.43.74.http;4451;S;120
15:34:06.711540;190-0-175-100.gba.solunet.com.ar;184.107.43.74.http;4452;S;120
15:34:06.711553;190-0-175-100.gba.solunet.com.ar;184.107.43.74.http;4453;S;120
15:34:06.711566;190-0-175-100.gba.solunet.com.ar;184.107.43.74.http;4454;S;120
15:34:06.711579;190-0-175-100.gba.solunet.com.ar;184.107.43.74.http;4455;S;120
15:34:06.711592;190-0-175-100.gba.solunet.com.ar;184.107.43.74.http;4456;S;120
15:34:06.711613;190-0-175-100.gba.solunet.com.ar;184.107.43.74.http;4457;S;120
15:34:06.711629;190-0-175-100.gba.solunet.com.ar;184.107.43.74.http;4458;S;120
15:34:06.711645;190-0-175-100.gba.solunet.com.ar;184.107.43.74.http;4459;S;120
15:34:06.711660;190-0-175-100.gba.solunet.com.ar;184.107.43.74.http;4460;S;120
15:34:06.711676;190-0-175-100.gba.solunet.com.ar;184.107.43.74.http;4461;S;120
15:34:06.711691;190-0-175-100.gba.solunet.com.ar;184.107.43.74.http;4462;S;120
15:34:06.711704;190-0-175-100.gba.solunet.com.ar;184.107.43.74.http;4463;S;120
15:34:06.711723;190-0-175-100.gba.solunet.com.ar;184.107.43.74.http;4464;S;120
15:34:06.711807;BP-Linux8.ssh;192.168.190.130;50245;P.;36
15:34:06.711903;BP-Linux8.ssh;192.168.190.130;50245;P.;360
15:34:06.712173;BP-Linux8.ssh;192.168.190.130;50245;P.;68
15:34:06.729380;192.168.190.130;BP-Linux8.ssh;50245;.;0
15:34:06.729446;192.168.190.130;BP-Linux8.ssh;50245;.;0
15:34:06.729466;192.168.190.130;BP-Linux8.ssh;50245;.;0
15:34:08.164737;BP-Linux8;par21s05-in-f131.1e100.net.http;37231;.;0
15:34:08.176439;par21s05-in-f131.1e100.net.http;BP-Linux8;37231;.;0
15:34:09.501517;BP-Linux8;82.221.107.34.bc.googleusercontent.com.http;43717;P.;286
15:34:09.513726;82.221.107.34.bc.googleusercontent.com.http;BP-Linux8;43717;P.;220
15:34:09.513738;BP-Linux8;82.221.107.34.bc.googleusercontent.com.http;43717;.;0
15:34:10.342134;BP-Linux8;201.181.244.35.bc.googleusercontent.com.https;42539;S;0
15:34:10.354085;201.181.244.35.bc.googleusercontent.com.https;BP-Linux8;42539;S.;0
15:34:10.354101;BP-Linux8;201.181.244.35.bc.googleusercontent.com.https;42539;.;0
15:34:10.354254;BP-Linux8;201.181.244.35.bc.googleusercontent.com.https;42539;P.;197
15:34:10.366157;201.181.244.35.bc.googleusercontent.com.https;BP-Linux8;42539;.;0
15:34:10.367242;201.181.244.35.bc.googleusercontent.com.https;BP-Linux8;42539;.;1418
15:34:10.367250;BP-Linux8;201.181.244.35.bc.googleusercontent.com.https;42539;.;0
15:34:10.367352;201.181.244.35.bc.googleusercontent.com.https;BP-Linux8;42539;P.;1418
15:34:10.367358;BP-Linux8;201.181.244.35.bc.googleusercontent.com.https;42539;.;0
15:34:10.367366;201.181.244.35.bc.googleusercontent.com.https;BP-Linux8;42539;P.;566
15:34:10.367369;BP-Linux8;201.181.244.35.bc.googleusercontent.com.https;42539;.;0
15:34:10.379949;BP-Linux8;201.181.244.35.bc.googleusercontent.com.https;42539;P.;93
15:34:10.380068;BP-Linux8;93.184.220.29.http;34621;P.;429
15:34:10.387329;93.184.220.29.http;BP-Linux8;34621;.;0
15:34:10.387887;93.184.220.29.http;BP-Linux8;34621;P.;799
15:34:10.387895;BP-Linux8;93.184.220.29.http;34621;.;0
15:34:10.391508;BP-Linux8;201.181.244.35.bc.googleusercontent.com.https;42539;P.;163
15:34:10.391576;BP-Linux8;201.181.244.35.bc.googleusercontent.com.https;42539;P.;461
15:34:10.392009;201.181.244.35.bc.googleusercontent.com.https;BP-Linux8;42539;P.;292
15:34:10.392126;201.181.244.35.bc.googleusercontent.com.https;BP-Linux8;42539;P.;69
15:34:10.394387;BP-Linux8;201.181.244.35.bc.googleusercontent.com.https;42539;.;0
15:34:10.398644;BP-Linux8;201.181.244.35.bc.googleusercontent.com.https;42539;P.;38
15:34:10.403359;201.181.244.35.bc.googleusercontent.com.https;BP-Linux8;42539;P.;38
15:34:10.406214;201.181.244.35.bc.googleusercontent.com.https;BP-Linux8;42539;.;0
15:34:10.415254;201.181.244.35.bc.googleusercontent.com.https;BP-Linux8;42539;.;0
15:34:10.440731;BP-Linux8;201.181.244.35.bc.googleusercontent.com.https;42539;.;0
15:34:10.564742;201.181.244.35.bc.googleusercontent.com.https;BP-Linux8;42539;P.;504
15:34:10.564751;BP-Linux8;201.181.244.35.bc.googleusercontent.com.https;42539;.;0
15:34:10.564851;201.181.244.35.bc.googleusercontent.com.https;BP-Linux8;42539;P.;481
15:34:10.564856;BP-Linux8;201.181.244.35.bc.googleusercontent.com.https;42539;.;0
15:34:10.564968;201.181.244.35.bc.googleusercontent.com.https;BP-Linux8;42539;P.;46
15:34:10.564975;BP-Linux8;201.181.244.35.bc.googleusercontent.com.https;42539;.;0
15:34:10.565140;BP-Linux8;201.181.244.35.bc.googleusercontent.com.https;42539;P.;46
15:34:10.577129;201.181.244.35.bc.googleusercontent.com.https;BP-Linux8;42539;.;0
15:34:11.236729;BP-Linux8;server-54-230-114-7.mrs52.r.cloudfront.net.https;42612;.;0
15:34:11.243135;server-54-230-114-7.mrs52.r.cloudfront.net.https;BP-Linux8;42612;.;0
15:34:11.425428;192.168.190.130;BP-Linux8.ssh;50245;P.;44
15:34:11.425587;BP-Linux8.ssh;192.168.190.130;50245;P.;116
15:34:11.445319;192.168.190.130;BP-Linux8.ssh;50245;.;0
15:34:11.613339;192.168.190.130;BP-Linux8.ssh;50245;P.;44
15:34:11.613471;BP-Linux8.ssh;192.168.190.130;50245;P.;220
15:34:11.633335;192.168.190.130;BP-Linux8.ssh;50245;.;0
15:34:12.641363;ec2-35-166-112-194.us-west-2.compute.amazonaws.com.https;BP-Linux8;48702;P.;31
15:34:12.641546;BP-Linux8;ec2-35-166-112-194.us-west-2.compute.amazonaws.com.https;48702;F.;0
15:34:12.685378;192.168.190.130;BP-Linux8.ssh;50245;P.;36
15:34:12.685733;BP-Linux8.ssh;192.168.190.130;50245;P.;36
15:34:12.689481;BP-Linux8.ssh;192.168.190.130;50245;P.;92
15:34:12.689514;BP-Linux8.ssh;192.168.190.130;50245;P.;36
15:34:12.689741;BP-Linux8.ssh;192.168.190.130;50245;P.;100
15:34:12.689769;BP-Linux8.ssh;192.168.190.130;50245;P.;36
15:34:12.705320;192.168.190.130;BP-Linux8.ssh;50245;.;0
15:34:12.708725;BP-Linux8;server-54-230-114-73.mrs52.r.cloudfront.net.https;51712;.;0
15:34:12.709305;192.168.190.130;BP-Linux8.ssh;50245;.;0
15:34:12.709323;192.168.190.130;BP-Linux8.ssh;50245;.;0
15:34:12.709342;192.168.190.130;BP-Linux8.ssh;50245;.;0
15:34:12.709411;192.168.190.130;BP-Linux8.ssh;50245;.;0
15:34:12.715072;server-54-230-114-73.mrs52.r.cloudfront.net.https;BP-Linux8;51712;.;0
15:34:12.726330;ec2-34-211-70-226.us-west-2.compute.amazonaws.com.https;BP-Linux8;54473;P.;31
15:34:12.726464;BP-Linux8;ec2-34-211-70-226.us-west-2.compute.amazonaws.com.https;54473;F.;0
15:34:12.820101;ec2-35-166-112-194.us-west-2.compute.amazonaws.com.https;BP-Linux8;48702;F.;0
15:34:12.820113;BP-Linux8;ec2-35-166-112-194.us-west-2.compute.amazonaws.com.https;48702;.;0
15:34:12.904414;ec2-34-211-70-226.us-west-2.compute.amazonaws.com.https;BP-Linux8;54473;F.;0
15:34:12.904425;BP-Linux8;ec2-34-211-70-226.us-west-2.compute.amazonaws.com.https;54473;.;0
15:34:13.502107;BP-Linux8;server-54-230-114-122.mrs52.r.cloudfront.net.https;48782;P.;46
15:34:13.508523;server-54-230-114-122.mrs52.r.cloudfront.net.https;BP-Linux8;48782;.;0
15:34:13.508705;server-54-230-114-122.mrs52.r.cloudfront.net.https;BP-Linux8;48782;P.;46
15:34:13.508709;BP-Linux8;server-54-230-114-122.mrs52.r.cloudfront.net.https;48782;.;0
15:34:13.688952;BP-Linux8.ssh;192.168.190.130;50245;P.;100
15:34:13.709324;192.168.190.130;BP-Linux8.ssh;50245;.;0
15:34:14.688957;BP-Linux8.ssh;192.168.190.130;50245;P.;100
15:34:14.709442;192.168.190.130;BP-Linux8.ssh;50245;.;0
15:34:15.688951;BP-Linux8.ssh;192.168.190.130;50245;P.;100
15:34:15.709422;192.168.190.130;BP-Linux8.ssh;50245;.;0
15:34:16.688978;BP-Linux8.ssh;192.168.190.130;50245;P.;100
15:34:16.709308;192.168.190.130;BP-Linux8.ssh;50245;.;0
15:34:17.688952;BP-Linux8.ssh;192.168.190.130;50245;P.;100
15:34:17.709415;192.168.190.130;BP-Linux8.ssh;50245;.;0
15:34:18.180745;BP-Linux8;par21s05-in-f131.1e100.net.http;37231;.;0
15:34:18.192458;par21s05-in-f131.1e100.net.http;BP-Linux8;37231;.;0
15:34:18.726941;BP-Linux8.ssh;192.168.190.130;50245;P.;100
15:34:18.745319;192.168.190.130;BP-Linux8.ssh;50245;.;0
15:34:19.524740;BP-Linux8;82.221.107.34.bc.googleusercontent.com.http;43717;.;0
15:34:19.536654;82.221.107.34.bc.googleusercontent.com.http;BP-Linux8;43717;.;0
15:34:19.726599;BP-Linux8.ssh;192.168.190.130;50245;P.;100
15:34:19.745328;192.168.190.130;BP-Linux8.ssh;50245;.;0
15:34:20.388750;BP-Linux8;93.184.220.29.http;34621;.;0
15:34:20.396013;93.184.220.29.http;BP-Linux8;34621;.;0
15:34:20.725665;BP-Linux8.ssh;192.168.190.130;50245;P.;100
15:34:20.745304;192.168.190.130;BP-Linux8.ssh;50245;.;0
15:34:21.252747;BP-Linux8;server-54-230-114-7.mrs52.r.cloudfront.net.https;42612;.;0
15:34:21.259131;server-54-230-114-7.mrs52.r.cloudfront.net.https;BP-Linux8;42612;.;0
15:34:21.724950;BP-Linux8.ssh;192.168.190.130;50245;P.;100
15:34:21.745290;192.168.190.130;BP-Linux8.ssh;50245;.;0
15:34:22.304574;BP-Linux8;par21s04-in-f4.1e100.net.https;41767;P.;248
15:34:22.316453;par21s04-in-f4.1e100.net.https;BP-Linux8;41767;.;0
15:34:22.316927;BP-Linux8;par21s04-in-f4.1e100.net.https;41767;P.;831
15:34:22.317039;BP-Linux8;par21s04-in-f4.1e100.net.https;41767;P.;38
15:34:22.328772;par21s04-in-f4.1e100.net.https;BP-Linux8;41767;.;0
15:34:22.328889;par21s04-in-f4.1e100.net.https;BP-Linux8;41767;.;0
15:34:22.337810;par21s04-in-f4.1e100.net.https;BP-Linux8;41767;P.;153
15:34:22.338187;par21s04-in-f4.1e100.net.https;BP-Linux8;41767;P.;38
15:34:22.338212;BP-Linux8;par21s04-in-f4.1e100.net.https;41767;.;0
15:34:22.338306;par21s04-in-f4.1e100.net.https;BP-Linux8;41767;P.;46
15:34:22.339338;par21s04-in-f4.1e100.net.https;BP-Linux8;41767;P.;104
15:34:22.339463;par21s04-in-f4.1e100.net.https;BP-Linux8;41767;P.;503
15:34:22.339580;par21s04-in-f4.1e100.net.https;BP-Linux8;41767;P.;38
15:34:22.339836;BP-Linux8;par21s04-in-f4.1e100.net.https;41767;P.;46
15:34:22.356524;par21s04-in-f4.1e100.net.https;BP-Linux8;41767;.;0
15:34:22.386720;BP-Linux8;par10s38-in-f3.1e100.net.https;34862;S;0
15:34:22.398666;par10s38-in-f3.1e100.net.https;BP-Linux8;34862;S.;0
15:34:22.398682;BP-Linux8;par10s38-in-f3.1e100.net.https;34862;.;0
15:34:22.398835;BP-Linux8;par10s38-in-f3.1e100.net.https;34862;P.;194
15:34:22.410742;par10s38-in-f3.1e100.net.https;BP-Linux8;34862;.;0
15:34:22.415971;par10s38-in-f3.1e100.net.https;BP-Linux8;34862;.;1418
15:34:22.415979;BP-Linux8;par10s38-in-f3.1e100.net.https;34862;.;0
15:34:22.416082;par10s38-in-f3.1e100.net.https;BP-Linux8;34862;P.;1418
15:34:22.416086;BP-Linux8;par10s38-in-f3.1e100.net.https;34862;.;0
15:34:22.416103;par10s38-in-f3.1e100.net.https;BP-Linux8;34862;P.;1373
15:34:22.416106;BP-Linux8;par10s38-in-f3.1e100.net.https;34862;.;0
15:34:22.427190;BP-Linux8;par10s38-in-f3.1e100.net.https;34862;P.;93
15:34:22.427907;BP-Linux8;par10s38-in-f3.1e100.net.https;34862;P.;163
15:34:22.427974;BP-Linux8;par10s38-in-f3.1e100.net.https;34862;P.;426
15:34:22.439279;par10s38-in-f3.1e100.net.https;BP-Linux8;34862;P.;292
15:34:22.439795;par10s38-in-f3.1e100.net.https;BP-Linux8;34862;P.;69
15:34:22.439918;par10s38-in-f3.1e100.net.https;BP-Linux8;34862;P.;38
15:34:22.443997;par10s38-in-f3.1e100.net.https;BP-Linux8;34862;.;0
15:34:22.448892;BP-Linux8;par10s38-in-f3.1e100.net.https;34862;P.;38
15:34:22.460696;par10s38-in-f3.1e100.net.https;BP-Linux8;34862;.;0
15:34:22.503649;par10s38-in-f3.1e100.net.https;BP-Linux8;34862;P.;670
15:34:22.503794;par10s38-in-f3.1e100.net.https;BP-Linux8;34862;P.;1418
15:34:22.503803;BP-Linux8;par10s38-in-f3.1e100.net.https;34862;.;0
15:34:22.503811;par10s38-in-f3.1e100.net.https;BP-Linux8;34862;.;1418
15:34:22.503814;par10s38-in-f3.1e100.net.https;BP-Linux8;34862;.;1418
15:34:22.503818;BP-Linux8;par10s38-in-f3.1e100.net.https;34862;.;0
15:34:22.503819;par10s38-in-f3.1e100.net.https;BP-Linux8;34862;P.;487
15:34:22.504367;par10s38-in-f3.1e100.net.https;BP-Linux8;34862;P.;1418
15:34:22.504373;BP-Linux8;par10s38-in-f3.1e100.net.https;34862;.;0
15:34:22.504674;par10s38-in-f3.1e100.net.https;BP-Linux8;34862;.;1418
15:34:22.504680;par10s38-in-f3.1e100.net.https;BP-Linux8;34862;P.;1418
15:34:22.504683;BP-Linux8;par10s38-in-f3.1e100.net.https;34862;.;0
15:34:22.505253;par10s38-in-f3.1e100.net.https;BP-Linux8;34862;.;1418
15:34:22.505381;par10s38-in-f3.1e100.net.https;BP-Linux8;34862;.;1418
15:34:22.505386;BP-Linux8;par10s38-in-f3.1e100.net.https;34862;.;0
15:34:22.505393;par10s38-in-f3.1e100.net.https;BP-Linux8;34862;P.;1418
15:34:22.506146;par10s38-in-f3.1e100.net.https;BP-Linux8;34862;.;1418
15:34:22.506153;BP-Linux8;par10s38-in-f3.1e100.net.https;34862;.;0
15:34:22.506281;par10s38-in-f3.1e100.net.https;BP-Linux8;34862;.;1418
15:34:22.506285;par10s38-in-f3.1e100.net.https;BP-Linux8;34862;P.;1418
15:34:22.506288;BP-Linux8;par10s38-in-f3.1e100.net.https;34862;.;0
15:34:22.507039;par10s38-in-f3.1e100.net.https;BP-Linux8;34862;.;1418
15:34:22.507171;par10s38-in-f3.1e100.net.https;BP-Linux8;34862;.;1418
15:34:22.507177;BP-Linux8;par10s38-in-f3.1e100.net.https;34862;.;0
15:34:22.507185;par10s38-in-f3.1e100.net.https;BP-Linux8;34862;P.;1418
15:34:22.507935;par10s38-in-f3.1e100.net.https;BP-Linux8;34862;.;1418
15:34:22.507942;BP-Linux8;par10s38-in-f3.1e100.net.https;34862;.;0
15:34:22.508040;par10s38-in-f3.1e100.net.https;BP-Linux8;34862;.;1418
15:34:22.508064;par10s38-in-f3.1e100.net.https;BP-Linux8;34862;P.;1418
15:34:22.508067;BP-Linux8;par10s38-in-f3.1e100.net.https;34862;.;0
15:34:22.508823;par10s38-in-f3.1e100.net.https;BP-Linux8;34862;.;1418
15:34:22.508957;par10s38-in-f3.1e100.net.https;BP-Linux8;34862;.;1418
15:34:22.508962;BP-Linux8;par10s38-in-f3.1e100.net.https;34862;.;0
15:34:22.508969;par10s38-in-f3.1e100.net.https;BP-Linux8;34862;P.;1418
15:34:22.515645;par10s38-in-f3.1e100.net.https;BP-Linux8;34862;.;1418
15:34:22.515654;BP-Linux8;par10s38-in-f3.1e100.net.https;34862;.;0
15:34:22.515761;par10s38-in-f3.1e100.net.https;BP-Linux8;34862;.;1418
15:34:22.515774;par10s38-in-f3.1e100.net.https;BP-Linux8;34862;P.;1418
15:34:22.515778;BP-Linux8;par10s38-in-f3.1e100.net.https;34862;.;0
15:34:22.516180;par10s38-in-f3.1e100.net.https;BP-Linux8;34862;.;1418
15:34:22.516185;par10s38-in-f3.1e100.net.https;BP-Linux8;34862;P.;1418
15:34:22.516188;BP-Linux8;par10s38-in-f3.1e100.net.https;34862;.;0
15:34:22.516619;par10s38-in-f3.1e100.net.https;BP-Linux8;34862;P.;77
15:34:22.517160;BP-Linux8;par10s38-in-f3.1e100.net.https;34862;P.;46
15:34:22.529000;par10s38-in-f3.1e100.net.https;BP-Linux8;34862;.;0
15:34:22.584870;BP-Linux8;par10s38-in-f3.1e100.net.https;34862;P.;460
15:34:22.585702;BP-Linux8;par10s38-in-f3.1e100.net.https;34862;P.;128
15:34:22.596738;par10s38-in-f3.1e100.net.https;BP-Linux8;34862;.;0
15:34:22.597502;par10s38-in-f3.1e100.net.https;BP-Linux8;34862;.;0
15:34:22.598198;par10s38-in-f3.1e100.net.https;BP-Linux8;34862;P.;400
15:34:22.598335;par10s38-in-f3.1e100.net.https;BP-Linux8;34862;P.;1418
15:34:22.598342;BP-Linux8;par10s38-in-f3.1e100.net.https;34862;.;0
15:34:22.598474;par10s38-in-f3.1e100.net.https;BP-Linux8;34862;.;1418
15:34:22.598477;par10s38-in-f3.1e100.net.https;BP-Linux8;34862;P.;1418
15:34:22.598480;BP-Linux8;par10s38-in-f3.1e100.net.https;34862;.;0
15:34:22.598769;par10s38-in-f3.1e100.net.https;BP-Linux8;34862;.;1418
15:34:22.598919;par10s38-in-f3.1e100.net.https;BP-Linux8;34862;.;1418
15:34:22.598924;BP-Linux8;par10s38-in-f3.1e100.net.https;34862;.;0
15:34:22.598932;par10s38-in-f3.1e100.net.https;BP-Linux8;34862;.;1418
15:34:22.598934;par10s38-in-f3.1e100.net.https;BP-Linux8;34862;P.;1418
15:34:22.598936;BP-Linux8;par10s38-in-f3.1e100.net.https;34862;.;0
15:34:22.599470;par10s38-in-f3.1e100.net.https;BP-Linux8;34862;.;1418
15:34:22.599617;par10s38-in-f3.1e100.net.https;BP-Linux8;34862;.;1418
15:34:22.599622;BP-Linux8;par10s38-in-f3.1e100.net.https;34862;.;0
15:34:22.599630;par10s38-in-f3.1e100.net.https;BP-Linux8;34862;.;1418
15:34:22.599632;par10s38-in-f3.1e100.net.https;BP-Linux8;34862;P.;1418
15:34:22.599634;BP-Linux8;par10s38-in-f3.1e100.net.https;34862;.;0
15:34:22.600176;par10s38-in-f3.1e100.net.https;BP-Linux8;34862;.;1418
15:34:22.600339;par10s38-in-f3.1e100.net.https;BP-Linux8;34862;.;1418
15:34:22.600345;BP-Linux8;par10s38-in-f3.1e100.net.https;34862;.;0
15:34:22.600353;par10s38-in-f3.1e100.net.https;BP-Linux8;34862;.;1418
15:34:22.600355;par10s38-in-f3.1e100.net.https;BP-Linux8;34862;.;1418
15:34:22.600357;BP-Linux8;par10s38-in-f3.1e100.net.https;34862;.;0
15:34:22.600361;par10s38-in-f3.1e100.net.https;BP-Linux8;34862;P.;1418
15:34:22.601044;par10s38-in-f3.1e100.net.https;BP-Linux8;34862;.;1418
15:34:22.601052;BP-Linux8;par10s38-in-f3.1e100.net.https;34862;.;0
15:34:22.601206;par10s38-in-f3.1e100.net.https;BP-Linux8;34862;.;1418
15:34:22.601211;par10s38-in-f3.1e100.net.https;BP-Linux8;34862;.;1418
15:34:22.601212;par10s38-in-f3.1e100.net.https;BP-Linux8;34862;.;1418
15:34:22.601214;par10s38-in-f3.1e100.net.https;BP-Linux8;34862;P.;1418
15:34:22.601310;BP-Linux8;par10s38-in-f3.1e100.net.https;34862;.;0
15:34:22.601922;par10s38-in-f3.1e100.net.https;BP-Linux8;34862;.;1418
15:34:22.601927;par10s38-in-f3.1e100.net.https;BP-Linux8;34862;.;1418
15:34:22.601931;BP-Linux8;par10s38-in-f3.1e100.net.https;34862;.;0
15:34:22.602027;par10s38-in-f3.1e100.net.https;BP-Linux8;34862;.;1418
15:34:22.602056;par10s38-in-f3.1e100.net.https;BP-Linux8;34862;.;1418
15:34:22.602058;par10s38-in-f3.1e100.net.https;BP-Linux8;34862;P.;1418
15:34:22.602073;BP-Linux8;par10s38-in-f3.1e100.net.https;34862;.;0
15:34:22.602791;par10s38-in-f3.1e100.net.https;BP-Linux8;34862;.;1418
15:34:22.602920;BP-Linux8;par10s38-in-f3.1e100.net.https;34862;P.;46
15:34:22.602946;par10s38-in-f3.1e100.net.https;BP-Linux8;34862;.;1418
15:34:22.602949;par10s38-in-f3.1e100.net.https;BP-Linux8;34862;.;1418
15:34:22.602951;par10s38-in-f3.1e100.net.https;BP-Linux8;34862;.;1418
15:34:22.602953;par10s38-in-f3.1e100.net.https;BP-Linux8;34862;P.;1418
15:34:22.602960;BP-Linux8;par10s38-in-f3.1e100.net.https;34862;.;0
15:34:22.603658;par10s38-in-f3.1e100.net.https;BP-Linux8;34862;.;1418
15:34:22.603820;par10s38-in-f3.1e100.net.https;BP-Linux8;34862;.;1418
15:34:22.603825;BP-Linux8;par10s38-in-f3.1e100.net.https;34862;.;0
15:34:22.603833;par10s38-in-f3.1e100.net.https;BP-Linux8;34862;.;1418
15:34:22.603835;par10s38-in-f3.1e100.net.https;BP-Linux8;34862;.;1418
15:34:22.603837;par10s38-in-f3.1e100.net.https;BP-Linux8;34862;P.;1418
15:34:22.603964;BP-Linux8;par10s38-in-f3.1e100.net.https;34862;.;0
15:34:22.604535;par10s38-in-f3.1e100.net.https;BP-Linux8;34862;.;1418
15:34:22.604696;par10s38-in-f3.1e100.net.https;BP-Linux8;34862;.;1418
15:34:22.604702;BP-Linux8;par10s38-in-f3.1e100.net.https;34862;.;0
15:34:22.604709;par10s38-in-f3.1e100.net.https;BP-Linux8;34862;.;1418
15:34:22.604711;par10s38-in-f3.1e100.net.https;BP-Linux8;34862;.;1418
15:34:22.604713;par10s38-in-f3.1e100.net.https;BP-Linux8;34862;P.;1418
15:34:22.604808;BP-Linux8;par10s38-in-f3.1e100.net.https;34862;.;0
15:34:22.605420;par10s38-in-f3.1e100.net.https;BP-Linux8;34862;.;1418
15:34:22.605426;par10s38-in-f3.1e100.net.https;BP-Linux8;34862;.;1418
15:34:22.605557;par10s38-in-f3.1e100.net.https;BP-Linux8;34862;.;1418
15:34:22.605562;par10s38-in-f3.1e100.net.https;BP-Linux8;34862;.;1418
15:34:22.605564;par10s38-in-f3.1e100.net.https;BP-Linux8;34862;P.;1418
15:34:22.606136;BP-Linux8;par10s38-in-f3.1e100.net.https;34862;.;0
15:34:22.606270;par10s38-in-f3.1e100.net.https;BP-Linux8;34862;.;1418
15:34:22.606433;par10s38-in-f3.1e100.net.https;BP-Linux8;34862;.;1418
15:34:22.606436;par10s38-in-f3.1e100.net.https;BP-Linux8;34862;.;1418
15:34:22.606439;par10s38-in-f3.1e100.net.https;BP-Linux8;34862;.;1418
15:34:22.606440;par10s38-in-f3.1e100.net.https;BP-Linux8;34862;P.;1418
15:34:22.606871;BP-Linux8;par10s38-in-f3.1e100.net.https;34862;.;0
15:34:22.610190;par10s38-in-f3.1e100.net.https;BP-Linux8;34862;.;1418
15:34:22.610333;par10s38-in-f3.1e100.net.https;BP-Linux8;34862;.;1418
15:34:22.610339;BP-Linux8;par10s38-in-f3.1e100.net.https;34862;.;0
15:34:22.610348;par10s38-in-f3.1e100.net.https;BP-Linux8;34862;.;1418
15:34:22.610350;par10s38-in-f3.1e100.net.https;BP-Linux8;34862;P.;1418
15:34:22.610784;par10s38-in-f3.1e100.net.https;BP-Linux8;34862;.;1418
15:34:22.610816;BP-Linux8;par10s38-in-f3.1e100.net.https;34862;.;0
15:34:22.610915;par10s38-in-f3.1e100.net.https;BP-Linux8;34862;.;1418
15:34:22.610918;par10s38-in-f3.1e100.net.https;BP-Linux8;34862;.;1418
15:34:22.610940;par10s38-in-f3.1e100.net.https;BP-Linux8;34862;.;1418
15:34:22.610942;par10s38-in-f3.1e100.net.https;BP-Linux8;34862;P.;1418
15:34:22.611396;par10s38-in-f3.1e100.net.https;BP-Linux8;34862;.;1418
15:34:22.611431;BP-Linux8;par10s38-in-f3.1e100.net.https;34862;.;0
15:34:22.611532;par10s38-in-f3.1e100.net.https;BP-Linux8;34862;.;1418
15:34:22.611535;par10s38-in-f3.1e100.net.https;BP-Linux8;34862;.;1418
15:34:22.611538;BP-Linux8;par10s38-in-f3.1e100.net.https;34862;.;0
15:34:22.611544;par10s38-in-f3.1e100.net.https;BP-Linux8;34862;.;1418
15:34:22.611552;par10s38-in-f3.1e100.net.https;BP-Linux8;34862;P.;1418
15:34:22.611554;BP-Linux8;par10s38-in-f3.1e100.net.https;34862;.;0
15:34:22.612292;par10s38-in-f3.1e100.net.https;BP-Linux8;34862;.;1418
15:34:22.612297;par10s38-in-f3.1e100.net.https;BP-Linux8;34862;.;1418
15:34:22.612299;BP-Linux8;par10s38-in-f3.1e100.net.https;34862;.;0
15:34:22.612401;par10s38-in-f3.1e100.net.https;BP-Linux8;34862;.;1418
15:34:22.612406;par10s38-in-f3.1e100.net.https;BP-Linux8;34862;.;1418
15:34:22.612409;BP-Linux8;par10s38-in-f3.1e100.net.https;34862;.;0
15:34:22.612416;par10s38-in-f3.1e100.net.https;BP-Linux8;34862;P.;1418
15:34:22.613150;par10s38-in-f3.1e100.net.https;BP-Linux8;34862;.;1418
15:34:22.613158;BP-Linux8;par10s38-in-f3.1e100.net.https;34862;.;0
15:34:22.613289;par10s38-in-f3.1e100.net.https;BP-Linux8;34862;.;1418
15:34:22.613295;par10s38-in-f3.1e100.net.https;BP-Linux8;34862;P.;1418
15:34:22.613299;BP-Linux8;par10s38-in-f3.1e100.net.https;34862;.;0
15:34:22.613677;par10s38-in-f3.1e100.net.https;BP-Linux8;34862;.;1418
15:34:22.613684;par10s38-in-f3.1e100.net.https;BP-Linux8;34862;.;1418
15:34:22.613688;BP-Linux8;par10s38-in-f3.1e100.net.https;34862;.;0
15:34:22.613781;par10s38-in-f3.1e100.net.https;BP-Linux8;34862;.;1418
15:34:22.613811;par10s38-in-f3.1e100.net.https;BP-Linux8;34862;.;1418
15:34:22.613814;BP-Linux8;par10s38-in-f3.1e100.net.https;34862;.;0
15:34:22.613820;par10s38-in-f3.1e100.net.https;BP-Linux8;34862;P.;1418
15:34:22.614535;par10s38-in-f3.1e100.net.https;BP-Linux8;34862;.;1418
15:34:22.614539;BP-Linux8;par10s38-in-f3.1e100.net.https;34862;.;0
15:34:22.614699;par10s38-in-f3.1e100.net.https;BP-Linux8;34862;.;1418
15:34:22.614701;par10s38-in-f3.1e100.net.https;BP-Linux8;34862;.;1418
15:34:22.614703;BP-Linux8;par10s38-in-f3.1e100.net.https;34862;.;0
15:34:22.614708;par10s38-in-f3.1e100.net.https;BP-Linux8;34862;.;1418
15:34:22.614710;par10s38-in-f3.1e100.net.https;BP-Linux8;34862;P.;1418
15:34:22.614712;BP-Linux8;par10s38-in-f3.1e100.net.https;34862;.;0
15:34:22.615404;par10s38-in-f3.1e100.net.https;BP-Linux8;34862;.;1418
15:34:22.615569;par10s38-in-f3.1e100.net.https;BP-Linux8;34862;.;1418
15:34:22.615575;BP-Linux8;par10s38-in-f3.1e100.net.https;34862;.;0
15:34:22.615582;par10s38-in-f3.1e100.net.https;BP-Linux8;34862;.;1418
15:34:22.615584;par10s38-in-f3.1e100.net.https;BP-Linux8;34862;.;1418
15:34:22.615586;BP-Linux8;par10s38-in-f3.1e100.net.https;34862;.;0
15:34:22.615590;par10s38-in-f3.1e100.net.https;BP-Linux8;34862;P.;1418
15:34:22.616286;par10s38-in-f3.1e100.net.https;BP-Linux8;34862;.;1418
15:34:22.616294;BP-Linux8;par10s38-in-f3.1e100.net.https;34862;.;0
15:34:22.616446;par10s38-in-f3.1e100.net.https;BP-Linux8;34862;.;1418
15:34:22.616451;par10s38-in-f3.1e100.net.https;BP-Linux8;34862;.;1418
15:34:22.616453;BP-Linux8;par10s38-in-f3.1e100.net.https;34862;.;0
15:34:22.616459;par10s38-in-f3.1e100.net.https;BP-Linux8;34862;.;1418
15:34:22.616461;par10s38-in-f3.1e100.net.https;BP-Linux8;34862;P.;1418
15:34:22.616463;BP-Linux8;par10s38-in-f3.1e100.net.https;34862;.;0
15:34:22.617181;par10s38-in-f3.1e100.net.https;BP-Linux8;34862;.;1418
15:34:22.617345;par10s38-in-f3.1e100.net.https;BP-Linux8;34862;.;1418
15:34:22.617352;BP-Linux8;par10s38-in-f3.1e100.net.https;34862;.;0
15:34:22.617360;par10s38-in-f3.1e100.net.https;BP-Linux8;34862;.;1418
15:34:22.617362;par10s38-in-f3.1e100.net.https;BP-Linux8;34862;.;1418
15:34:22.617364;BP-Linux8;par10s38-in-f3.1e100.net.https;34862;.;0
15:34:22.617368;par10s38-in-f3.1e100.net.https;BP-Linux8;34862;P.;1418
15:34:22.618038;par10s38-in-f3.1e100.net.https;BP-Linux8;34862;.;1418
15:34:22.618042;BP-Linux8;par10s38-in-f3.1e100.net.https;34862;.;0
15:34:22.618209;par10s38-in-f3.1e100.net.https;BP-Linux8;34862;.;1418
15:34:22.618215;par10s38-in-f3.1e100.net.https;BP-Linux8;34862;.;1418
15:34:22.618219;BP-Linux8;par10s38-in-f3.1e100.net.https;34862;.;0
15:34:22.618226;par10s38-in-f3.1e100.net.https;BP-Linux8;34862;.;1418
15:34:22.618228;par10s38-in-f3.1e100.net.https;BP-Linux8;34862;P.;1418
15:34:22.618230;BP-Linux8;par10s38-in-f3.1e100.net.https;34862;.;0
15:34:22.618858;par10s38-in-f3.1e100.net.https;BP-Linux8;34862;.;1418
15:34:22.619024;par10s38-in-f3.1e100.net.https;BP-Linux8;34862;.;1418
15:34:22.619032;BP-Linux8;par10s38-in-f3.1e100.net.https;34862;.;0
15:34:22.619040;par10s38-in-f3.1e100.net.https;BP-Linux8;34862;.;1418
15:34:22.619042;par10s38-in-f3.1e100.net.https;BP-Linux8;34862;.;1418
15:34:22.619044;BP-Linux8;par10s38-in-f3.1e100.net.https;34862;.;0
15:34:22.619048;par10s38-in-f3.1e100.net.https;BP-Linux8;34862;P.;1418
15:34:22.619627;par10s38-in-f3.1e100.net.https;BP-Linux8;34862;.;1418
15:34:22.619635;BP-Linux8;par10s38-in-f3.1e100.net.https;34862;.;0
15:34:22.619804;par10s38-in-f3.1e100.net.https;BP-Linux8;34862;.;1418
15:34:22.619808;par10s38-in-f3.1e100.net.https;BP-Linux8;34862;.;1418
15:34:22.619809;par10s38-in-f3.1e100.net.https;BP-Linux8;34862;.;1418
15:34:22.619811;par10s38-in-f3.1e100.net.https;BP-Linux8;34862;.;1418
15:34:22.619812;par10s38-in-f3.1e100.net.https;BP-Linux8;34862;P.;1418
15:34:22.619857;BP-Linux8;par10s38-in-f3.1e100.net.https;34862;.;0
15:34:22.620558;par10s38-in-f3.1e100.net.https;BP-Linux8;34862;.;1418
15:34:22.620681;par10s38-in-f3.1e100.net.https;BP-Linux8;34862;.;1418
15:34:22.620686;BP-Linux8;par10s38-in-f3.1e100.net.https;34862;.;0
15:34:22.620878;par10s38-in-f3.1e100.net.https;BP-Linux8;34862;.;1418
15:34:22.620881;par10s38-in-f3.1e100.net.https;BP-Linux8;34862;.;1418
15:34:22.620883;par10s38-in-f3.1e100.net.https;BP-Linux8;34862;.;1418
15:34:22.620885;par10s38-in-f3.1e100.net.https;BP-Linux8;34862;.;1418
15:34:22.620886;par10s38-in-f3.1e100.net.https;BP-Linux8;34862;.;1418
15:34:22.620887;par10s38-in-f3.1e100.net.https;BP-Linux8;34862;P.;1418
15:34:22.621641;par10s38-in-f3.1e100.net.https;BP-Linux8;34862;.;1418
15:34:22.621833;par10s38-in-f3.1e100.net.https;BP-Linux8;34862;.;1418
15:34:22.621835;par10s38-in-f3.1e100.net.https;BP-Linux8;34862;.;1418
15:34:22.621837;par10s38-in-f3.1e100.net.https;BP-Linux8;34862;.;1418
15:34:22.621838;par10s38-in-f3.1e100.net.https;BP-Linux8;34862;.;1418
15:34:22.621839;par10s38-in-f3.1e100.net.https;BP-Linux8;34862;.;1418
15:34:22.621841;par10s38-in-f3.1e100.net.https;BP-Linux8;34862;P.;1418
15:34:22.621952;BP-Linux8;par10s38-in-f3.1e100.net.https;34862;.;0
15:34:22.622062;BP-Linux8;par10s38-in-f3.1e100.net.https;34862;.;0
15:34:22.622620;par10s38-in-f3.1e100.net.https;BP-Linux8;34862;.;1418
15:34:22.622809;par10s38-in-f3.1e100.net.https;BP-Linux8;34862;.;1418
15:34:22.622813;par10s38-in-f3.1e100.net.https;BP-Linux8;34862;.;1418
15:34:22.622815;par10s38-in-f3.1e100.net.https;BP-Linux8;34862;.;1418
15:34:22.622816;par10s38-in-f3.1e100.net.https;BP-Linux8;34862;.;1418
15:34:22.622817;par10s38-in-f3.1e100.net.https;BP-Linux8;34862;.;1418
15:34:22.622820;par10s38-in-f3.1e100.net.https;BP-Linux8;34862;P.;1418
15:34:22.623582;par10s38-in-f3.1e100.net.https;BP-Linux8;34862;.;1418
15:34:22.623774;par10s38-in-f3.1e100.net.https;BP-Linux8;34862;.;1418
15:34:22.623775;par10s38-in-f3.1e100.net.https;BP-Linux8;34862;.;1418
15:34:22.623777;par10s38-in-f3.1e100.net.https;BP-Linux8;34862;.;1418
15:34:22.623778;par10s38-in-f3.1e100.net.https;BP-Linux8;34862;.;1418
15:34:22.623780;par10s38-in-f3.1e100.net.https;BP-Linux8;34862;.;1418
15:34:22.623781;par10s38-in-f3.1e100.net.https;BP-Linux8;34862;P.;1418
15:34:22.624545;par10s38-in-f3.1e100.net.https;BP-Linux8;34862;.;1418
15:34:22.624738;par10s38-in-f3.1e100.net.https;BP-Linux8;34862;.;1418
15:34:22.624740;par10s38-in-f3.1e100.net.https;BP-Linux8;34862;.;1418
15:34:22.624742;par10s38-in-f3.1e100.net.https;BP-Linux8;34862;.;1418
15:34:22.624744;par10s38-in-f3.1e100.net.https;BP-Linux8;34862;.;1418
15:34:22.624745;par10s38-in-f3.1e100.net.https;BP-Linux8;34862;.;1418
15:34:22.624746;par10s38-in-f3.1e100.net.https;BP-Linux8;34862;P.;1418
15:34:22.624770;BP-Linux8;par10s38-in-f3.1e100.net.https;34862;.;0
15:34:22.625102;par10s38-in-f3.1e100.net.https;BP-Linux8;34862;.;1418
15:34:22.625296;par10s38-in-f3.1e100.net.https;BP-Linux8;34862;.;1418
15:34:22.625300;par10s38-in-f3.1e100.net.https;BP-Linux8;34862;.;1418
15:34:22.625302;par10s38-in-f3.1e100.net.https;BP-Linux8;34862;.;1418
15:34:22.625303;par10s38-in-f3.1e100.net.https;BP-Linux8;34862;.;1418
15:34:22.625305;par10s38-in-f3.1e100.net.https;BP-Linux8;34862;.;1418
15:34:22.625306;par10s38-in-f3.1e100.net.https;BP-Linux8;34862;P.;1418
15:34:22.625659;par10s38-in-f3.1e100.net.https;BP-Linux8;34862;.;1418
15:34:22.625664;par10s38-in-f3.1e100.net.https;BP-Linux8;34862;.;1418
15:34:22.625894;par10s38-in-f3.1e100.net.https;BP-Linux8;34862;.;1418
15:34:22.625898;par10s38-in-f3.1e100.net.https;BP-Linux8;34862;.;1418
15:34:22.625900;par10s38-in-f3.1e100.net.https;BP-Linux8;34862;.;1418
15:34:22.625901;par10s38-in-f3.1e100.net.https;BP-Linux8;34862;.;1418
15:34:22.625903;par10s38-in-f3.1e100.net.https;BP-Linux8;34862;.;1418
15:34:22.625904;par10s38-in-f3.1e100.net.https;BP-Linux8;34862;.;1418
15:34:22.625906;par10s38-in-f3.1e100.net.https;BP-Linux8;34862;.;1418
15:34:22.625907;par10s38-in-f3.1e100.net.https;BP-Linux8;34862;.;1418
15:34:22.625908;par10s38-in-f3.1e100.net.https;BP-Linux8;34862;.;1418
15:34:22.625909;par10s38-in-f3.1e100.net.https;BP-Linux8;34862;P.;1418
15:34:22.626574;par10s38-in-f3.1e100.net.https;BP-Linux8;34862;.;1418
15:34:22.626579;par10s38-in-f3.1e100.net.https;BP-Linux8;34862;.;1418
15:34:22.626808;par10s38-in-f3.1e100.net.https;BP-Linux8;34862;.;1418
15:34:22.626812;par10s38-in-f3.1e100.net.https;BP-Linux8;34862;.;1418
15:34:22.626814;par10s38-in-f3.1e100.net.https;BP-Linux8;34862;.;1418
15:34:22.626816;par10s38-in-f3.1e100.net.https;BP-Linux8;34862;.;1418
15:34:22.626818;par10s38-in-f3.1e100.net.https;BP-Linux8;34862;.;1418
15:34:22.626819;par10s38-in-f3.1e100.net.https;BP-Linux8;34862;.;1418
15:34:22.626821;par10s38-in-f3.1e100.net.https;BP-Linux8;34862;.;1418
15:34:22.626822;par10s38-in-f3.1e100.net.https;BP-Linux8;34862;.;1418
15:34:22.626824;par10s38-in-f3.1e100.net.https;BP-Linux8;34862;.;1418
15:34:22.626825;par10s38-in-f3.1e100.net.https;BP-Linux8;34862;P.;1418
15:34:22.627451;par10s38-in-f3.1e100.net.https;BP-Linux8;34862;.;1418
15:34:22.627455;par10s38-in-f3.1e100.net.https;BP-Linux8;34862;.;1418
15:34:22.627697;par10s38-in-f3.1e100.net.https;BP-Linux8;34862;.;1418
15:34:22.627700;par10s38-in-f3.1e100.net.https;BP-Linux8;34862;.;1418
15:34:22.627701;par10s38-in-f3.1e100.net.https;BP-Linux8;34862;.;1418
15:34:22.627702;par10s38-in-f3.1e100.net.https;BP-Linux8;34862;.;1418
15:34:22.627704;par10s38-in-f3.1e100.net.https;BP-Linux8;34862;.;1418
15:34:22.627705;par10s38-in-f3.1e100.net.https;BP-Linux8;34862;.;1418
15:34:22.627707;par10s38-in-f3.1e100.net.https;BP-Linux8;34862;.;1418
15:34:22.627709;par10s38-in-f3.1e100.net.https;BP-Linux8;34862;.;1418
15:34:22.627710;par10s38-in-f3.1e100.net.https;BP-Linux8;34862;.;1418
15:34:22.627720;par10s38-in-f3.1e100.net.https;BP-Linux8;34862;.;1418
15:34:22.627721;par10s38-in-f3.1e100.net.https;BP-Linux8;34862;P.;1418
15:34:22.627980;BP-Linux8;par10s38-in-f3.1e100.net.https;34862;.;0
15:34:22.628433;par10s38-in-f3.1e100.net.https;BP-Linux8;34862;.;1418
15:34:22.628650;par10s38-in-f3.1e100.net.https;BP-Linux8;34862;.;1418
15:34:22.628653;BP-Linux8;par10s38-in-f3.1e100.net.https;34862;.;0
15:34:22.628659;par10s38-in-f3.1e100.net.https;BP-Linux8;34862;.;1418
15:34:22.628661;par10s38-in-f3.1e100.net.https;BP-Linux8;34862;.;1418
15:34:22.628662;par10s38-in-f3.1e100.net.https;BP-Linux8;34862;.;1418
15:34:22.628664;par10s38-in-f3.1e100.net.https;BP-Linux8;34862;.;1418
15:34:22.628665;par10s38-in-f3.1e100.net.https;BP-Linux8;34862;.;1418
15:34:22.628666;par10s38-in-f3.1e100.net.https;BP-Linux8;34862;.;1418
15:34:22.628668;par10s38-in-f3.1e100.net.https;BP-Linux8;34862;P.;1418
15:34:22.628765;BP-Linux8;par10s38-in-f3.1e100.net.https;34862;.;0
15:34:22.629093;par10s38-in-f3.1e100.net.https;BP-Linux8;34862;.;1418
15:34:22.629363;par10s38-in-f3.1e100.net.https;BP-Linux8;34862;.;1418
15:34:22.629366;par10s38-in-f3.1e100.net.https;BP-Linux8;34862;.;1418
15:34:22.629367;par10s38-in-f3.1e100.net.https;BP-Linux8;34862;.;1418
15:34:22.629368;par10s38-in-f3.1e100.net.https;BP-Linux8;34862;.;1418
15:34:22.629370;par10s38-in-f3.1e100.net.https;BP-Linux8;34862;.;1418
15:34:22.629371;par10s38-in-f3.1e100.net.https;BP-Linux8;34862;.;1418
15:34:22.629372;par10s38-in-f3.1e100.net.https;BP-Linux8;34862;.;1418
15:34:22.629373;par10s38-in-f3.1e100.net.https;BP-Linux8;34862;.;1418
15:34:22.629374;par10s38-in-f3.1e100.net.https;BP-Linux8;34862;.;1418
15:34:22.629376;par10s38-in-f3.1e100.net.https;BP-Linux8;34862;.;1418
15:34:22.629377;par10s38-in-f3.1e100.net.https;BP-Linux8;34862;.;1418
15:34:22.629378;par10s38-in-f3.1e100.net.https;BP-Linux8;34862;P.;1418
15:34:22.629387;BP-Linux8;par10s38-in-f3.1e100.net.https;34862;.;0
15:34:22.630047;par10s38-in-f3.1e100.net.https;BP-Linux8;34862;.;1418
15:34:22.630174;par10s38-in-f3.1e100.net.https;BP-Linux8;34862;.;1418
15:34:22.630178;par10s38-in-f3.1e100.net.https;BP-Linux8;34862;P.;536
15:34:22.632747;BP-Linux8;par10s38-in-f3.1e100.net.https;34862;.;0
15:34:22.720980;BP-Linux8;par21s23-in-f3.1e100.net.https;53440;P.;224
15:34:22.724732;BP-Linux8;server-54-230-114-73.mrs52.r.cloudfront.net.https;51712;.;0
15:34:22.724929;BP-Linux8.ssh;192.168.190.130;50245;P.;100
15:34:22.731087;server-54-230-114-73.mrs52.r.cloudfront.net.https;BP-Linux8;51712;.;0
15:34:22.733312;par21s23-in-f3.1e100.net.https;BP-Linux8;53440;P.;90
15:34:22.733441;par21s23-in-f3.1e100.net.https;BP-Linux8;53440;P.;1418
15:34:22.733578;par21s23-in-f3.1e100.net.https;BP-Linux8;53440;.;1418
15:34:22.733584;BP-Linux8;par21s23-in-f3.1e100.net.https;53440;.;0
15:34:22.733592;par21s23-in-f3.1e100.net.https;BP-Linux8;53440;P.;1418
15:34:22.733888;par21s23-in-f3.1e100.net.https;BP-Linux8;53440;.;1418
15:34:22.734055;par21s23-in-f3.1e100.net.https;BP-Linux8;53440;.;1418
15:34:22.734059;par21s23-in-f3.1e100.net.https;BP-Linux8;53440;.;1418
15:34:22.734061;par21s23-in-f3.1e100.net.https;BP-Linux8;53440;.;1418
15:34:22.734063;par21s23-in-f3.1e100.net.https;BP-Linux8;53440;P.;1418
15:34:22.734836;par21s23-in-f3.1e100.net.https;BP-Linux8;53440;.;1418
15:34:22.734840;par21s23-in-f3.1e100.net.https;BP-Linux8;53440;.;1418
15:34:22.734970;par21s23-in-f3.1e100.net.https;BP-Linux8;53440;.;1418
15:34:22.734974;par21s23-in-f3.1e100.net.https;BP-Linux8;53440;.;1418
15:34:22.734976;par21s23-in-f3.1e100.net.https;BP-Linux8;53440;P.;1418
15:34:22.735761;par21s23-in-f3.1e100.net.https;BP-Linux8;53440;.;1418
15:34:22.735928;par21s23-in-f3.1e100.net.https;BP-Linux8;53440;.;1418
15:34:22.735932;par21s23-in-f3.1e100.net.https;BP-Linux8;53440;.;1418
15:34:22.735934;par21s23-in-f3.1e100.net.https;BP-Linux8;53440;.;1418
15:34:22.735935;par21s23-in-f3.1e100.net.https;BP-Linux8;53440;P.;1418
15:34:22.736691;par21s23-in-f3.1e100.net.https;BP-Linux8;53440;.;1418
15:34:22.736855;par21s23-in-f3.1e100.net.https;BP-Linux8;53440;.;1418
15:34:22.736858;par21s23-in-f3.1e100.net.https;BP-Linux8;53440;.;1418
15:34:22.736860;par21s23-in-f3.1e100.net.https;BP-Linux8;53440;.;1418
15:34:22.736862;par21s23-in-f3.1e100.net.https;BP-Linux8;53440;P.;1418
15:34:22.737616;par21s23-in-f3.1e100.net.https;BP-Linux8;53440;.;1418
15:34:22.737776;par21s23-in-f3.1e100.net.https;BP-Linux8;53440;.;1418
15:34:22.737780;par21s23-in-f3.1e100.net.https;BP-Linux8;53440;.;1418
15:34:22.737781;par21s23-in-f3.1e100.net.https;BP-Linux8;53440;.;1418
15:34:22.737783;par21s23-in-f3.1e100.net.https;BP-Linux8;53440;P.;1418
15:34:22.738548;par21s23-in-f3.1e100.net.https;BP-Linux8;53440;.;1418
15:34:22.738711;par21s23-in-f3.1e100.net.https;BP-Linux8;53440;.;1418
15:34:22.738714;par21s23-in-f3.1e100.net.https;BP-Linux8;53440;.;1418
15:34:22.738716;par21s23-in-f3.1e100.net.https;BP-Linux8;53440;.;1418
15:34:22.738717;par21s23-in-f3.1e100.net.https;BP-Linux8;53440;P.;1418
15:34:22.739479;par21s23-in-f3.1e100.net.https;BP-Linux8;53440;.;1418
15:34:22.739640;par21s23-in-f3.1e100.net.https;BP-Linux8;53440;.;1418
15:34:22.739644;par21s23-in-f3.1e100.net.https;BP-Linux8;53440;.;1418
15:34:22.739645;par21s23-in-f3.1e100.net.https;BP-Linux8;53440;.;1418
15:34:22.739647;par21s23-in-f3.1e100.net.https;BP-Linux8;53440;P.;1418
15:34:22.740412;par21s23-in-f3.1e100.net.https;BP-Linux8;53440;.;1418
15:34:22.740541;par21s23-in-f3.1e100.net.https;BP-Linux8;53440;.;1418
15:34:22.740545;par21s23-in-f3.1e100.net.https;BP-Linux8;53440;P.;1257
15:34:22.741864;BP-Linux8;par21s23-in-f3.1e100.net.https;53440;.;0
15:34:22.745291;192.168.190.130;BP-Linux8.ssh;50245;.;0
15:34:22.759654;BP-Linux8;par10s38-in-f3.1e100.net.https;34862;P.;107
15:34:22.759825;BP-Linux8;par21s23-in-f3.1e100.net.https;53440;P.;46
15:34:22.766053;BP-Linux8;par10s38-in-f3.1e100.net.https;34862;P.;177
15:34:22.766227;BP-Linux8;par10s38-in-f3.1e100.net.https;34862;P.;38
15:34:22.775990;par10s38-in-f3.1e100.net.https;BP-Linux8;34862;.;0
15:34:22.776855;par21s23-in-f3.1e100.net.https;BP-Linux8;53440;.;0
15:34:22.777573;par10s38-in-f3.1e100.net.https;BP-Linux8;34862;P.;154
15:34:22.777714;par10s38-in-f3.1e100.net.https;BP-Linux8;34862;P.;817
15:34:22.777717;par10s38-in-f3.1e100.net.https;BP-Linux8;34862;P.;38
15:34:22.777719;par10s38-in-f3.1e100.net.https;BP-Linux8;34862;P.;46
15:34:22.777860;BP-Linux8;par10s38-in-f3.1e100.net.https;34862;.;0
15:34:22.777903;BP-Linux8;par10s38-in-f3.1e100.net.https;34862;P.;46
15:34:22.778704;par10s38-in-f3.1e100.net.https;BP-Linux8;34862;.;0
15:34:22.787377;par10s38-in-f3.1e100.net.https;BP-Linux8;34862;P.;155
15:34:22.787499;par10s38-in-f3.1e100.net.https;BP-Linux8;34862;P.;38
15:34:22.787969;BP-Linux8;par10s38-in-f3.1e100.net.https;34862;.;0
15:34:22.793996;par10s38-in-f3.1e100.net.https;BP-Linux8;34862;.;0
15:34:23.433461;BP-Linux8;par10s38-in-f3.1e100.net.https;34862;P.;158
15:34:23.445307;par10s38-in-f3.1e100.net.https;BP-Linux8;34862;.;0
15:34:23.454408;BP-Linux8;par10s38-in-f3.1e100.net.https;34862;P.;1198
15:34:23.465249;BP-Linux8;par10s38-in-f3.1e100.net.https;34862;P.;116
15:34:23.466252;par10s38-in-f3.1e100.net.https;BP-Linux8;34862;.;0
15:34:23.468243;par10s38-in-f3.1e100.net.https;BP-Linux8;34862;P.;115
15:34:23.468428;par10s38-in-f3.1e100.net.https;BP-Linux8;34862;P.;1418
15:34:23.468435;BP-Linux8;par10s38-in-f3.1e100.net.https;34862;.;0
15:34:23.468444;par10s38-in-f3.1e100.net.https;BP-Linux8;34862;.;1418
15:34:23.468448;par10s38-in-f3.1e100.net.https;BP-Linux8;34862;P.;1418
15:34:23.468450;BP-Linux8;par10s38-in-f3.1e100.net.https;34862;.;0
15:34:23.468454;par10s38-in-f3.1e100.net.https;BP-Linux8;34862;P.;1418
15:34:23.468545;par10s38-in-f3.1e100.net.https;BP-Linux8;34862;.;1418
15:34:23.468549;BP-Linux8;par10s38-in-f3.1e100.net.https;34862;.;0
15:34:23.468555;par10s38-in-f3.1e100.net.https;BP-Linux8;34862;.;1418
15:34:23.468558;par10s38-in-f3.1e100.net.https;BP-Linux8;34862;.;1418
15:34:23.468559;par10s38-in-f3.1e100.net.https;BP-Linux8;34862;P.;1418
15:34:23.468601;BP-Linux8;par10s38-in-f3.1e100.net.https;34862;.;0
15:34:23.468673;par10s38-in-f3.1e100.net.https;BP-Linux8;34862;.;1418
15:34:23.468675;par10s38-in-f3.1e100.net.https;BP-Linux8;34862;.;1418
15:34:23.468677;par10s38-in-f3.1e100.net.https;BP-Linux8;34862;.;1418
15:34:23.468679;par10s38-in-f3.1e100.net.https;BP-Linux8;34862;.;1418
15:34:23.468705;BP-Linux8;par10s38-in-f3.1e100.net.https;34862;.;0
15:34:23.468801;par10s38-in-f3.1e100.net.https;BP-Linux8;34862;.;1418
15:34:23.468804;par10s38-in-f3.1e100.net.https;BP-Linux8;34862;.;1418
15:34:23.468806;par10s38-in-f3.1e100.net.https;BP-Linux8;34862;.;1418
15:34:23.468807;par10s38-in-f3.1e100.net.https;BP-Linux8;34862;.;1418
15:34:23.468808;par10s38-in-f3.1e100.net.https;BP-Linux8;34862;P.;1418
15:34:23.468820;BP-Linux8;par10s38-in-f3.1e100.net.https;34862;.;0
15:34:23.468959;par10s38-in-f3.1e100.net.https;BP-Linux8;34862;.;1418
15:34:23.469125;par10s38-in-f3.1e100.net.https;BP-Linux8;34862;.;1418
15:34:23.469127;par10s38-in-f3.1e100.net.https;BP-Linux8;34862;.;1418
15:34:23.469129;par10s38-in-f3.1e100.net.https;BP-Linux8;34862;.;1418
15:34:23.469131;par10s38-in-f3.1e100.net.https;BP-Linux8;34862;P.;1418
15:34:23.469163;BP-Linux8;par10s38-in-f3.1e100.net.https;34862;.;0
15:34:23.469261;par10s38-in-f3.1e100.net.https;BP-Linux8;34862;.;1418
15:34:23.469262;par10s38-in-f3.1e100.net.https;BP-Linux8;34862;.;1418
15:34:23.469265;par10s38-in-f3.1e100.net.https;BP-Linux8;34862;.;1418
15:34:23.469266;par10s38-in-f3.1e100.net.https;BP-Linux8;34862;.;1418
15:34:23.469268;par10s38-in-f3.1e100.net.https;BP-Linux8;34862;.;1418
15:34:23.469269;par10s38-in-f3.1e100.net.https;BP-Linux8;34862;.;1418
15:34:23.469343;BP-Linux8;par10s38-in-f3.1e100.net.https;34862;.;0
15:34:23.469430;par10s38-in-f3.1e100.net.https;BP-Linux8;34862;.;1418
15:34:23.469432;par10s38-in-f3.1e100.net.https;BP-Linux8;34862;.;1418
15:34:23.469434;par10s38-in-f3.1e100.net.https;BP-Linux8;34862;.;1418
15:34:23.469435;par10s38-in-f3.1e100.net.https;BP-Linux8;34862;.;1418
15:34:23.469437;par10s38-in-f3.1e100.net.https;BP-Linux8;34862;.;1418
15:34:23.469438;par10s38-in-f3.1e100.net.https;BP-Linux8;34862;.;1418
15:34:23.469440;par10s38-in-f3.1e100.net.https;BP-Linux8;34862;.;1418
15:34:23.469441;par10s38-in-f3.1e100.net.https;BP-Linux8;34862;.;1418
15:34:23.469443;par10s38-in-f3.1e100.net.https;BP-Linux8;34862;.;1418
15:34:23.469444;par10s38-in-f3.1e100.net.https;BP-Linux8;34862;.;1418
15:34:23.469446;par10s38-in-f3.1e100.net.https;BP-Linux8;34862;.;1418
15:34:23.469448;par10s38-in-f3.1e100.net.https;BP-Linux8;34862;.;1418
15:34:23.469453;BP-Linux8;par10s38-in-f3.1e100.net.https;34862;.;0
15:34:23.469460;par10s38-in-f3.1e100.net.https;BP-Linux8;34862;.;1418
15:34:23.469462;par10s38-in-f3.1e100.net.https;BP-Linux8;34862;P.;587
15:34:23.469465;BP-Linux8;par10s38-in-f3.1e100.net.https;34862;.;0
15:34:23.469817;par10s38-in-f3.1e100.net.https;BP-Linux8;34862;P.;46
15:34:23.479325;BP-Linux8;par10s38-in-f3.1e100.net.https;34862;P.;46
15:34:23.480213;par10s38-in-f3.1e100.net.https;BP-Linux8;34862;.;0
15:34:23.490065;par10s38-in-f3.1e100.net.https;BP-Linux8;34862;P.;160
15:34:23.490181;par10s38-in-f3.1e100.net.https;BP-Linux8;34862;P.;86
15:34:23.490261;BP-Linux8;par10s38-in-f3.1e100.net.https;34862;.;0
15:34:23.491072;par10s38-in-f3.1e100.net.https;BP-Linux8;34862;P.;154
15:34:23.491192;par10s38-in-f3.1e100.net.https;BP-Linux8;34862;P.;38
15:34:23.492835;BP-Linux8;par10s38-in-f3.1e100.net.https;34862;.;0
15:34:23.494959;par10s38-in-f3.1e100.net.https;BP-Linux8;34862;P.;39
15:34:23.495079;par10s38-in-f3.1e100.net.https;BP-Linux8;34862;P.;38
15:34:23.495083;par10s38-in-f3.1e100.net.https;BP-Linux8;34862;P.;46
15:34:23.495193;BP-Linux8;par10s38-in-f3.1e100.net.https;34862;.;0
15:34:23.495237;BP-Linux8;par10s38-in-f3.1e100.net.https;34862;P.;46
15:34:23.511993;par10s38-in-f3.1e100.net.https;BP-Linux8;34862;.;0
15:34:23.705315;BP-Linux8;par10s38-in-f3.1e100.net.https;34862;P.;1214
15:34:23.717176;par10s38-in-f3.1e100.net.https;BP-Linux8;34862;.;0
15:34:23.718124;par10s38-in-f3.1e100.net.https;BP-Linux8;34862;P.;114
15:34:23.718270;par10s38-in-f3.1e100.net.https;BP-Linux8;34862;P.;1418
15:34:23.718275;par10s38-in-f3.1e100.net.https;BP-Linux8;34862;P.;416
15:34:23.718277;par10s38-in-f3.1e100.net.https;BP-Linux8;34862;P.;46
15:34:23.718307;BP-Linux8;par10s38-in-f3.1e100.net.https;34862;.;0
15:34:23.718528;BP-Linux8;par10s38-in-f3.1e100.net.https;34862;P.;46
15:34:23.724916;BP-Linux8.ssh;192.168.190.130;50245;P.;100
15:34:23.735030;par10s38-in-f3.1e100.net.https;BP-Linux8;34862;.;0
15:34:23.745272;192.168.190.130;BP-Linux8.ssh;50245;.;0
15:34:23.752686;BP-Linux8;par10s38-in-f3.1e100.net.https;34862;P.;120
15:34:23.752796;BP-Linux8;par10s38-in-f3.1e100.net.https;34862;P.;38
15:34:23.764505;par10s38-in-f3.1e100.net.https;BP-Linux8;34862;.;0
15:34:23.764836;par10s38-in-f3.1e100.net.https;BP-Linux8;34862;.;0
15:34:23.771680;par10s38-in-f3.1e100.net.https;BP-Linux8;34862;P.;153
15:34:23.771801;par10s38-in-f3.1e100.net.https;BP-Linux8;34862;P.;38
15:34:23.771806;par10s38-in-f3.1e100.net.https;BP-Linux8;34862;P.;46
15:34:23.771910;BP-Linux8;par10s38-in-f3.1e100.net.https;34862;.;0
15:34:23.771958;BP-Linux8;par10s38-in-f3.1e100.net.https;34862;P.;46
15:34:23.787984;par10s38-in-f3.1e100.net.https;BP-Linux8;34862;.;0
15:34:23.851004;BP-Linux8;par21s20-in-f2.1e100.net.https;55498;P.;265
15:34:23.861034;BP-Linux8;par10s38-in-f3.1e100.net.https;34862;P.;77
15:34:23.862831;par21s20-in-f2.1e100.net.https;BP-Linux8;55498;.;0
15:34:23.868785;par21s20-in-f2.1e100.net.https;BP-Linux8;55498;P.;161
15:34:23.868887;par21s20-in-f2.1e100.net.https;BP-Linux8;55498;P.;38
15:34:23.868891;par21s20-in-f2.1e100.net.https;BP-Linux8;55498;P.;46
15:34:23.868996;BP-Linux8;par21s20-in-f2.1e100.net.https;55498;.;0
15:34:23.869041;BP-Linux8;par21s20-in-f2.1e100.net.https;55498;P.;46
15:34:23.872106;BP-Linux8;par10s38-in-f3.1e100.net.https;34862;P.;311
15:34:23.872213;BP-Linux8;par10s38-in-f3.1e100.net.https;34862;P.;38
15:34:23.872861;par10s38-in-f3.1e100.net.https;BP-Linux8;34862;.;0
15:34:23.873304;par10s38-in-f3.1e100.net.https;BP-Linux8;34862;P.;162
15:34:23.873446;par10s38-in-f3.1e100.net.https;BP-Linux8;34862;P.;1418
15:34:23.873452;par10s38-in-f3.1e100.net.https;BP-Linux8;34862;P.;143
15:34:23.873453;par10s38-in-f3.1e100.net.https;BP-Linux8;34862;P.;46
15:34:23.876339;BP-Linux8;par10s38-in-f3.1e100.net.https;34862;.;0
15:34:23.876648;BP-Linux8;par10s38-in-f3.1e100.net.https;34862;P.;46
15:34:23.884143;par10s38-in-f3.1e100.net.https;BP-Linux8;34862;.;0
15:34:23.885013;BP-Linux8;par21s23-in-f2.1e100.net.https;33513;P.;209
15:34:23.886349;par21s20-in-f2.1e100.net.https;BP-Linux8;55498;.;0
15:34:23.901131;par10s38-in-f3.1e100.net.https;BP-Linux8;34862;P.;153
15:34:23.901139;par10s38-in-f3.1e100.net.https;BP-Linux8;34862;P.;38
15:34:23.901141;par10s38-in-f3.1e100.net.https;BP-Linux8;34862;P.;46
15:34:23.901142;par21s23-in-f2.1e100.net.https;BP-Linux8;33513;.;0
15:34:23.901300;BP-Linux8;par10s38-in-f3.1e100.net.https;34862;.;0
15:34:23.901348;BP-Linux8;par10s38-in-f3.1e100.net.https;34862;P.;46
15:34:23.902533;par21s23-in-f2.1e100.net.https;BP-Linux8;33513;P.;207
15:34:23.902689;BP-Linux8;par21s23-in-f2.1e100.net.https;33513;P.;46
15:34:23.912296;BP-Linux8;lhr25s01-in-f2.1e100.net.https;35207;P.;170
15:34:23.918003;par10s38-in-f3.1e100.net.https;BP-Linux8;34862;.;0
15:34:23.920365;par21s23-in-f2.1e100.net.https;BP-Linux8;33513;.;0
15:34:23.924103;lhr25s01-in-f2.1e100.net.https;BP-Linux8;35207;.;0
15:34:23.929555;lhr25s01-in-f2.1e100.net.https;BP-Linux8;35207;P.;182
15:34:23.929669;lhr25s01-in-f2.1e100.net.https;BP-Linux8;35207;P.;38
15:34:23.929673;lhr25s01-in-f2.1e100.net.https;BP-Linux8;35207;P.;46
15:34:23.929797;BP-Linux8;lhr25s01-in-f2.1e100.net.https;35207;.;0
15:34:23.929846;BP-Linux8;lhr25s01-in-f2.1e100.net.https;35207;P.;46
15:34:23.931392;BP-Linux8;par21s20-in-f2.1e100.net.https;55498;P.;153
15:34:23.943194;par21s20-in-f2.1e100.net.https;BP-Linux8;55498;.;0
15:34:23.946406;lhr25s01-in-f2.1e100.net.https;BP-Linux8;35207;.;0
15:34:23.949105;par21s20-in-f2.1e100.net.https;BP-Linux8;55498;P.;318
15:34:23.949232;par21s20-in-f2.1e100.net.https;BP-Linux8;55498;P.;38
15:34:23.949235;par21s20-in-f2.1e100.net.https;BP-Linux8;55498;P.;46
15:34:23.949347;BP-Linux8;par21s20-in-f2.1e100.net.https;55498;.;0
15:34:23.949394;BP-Linux8;par21s20-in-f2.1e100.net.https;55498;P.;46
15:34:23.951390;BP-Linux8;par21s23-in-f2.1e100.net.https;33513;P.;156
15:34:23.963276;par21s23-in-f2.1e100.net.https;BP-Linux8;33513;.;0
15:34:23.966251;par21s20-in-f2.1e100.net.https;BP-Linux8;55498;.;0
15:34:23.969305;par21s23-in-f2.1e100.net.https;BP-Linux8;33513;P.;191
15:34:23.969418;par21s23-in-f2.1e100.net.https;BP-Linux8;33513;P.;38
15:34:23.969422;par21s23-in-f2.1e100.net.https;BP-Linux8;33513;P.;46
15:34:23.969541;BP-Linux8;par21s23-in-f2.1e100.net.https;33513;.;0
15:34:23.969589;BP-Linux8;par21s23-in-f2.1e100.net.https;33513;P.;46
15:34:23.971135;BP-Linux8;lhr25s01-in-f2.1e100.net.https;35207;P.;153
15:34:23.982992;lhr25s01-in-f2.1e100.net.https;BP-Linux8;35207;.;0
15:34:23.987269;par21s23-in-f2.1e100.net.https;BP-Linux8;33513;.;0
15:34:23.988701;lhr25s01-in-f2.1e100.net.https;BP-Linux8;35207;P.;74
15:34:23.988830;lhr25s01-in-f2.1e100.net.https;BP-Linux8;35207;P.;38
15:34:23.988834;lhr25s01-in-f2.1e100.net.https;BP-Linux8;35207;P.;46
15:34:23.988916;BP-Linux8;lhr25s01-in-f2.1e100.net.https;35207;.;0
15:34:23.988961;BP-Linux8;lhr25s01-in-f2.1e100.net.https;35207;P.;46
15:34:24.006442;lhr25s01-in-f2.1e100.net.https;BP-Linux8;35207;.;0
15:34:24.724918;BP-Linux8.ssh;192.168.190.130;50245;P.;100
15:34:24.745282;192.168.190.130;BP-Linux8.ssh;50245;.;0
15:34:24.880826;BP-Linux8;par10s38-in-f3.1e100.net.https;34862;P.;211
15:34:24.883687;BP-Linux8;par10s38-in-f3.1e100.net.https;34862;P.;153
15:34:24.883778;BP-Linux8;par10s38-in-f3.1e100.net.https;34862;P.;38
15:34:24.892650;par10s38-in-f3.1e100.net.https;BP-Linux8;34862;.;0
15:34:24.895478;par10s38-in-f3.1e100.net.https;BP-Linux8;34862;.;0
15:34:24.895617;par10s38-in-f3.1e100.net.https;BP-Linux8;34862;.;0
15:34:24.908654;par10s38-in-f3.1e100.net.https;BP-Linux8;34862;P.;153
15:34:24.909066;par10s38-in-f3.1e100.net.https;BP-Linux8;34862;P.;38
15:34:24.909092;BP-Linux8;par10s38-in-f3.1e100.net.https;34862;.;0
15:34:24.909180;par10s38-in-f3.1e100.net.https;BP-Linux8;34862;P.;46
15:34:24.910555;BP-Linux8;par10s38-in-f3.1e100.net.https;34862;P.;46
15:34:24.927010;par10s38-in-f3.1e100.net.https;BP-Linux8;34862;.;0
15:34:24.956874;par10s38-in-f3.1e100.net.https;BP-Linux8;34862;P.;97
15:34:24.956992;par10s38-in-f3.1e100.net.https;BP-Linux8;34862;P.;563
15:34:24.957011;BP-Linux8;par10s38-in-f3.1e100.net.https;34862;.;0
15:34:24.959047;par10s38-in-f3.1e100.net.https;BP-Linux8;34862;P.;39
15:34:24.959201;par10s38-in-f3.1e100.net.https;BP-Linux8;34862;P.;38
15:34:24.959224;BP-Linux8;par10s38-in-f3.1e100.net.https;34862;.;0
15:34:24.959321;par10s38-in-f3.1e100.net.https;BP-Linux8;34862;P.;46
15:34:24.959374;BP-Linux8;par10s38-in-f3.1e100.net.https;34862;P.;46
15:34:24.975211;BP-Linux8;par21s11-in-f14.1e100.net.https;48896;P.;136
15:34:24.975988;par10s38-in-f3.1e100.net.https;BP-Linux8;34862;.;0
15:34:24.981065;BP-Linux8;par21s11-in-f14.1e100.net.https;48896;P.;117
15:34:24.986975;par21s11-in-f14.1e100.net.https;BP-Linux8;48896;.;0
15:34:24.988303;BP-Linux8;par21s11-in-f14.1e100.net.https;48896;P.;118
15:34:24.989627;par21s11-in-f14.1e100.net.https;BP-Linux8;48896;P.;143
15:34:24.989754;par21s11-in-f14.1e100.net.https;BP-Linux8;48896;P.;881
15:34:24.989777;BP-Linux8;par21s11-in-f14.1e100.net.https;48896;.;0
15:34:24.989866;par21s11-in-f14.1e100.net.https;BP-Linux8;48896;P.;46
15:34:24.989934;BP-Linux8;par21s11-in-f14.1e100.net.https;48896;P.;46
15:34:24.993541;par21s11-in-f14.1e100.net.https;BP-Linux8;48896;P.;135
15:34:24.993668;par21s11-in-f14.1e100.net.https;BP-Linux8;48896;P.;763
15:34:24.993690;BP-Linux8;par21s11-in-f14.1e100.net.https;48896;.;0
15:34:25.000999;par21s11-in-f14.1e100.net.https;BP-Linux8;48896;P.;135
15:34:25.001133;par21s11-in-f14.1e100.net.https;BP-Linux8;48896;P.;1137
15:34:25.001147;BP-Linux8;par21s11-in-f14.1e100.net.https;48896;.;0
15:34:25.005429;par21s11-in-f14.1e100.net.https;BP-Linux8;48896;.;0
15:34:25.086549;BP-Linux8;par10s38-in-f3.1e100.net.https;34862;P.;155
15:34:25.098370;par10s38-in-f3.1e100.net.https;BP-Linux8;34862;.;0
15:34:25.185661;par10s38-in-f3.1e100.net.https;BP-Linux8;34862;P.;74
15:34:25.185787;par10s38-in-f3.1e100.net.https;BP-Linux8;34862;P.;1224
15:34:25.185867;BP-Linux8;par10s38-in-f3.1e100.net.https;34862;.;0
15:34:25.188568;par10s38-in-f3.1e100.net.https;BP-Linux8;34862;P.;39
15:34:25.188691;par10s38-in-f3.1e100.net.https;BP-Linux8;34862;P.;38
15:34:25.188696;par10s38-in-f3.1e100.net.https;BP-Linux8;34862;P.;46
15:34:25.188908;BP-Linux8;par10s38-in-f3.1e100.net.https;34862;.;0
15:34:25.188957;BP-Linux8;par10s38-in-f3.1e100.net.https;34862;P.;46
15:34:25.200856;par10s38-in-f3.1e100.net.https;BP-Linux8;34862;.;0
15:34:25.205595;BP-Linux8;par21s11-in-f14.1e100.net.https;48896;P.;130
15:34:25.210053;BP-Linux8;par21s11-in-f14.1e100.net.https;48896;P.;130
15:34:25.218207;par21s11-in-f14.1e100.net.https;BP-Linux8;48896;P.;134
15:34:25.218335;par21s11-in-f14.1e100.net.https;BP-Linux8;48896;P.;1418
15:34:25.218480;BP-Linux8;par21s11-in-f14.1e100.net.https;48896;.;0
15:34:25.218496;par21s11-in-f14.1e100.net.https;BP-Linux8;48896;P.;509
15:34:25.218590;par21s11-in-f14.1e100.net.https;BP-Linux8;48896;P.;46
15:34:25.218801;BP-Linux8;par21s11-in-f14.1e100.net.https;48896;.;0
15:34:25.218868;BP-Linux8;par21s11-in-f14.1e100.net.https;48896;P.;46
15:34:25.222638;par21s11-in-f14.1e100.net.https;BP-Linux8;48896;P.;135
15:34:25.222771;par21s11-in-f14.1e100.net.https;BP-Linux8;48896;P.;1418
15:34:25.222795;BP-Linux8;par21s11-in-f14.1e100.net.https;48896;.;0
15:34:25.223011;par21s11-in-f14.1e100.net.https;BP-Linux8;48896;P.;624
15:34:25.224137;BP-Linux8;par21s17-in-f1.1e100.net.https;53416;S;0
15:34:25.228283;BP-Linux8;par21s11-in-f14.1e100.net.https;48896;P.;118
15:34:25.231979;BP-Linux8;par21s17-in-f1.1e100.net.https;53417;S;0
15:34:25.234572;par21s11-in-f14.1e100.net.https;BP-Linux8;48896;.;0
15:34:25.235391;BP-Linux8;par21s17-in-f1.1e100.net.https;53418;S;0
15:34:25.236257;par21s17-in-f1.1e100.net.https;BP-Linux8;53416;S.;0
15:34:25.236271;BP-Linux8;par21s17-in-f1.1e100.net.https;53416;.;0
15:34:25.236428;BP-Linux8;par21s17-in-f1.1e100.net.https;53416;P.;206
15:34:25.236620;BP-Linux8;par21s17-in-f1.1e100.net.https;53419;S;0
15:34:25.239166;BP-Linux8;par21s17-in-f1.1e100.net.https;53420;S;0
15:34:25.241664;par21s11-in-f14.1e100.net.https;BP-Linux8;48896;P.;135
15:34:25.241798;par21s11-in-f14.1e100.net.https;BP-Linux8;48896;P.;1418
15:34:25.241906;BP-Linux8;par21s11-in-f14.1e100.net.https;48896;.;0
15:34:25.241979;par21s11-in-f14.1e100.net.https;BP-Linux8;48896;P.;670
15:34:25.242097;par21s11-in-f14.1e100.net.https;BP-Linux8;48896;P.;46
15:34:25.242173;BP-Linux8;par21s11-in-f14.1e100.net.https;48896;.;0
15:34:25.242216;BP-Linux8;par21s11-in-f14.1e100.net.https;48896;P.;46
15:34:25.243878;par21s17-in-f1.1e100.net.https;BP-Linux8;53417;S.;0
15:34:25.243891;BP-Linux8;par21s17-in-f1.1e100.net.https;53417;.;0
15:34:25.244029;BP-Linux8;par21s17-in-f1.1e100.net.https;53417;P.;206
15:34:25.244194;BP-Linux8;par21s17-in-f1.1e100.net.https;53421;S;0
15:34:25.247312;par21s17-in-f1.1e100.net.https;BP-Linux8;53418;S.;0
15:34:25.247324;BP-Linux8;par21s17-in-f1.1e100.net.https;53418;.;0
15:34:25.247463;BP-Linux8;par21s17-in-f1.1e100.net.https;53418;P.;206
15:34:25.248437;par21s17-in-f1.1e100.net.https;BP-Linux8;53416;.;0
15:34:25.248503;par21s17-in-f1.1e100.net.https;BP-Linux8;53419;S.;0
15:34:25.248512;BP-Linux8;par21s17-in-f1.1e100.net.https;53419;.;0
15:34:25.248661;BP-Linux8;par21s17-in-f1.1e100.net.https;53419;P.;206
15:34:25.251172;par21s17-in-f1.1e100.net.https;BP-Linux8;53420;S.;0
15:34:25.251184;BP-Linux8;par21s17-in-f1.1e100.net.https;53420;.;0
15:34:25.251341;BP-Linux8;par21s17-in-f1.1e100.net.https;53420;P.;206
15:34:25.252651;par21s17-in-f1.1e100.net.https;BP-Linux8;53416;.;1418
15:34:25.252659;BP-Linux8;par21s17-in-f1.1e100.net.https;53416;.;0
15:34:25.252668;par21s17-in-f1.1e100.net.https;BP-Linux8;53416;P.;1418
15:34:25.252671;BP-Linux8;par21s17-in-f1.1e100.net.https;53416;.;0
15:34:25.252766;par21s17-in-f1.1e100.net.https;BP-Linux8;53416;.;1418
15:34:25.252771;BP-Linux8;par21s17-in-f1.1e100.net.https;53416;.;0
15:34:25.252778;par21s17-in-f1.1e100.net.https;BP-Linux8;53416;P.;1418
15:34:25.252780;BP-Linux8;par21s17-in-f1.1e100.net.https;53416;.;0
15:34:25.252784;par21s17-in-f1.1e100.net.https;BP-Linux8;53416;.;1418
15:34:25.252787;BP-Linux8;par21s17-in-f1.1e100.net.https;53416;.;0
15:34:25.252792;par21s17-in-f1.1e100.net.https;BP-Linux8;53416;P.;322
15:34:25.252794;BP-Linux8;par21s17-in-f1.1e100.net.https;53416;.;0
15:34:25.255957;par21s17-in-f1.1e100.net.https;BP-Linux8;53417;.;0
15:34:25.256193;par21s17-in-f1.1e100.net.https;BP-Linux8;53421;S.;0
15:34:25.256201;BP-Linux8;par21s17-in-f1.1e100.net.https;53421;.;0
15:34:25.258804;par21s11-in-f14.1e100.net.https;BP-Linux8;48896;.;0
15:34:25.259358;par21s17-in-f1.1e100.net.https;BP-Linux8;53418;.;0
15:34:25.260285;par21s17-in-f1.1e100.net.https;BP-Linux8;53417;.;1418
15:34:25.260290;BP-Linux8;par21s17-in-f1.1e100.net.https;53417;.;0
15:34:25.260458;par21s17-in-f1.1e100.net.https;BP-Linux8;53417;P.;1418
15:34:25.260465;BP-Linux8;par21s17-in-f1.1e100.net.https;53417;.;0
15:34:25.260472;par21s17-in-f1.1e100.net.https;BP-Linux8;53417;.;1418
15:34:25.260475;BP-Linux8;par21s17-in-f1.1e100.net.https;53417;.;0
15:34:25.260479;par21s17-in-f1.1e100.net.https;BP-Linux8;53417;P.;1418
15:34:25.260481;BP-Linux8;par21s17-in-f1.1e100.net.https;53417;.;0
15:34:25.260485;par21s17-in-f1.1e100.net.https;BP-Linux8;53417;.;1418
15:34:25.260487;BP-Linux8;par21s17-in-f1.1e100.net.https;53417;.;0
15:34:25.260491;par21s17-in-f1.1e100.net.https;BP-Linux8;53417;P.;321
15:34:25.260493;BP-Linux8;par21s17-in-f1.1e100.net.https;53417;.;0
15:34:25.260508;par21s17-in-f1.1e100.net.https;BP-Linux8;53419;.;0
15:34:25.263326;par21s17-in-f1.1e100.net.https;BP-Linux8;53420;.;0
15:34:25.263568;par21s17-in-f1.1e100.net.https;BP-Linux8;53418;.;1418
15:34:25.263575;BP-Linux8;par21s17-in-f1.1e100.net.https;53418;.;0
15:34:25.263680;par21s17-in-f1.1e100.net.https;BP-Linux8;53418;P.;1418
15:34:25.263684;BP-Linux8;par21s17-in-f1.1e100.net.https;53418;.;0
15:34:25.263727;par21s17-in-f1.1e100.net.https;BP-Linux8;53418;.;1418
15:34:25.263731;BP-Linux8;par21s17-in-f1.1e100.net.https;53418;.;0
15:34:25.263736;par21s17-in-f1.1e100.net.https;BP-Linux8;53418;P.;1418
15:34:25.263737;BP-Linux8;par21s17-in-f1.1e100.net.https;53418;.;0
15:34:25.263742;par21s17-in-f1.1e100.net.https;BP-Linux8;53418;.;1418
15:34:25.263743;BP-Linux8;par21s17-in-f1.1e100.net.https;53418;.;0
15:34:25.263747;par21s17-in-f1.1e100.net.https;BP-Linux8;53418;P.;322
15:34:25.263749;BP-Linux8;par21s17-in-f1.1e100.net.https;53418;.;0
15:34:25.264833;par21s17-in-f1.1e100.net.https;BP-Linux8;53419;.;1418
15:34:25.264840;BP-Linux8;par21s17-in-f1.1e100.net.https;53419;.;0
15:34:25.265029;par21s17-in-f1.1e100.net.https;BP-Linux8;53419;P.;1418
15:34:25.265037;BP-Linux8;par21s17-in-f1.1e100.net.https;53419;.;0
15:34:25.265043;par21s17-in-f1.1e100.net.https;BP-Linux8;53419;.;1418
15:34:25.265046;BP-Linux8;par21s17-in-f1.1e100.net.https;53419;.;0
15:34:25.265050;par21s17-in-f1.1e100.net.https;BP-Linux8;53419;P.;1418
15:34:25.265052;BP-Linux8;par21s17-in-f1.1e100.net.https;53419;.;0
15:34:25.265056;par21s17-in-f1.1e100.net.https;BP-Linux8;53419;.;1418
15:34:25.265058;BP-Linux8;par21s17-in-f1.1e100.net.https;53419;.;0
15:34:25.265062;par21s17-in-f1.1e100.net.https;BP-Linux8;53419;P.;323
15:34:25.265064;BP-Linux8;par21s17-in-f1.1e100.net.https;53419;.;0
15:34:25.267759;par21s17-in-f1.1e100.net.https;BP-Linux8;53420;.;1418
15:34:25.267768;BP-Linux8;par21s17-in-f1.1e100.net.https;53420;.;0
15:34:25.267869;par21s17-in-f1.1e100.net.https;BP-Linux8;53420;P.;1418
15:34:25.267874;BP-Linux8;par21s17-in-f1.1e100.net.https;53420;.;0
15:34:25.267915;par21s17-in-f1.1e100.net.https;BP-Linux8;53420;.;1418
15:34:25.267919;BP-Linux8;par21s17-in-f1.1e100.net.https;53420;.;0
15:34:25.267923;par21s17-in-f1.1e100.net.https;BP-Linux8;53420;P.;1418
15:34:25.267926;BP-Linux8;par21s17-in-f1.1e100.net.https;53420;.;0
15:34:25.267930;par21s17-in-f1.1e100.net.https;BP-Linux8;53420;.;1418
15:34:25.267932;BP-Linux8;par21s17-in-f1.1e100.net.https;53420;.;0
15:34:25.267936;par21s17-in-f1.1e100.net.https;BP-Linux8;53420;P.;322
15:34:25.267937;BP-Linux8;par21s17-in-f1.1e100.net.https;53420;.;0
15:34:25.268810;BP-Linux8;par21s17-in-f1.1e100.net.https;53416;P.;93
15:34:25.268928;BP-Linux8;par21s05-in-f131.1e100.net.http;37231;P.;432
15:34:25.280855;par21s17-in-f1.1e100.net.https;BP-Linux8;53416;P.;292
15:34:25.280968;par21s17-in-f1.1e100.net.https;BP-Linux8;53416;P.;69
15:34:25.284864;par21s05-in-f131.1e100.net.http;BP-Linux8;37231;P.;702
15:34:25.284874;BP-Linux8;par21s05-in-f131.1e100.net.http;37231;.;0
15:34:25.286613;BP-Linux8;par21s17-in-f1.1e100.net.https;53417;P.;93
15:34:25.298644;par21s17-in-f1.1e100.net.https;BP-Linux8;53417;P.;292
15:34:25.298752;par21s17-in-f1.1e100.net.https;BP-Linux8;53417;P.;69
15:34:25.309077;par21s17-in-f1.1e100.net.https;BP-Linux8;53416;P.;69
15:34:25.309087;BP-Linux8;par21s17-in-f1.1e100.net.https;53416;.;0
15:34:25.314046;BP-Linux8;par21s17-in-f1.1e100.net.https;53418;P.;93
15:34:25.326051;par21s17-in-f1.1e100.net.https;BP-Linux8;53418;P.;292
15:34:25.326060;BP-Linux8;par21s17-in-f1.1e100.net.https;53418;.;0
15:34:25.326165;par21s17-in-f1.1e100.net.https;BP-Linux8;53418;P.;69
15:34:25.326170;BP-Linux8;par21s17-in-f1.1e100.net.https;53418;.;0
15:34:25.326178;par21s17-in-f1.1e100.net.https;BP-Linux8;53417;P.;69
15:34:25.326180;BP-Linux8;par21s17-in-f1.1e100.net.https;53417;.;0
15:34:25.335495;BP-Linux8;par21s17-in-f1.1e100.net.https;53419;P.;93
15:34:25.347425;par21s17-in-f1.1e100.net.https;BP-Linux8;53419;P.;292
15:34:25.347436;BP-Linux8;par21s17-in-f1.1e100.net.https;53419;.;0
15:34:25.347537;par21s17-in-f1.1e100.net.https;BP-Linux8;53419;P.;69
15:34:25.347543;BP-Linux8;par21s17-in-f1.1e100.net.https;53419;.;0
15:34:25.366890;BP-Linux8;par21s17-in-f1.1e100.net.https;53420;P.;93
15:34:25.370198;BP-Linux8;par10s38-in-f3.1e100.net.https;34862;P.;155
15:34:25.376829;BP-Linux8;par21s17-in-f1.1e100.net.https;53421;P.;206
15:34:25.377153;BP-Linux8;par21s05-in-f131.1e100.net.http;37231;P.;432
15:34:25.379195;par21s17-in-f1.1e100.net.https;BP-Linux8;53420;P.;292
15:34:25.379208;BP-Linux8;par21s17-in-f1.1e100.net.https;53420;.;0
15:34:25.379302;par21s17-in-f1.1e100.net.https;BP-Linux8;53420;P.;69
15:34:25.379306;BP-Linux8;par21s17-in-f1.1e100.net.https;53420;.;0
15:34:25.382049;par10s38-in-f3.1e100.net.https;BP-Linux8;34862;.;0
15:34:25.384846;BP-Linux8;par21s17-in-f1.1e100.net.https;53416;P.;163
15:34:25.384899;BP-Linux8;par21s17-in-f1.1e100.net.https;53416;P.;232
15:34:25.385044;BP-Linux8;par21s05-in-f131.1e100.net.http;37253;S;0
15:34:25.385078;BP-Linux8;par21s05-in-f131.1e100.net.http;37254;S;0
15:34:25.385106;BP-Linux8;par21s05-in-f131.1e100.net.http;37255;S;0
15:34:25.385129;BP-Linux8;par21s05-in-f131.1e100.net.http;37256;S;0
15:34:25.388505;BP-Linux8;par21s17-in-f1.1e100.net.https;53416;P.;38
15:34:25.388834;par21s17-in-f1.1e100.net.https;BP-Linux8;53421;.;0
15:34:25.393115;par21s05-in-f131.1e100.net.http;BP-Linux8;37231;.;0
15:34:25.393391;par21s17-in-f1.1e100.net.https;BP-Linux8;53421;.;1418
15:34:25.393399;BP-Linux8;par21s17-in-f1.1e100.net.https;53421;.;0
15:34:25.393505;par21s17-in-f1.1e100.net.https;BP-Linux8;53421;P.;1418
15:34:25.393512;BP-Linux8;par21s17-in-f1.1e100.net.https;53421;.;0
15:34:25.393552;par21s17-in-f1.1e100.net.https;BP-Linux8;53421;.;1418
15:34:25.393557;BP-Linux8;par21s17-in-f1.1e100.net.https;53421;.;0
15:34:25.393563;par21s17-in-f1.1e100.net.https;BP-Linux8;53421;P.;1418
15:34:25.393565;BP-Linux8;par21s17-in-f1.1e100.net.https;53421;.;0
15:34:25.393569;par21s17-in-f1.1e100.net.https;BP-Linux8;53421;.;1418
15:34:25.393571;BP-Linux8;par21s17-in-f1.1e100.net.https;53421;.;0
15:34:25.393576;par21s17-in-f1.1e100.net.https;BP-Linux8;53421;P.;323
15:34:25.393578;BP-Linux8;par21s17-in-f1.1e100.net.https;53421;.;0
15:34:25.393629;BP-Linux8;par21s05-in-f131.1e100.net.http;37257;S;0
15:34:25.393967;par21s05-in-f131.1e100.net.http;BP-Linux8;37231;P.;702
15:34:25.393974;BP-Linux8;par21s05-in-f131.1e100.net.http;37231;.;0
15:34:25.396764;par21s17-in-f1.1e100.net.https;BP-Linux8;53416;P.;38
15:34:25.396772;BP-Linux8;par21s17-in-f1.1e100.net.https;53416;.;0
15:34:25.396937;par21s05-in-f131.1e100.net.http;BP-Linux8;37255;S.;0
15:34:25.396946;BP-Linux8;par21s05-in-f131.1e100.net.http;37255;.;0
15:34:25.396973;par21s05-in-f131.1e100.net.http;BP-Linux8;37253;S.;0
15:34:25.396977;BP-Linux8;par21s05-in-f131.1e100.net.http;37253;.;0
15:34:25.396982;par21s05-in-f131.1e100.net.http;BP-Linux8;37254;S.;0
15:34:25.396984;BP-Linux8;par21s05-in-f131.1e100.net.http;37254;.;0
15:34:25.397061;par21s05-in-f131.1e100.net.http;BP-Linux8;37256;S.;0
15:34:25.397065;BP-Linux8;par21s05-in-f131.1e100.net.http;37256;.;0
15:34:25.400364;par21s17-in-f1.1e100.net.https;BP-Linux8;53416;.;0
15:34:25.405593;par21s05-in-f131.1e100.net.http;BP-Linux8;37257;S.;0
15:34:25.405603;BP-Linux8;par21s05-in-f131.1e100.net.http;37257;.;0
15:34:25.405700;par21s17-in-f1.1e100.net.https;BP-Linux8;53416;P.;409
15:34:25.405705;BP-Linux8;par21s17-in-f1.1e100.net.https;53416;.;0
15:34:25.405840;par21s17-in-f1.1e100.net.https;BP-Linux8;53416;P.;1418
15:34:25.405845;BP-Linux8;par21s17-in-f1.1e100.net.https;53416;.;0
15:34:25.406158;par21s17-in-f1.1e100.net.https;BP-Linux8;53416;.;1418
15:34:25.406164;BP-Linux8;par21s17-in-f1.1e100.net.https;53416;.;0
15:34:25.406281;par21s17-in-f1.1e100.net.https;BP-Linux8;53416;P.;1418
15:34:25.406285;BP-Linux8;par21s17-in-f1.1e100.net.https;53416;.;0
15:34:25.406902;par21s17-in-f1.1e100.net.https;BP-Linux8;53416;P.;542
15:34:25.406906;BP-Linux8;par21s17-in-f1.1e100.net.https;53416;.;0
15:34:25.419361;BP-Linux8;par21s17-in-f1.1e100.net.https;53421;P.;93
15:34:25.424697;BP-Linux8;par10s38-in-f3.1e100.net.https;34862;P.;157
15:34:25.428348;BP-Linux8;par21s17-in-f1.1e100.net.https;53421;P.;163
15:34:25.428400;BP-Linux8;par21s17-in-f1.1e100.net.https;53421;P.;46
15:34:25.429353;BP-Linux8;par21s05-in-f131.1e100.net.http;37231;P.;432
15:34:25.431428;par21s17-in-f1.1e100.net.https;BP-Linux8;53421;P.;292
15:34:25.431535;par21s17-in-f1.1e100.net.https;BP-Linux8;53421;P.;69
15:34:25.435048;BP-Linux8;par21s17-in-f1.1e100.net.https;53421;.;0
15:34:25.436503;par10s38-in-f3.1e100.net.https;BP-Linux8;34862;.;0
15:34:25.440327;par21s17-in-f1.1e100.net.https;BP-Linux8;53421;P.;38
15:34:25.445624;par21s17-in-f1.1e100.net.https;BP-Linux8;53421;.;0
15:34:25.445804;par21s05-in-f131.1e100.net.http;BP-Linux8;37231;P.;702
15:34:25.449845;BP-Linux8;par21s17-in-f1.1e100.net.https;53421;P.;31
15:34:25.449872;BP-Linux8;par21s17-in-f1.1e100.net.https;53421;F.;0
15:34:25.450088;BP-Linux8;par21s17-in-f1.1e100.net.https;53416;P.;46
15:34:25.451587;BP-Linux8;par21s17-in-f1.1e100.net.https;53417;P.;163
15:34:25.451642;BP-Linux8;par21s17-in-f1.1e100.net.https;53417;P.;232
15:34:25.452213;BP-Linux8;par21s05-in-f131.1e100.net.http;37257;P.;432
15:34:25.452468;BP-Linux8;par21s05-in-f131.1e100.net.http;37256;P.;432
15:34:25.461728;par21s17-in-f1.1e100.net.https;BP-Linux8;53421;.;0
15:34:25.461848;par21s17-in-f1.1e100.net.https;BP-Linux8;53421;F.;0
15:34:25.461852;BP-Linux8;par21s17-in-f1.1e100.net.https;53421;.;0
15:34:25.461860;par21s17-in-f1.1e100.net.https;BP-Linux8;53421;.;0
15:34:25.463712;par21s17-in-f1.1e100.net.https;BP-Linux8;53417;.;0
15:34:25.464120;par21s17-in-f1.1e100.net.https;BP-Linux8;53417;P.;38
15:34:25.464127;BP-Linux8;par21s17-in-f1.1e100.net.https;53417;.;0
15:34:25.464156;par21s05-in-f131.1e100.net.http;BP-Linux8;37257;.;0
15:34:25.464369;par21s05-in-f131.1e100.net.http;BP-Linux8;37256;.;0
15:34:25.464995;par21s17-in-f1.1e100.net.https;BP-Linux8;53417;P.;417
15:34:25.465001;BP-Linux8;par21s17-in-f1.1e100.net.https;53417;.;0
15:34:25.465133;par21s17-in-f1.1e100.net.https;BP-Linux8;53417;P.;1418
15:34:25.465139;BP-Linux8;par21s17-in-f1.1e100.net.https;53417;.;0
15:34:25.465448;par21s17-in-f1.1e100.net.https;BP-Linux8;53417;.;1418
15:34:25.465452;BP-Linux8;par21s17-in-f1.1e100.net.https;53417;.;0
15:34:25.465506;par10s38-in-f3.1e100.net.https;BP-Linux8;34862;P.;97
15:34:25.465578;par21s17-in-f1.1e100.net.https;BP-Linux8;53417;P.;1418
15:34:25.465584;BP-Linux8;par21s17-in-f1.1e100.net.https;53417;.;0
15:34:25.465638;par10s38-in-f3.1e100.net.https;BP-Linux8;34862;P.;1269
15:34:25.466220;par21s17-in-f1.1e100.net.https;BP-Linux8;53417;.;1418
15:34:25.466228;BP-Linux8;par21s17-in-f1.1e100.net.https;53417;.;0
15:34:25.466319;par21s17-in-f1.1e100.net.https;BP-Linux8;53417;P.;675
15:34:25.466322;BP-Linux8;par21s17-in-f1.1e100.net.https;53417;.;0
15:34:25.466743;par21s17-in-f1.1e100.net.https;BP-Linux8;53417;P.;46
15:34:25.466749;BP-Linux8;par21s17-in-f1.1e100.net.https;53417;.;0
15:34:25.467569;par21s17-in-f1.1e100.net.https;BP-Linux8;53416;.;0
15:34:25.468575;par21s05-in-f131.1e100.net.http;BP-Linux8;37257;P.;702
15:34:25.468580;BP-Linux8;par21s05-in-f131.1e100.net.http;37257;.;0
15:34:25.468782;par21s05-in-f131.1e100.net.http;BP-Linux8;37256;P.;702
15:34:25.468786;BP-Linux8;par21s05-in-f131.1e100.net.http;37256;.;0
15:34:25.468833;par10s38-in-f3.1e100.net.https;BP-Linux8;34862;P.;39
15:34:25.468961;par10s38-in-f3.1e100.net.https;BP-Linux8;34862;P.;38
15:34:25.468964;par10s38-in-f3.1e100.net.https;BP-Linux8;34862;P.;46
15:34:25.470522;BP-Linux8;par10s38-in-f3.1e100.net.https;34862;.;0
15:34:25.484730;BP-Linux8;par21s05-in-f131.1e100.net.http;37231;.;0
15:34:25.489595;BP-Linux8;par10s38-in-f3.1e100.net.https;34862;P.;46
15:34:25.489772;BP-Linux8;par21s17-in-f1.1e100.net.https;53417;P.;38
15:34:25.495140;BP-Linux8;par21s17-in-f1.1e100.net.https;53417;P.;46
15:34:25.495329;BP-Linux8;par21s17-in-f1.1e100.net.https;53418;P.;163
15:34:25.495371;BP-Linux8;par21s17-in-f1.1e100.net.https;53418;P.;233
15:34:25.506611;par21s17-in-f1.1e100.net.https;BP-Linux8;53417;.;0
15:34:25.506986;par10s38-in-f3.1e100.net.https;BP-Linux8;34862;.;0
15:34:25.507140;par21s17-in-f1.1e100.net.https;BP-Linux8;53418;P.;38
15:34:25.507149;BP-Linux8;par21s17-in-f1.1e100.net.https;53418;.;0
15:34:25.507239;par21s17-in-f1.1e100.net.https;BP-Linux8;53417;.;0
15:34:25.508270;par21s17-in-f1.1e100.net.https;BP-Linux8;53418;P.;417
15:34:25.508278;BP-Linux8;par21s17-in-f1.1e100.net.https;53418;.;0
15:34:25.508401;par21s17-in-f1.1e100.net.https;BP-Linux8;53418;P.;1418
15:34:25.508405;BP-Linux8;par21s17-in-f1.1e100.net.https;53418;.;0
15:34:25.508624;par21s17-in-f1.1e100.net.https;BP-Linux8;53418;.;1418
15:34:25.508630;BP-Linux8;par21s17-in-f1.1e100.net.https;53418;.;0
15:34:25.508751;par21s17-in-f1.1e100.net.https;BP-Linux8;53418;.;1418
15:34:25.508756;BP-Linux8;par21s17-in-f1.1e100.net.https;53418;.;0
15:34:25.508763;par21s17-in-f1.1e100.net.https;BP-Linux8;53418;P.;264
15:34:25.508765;BP-Linux8;par21s17-in-f1.1e100.net.https;53418;.;0
15:34:25.509247;par21s17-in-f1.1e100.net.https;BP-Linux8;53418;P.;46
15:34:25.509250;BP-Linux8;par21s17-in-f1.1e100.net.https;53418;.;0
15:34:25.515433;BP-Linux8;par21s17-in-f1.1e100.net.https;53417;P.;31
15:34:25.515453;BP-Linux8;par21s17-in-f1.1e100.net.https;53417;F.;0
15:34:25.515630;BP-Linux8;par21s17-in-f1.1e100.net.https;53418;P.;38
15:34:25.521370;BP-Linux8;par21s17-in-f1.1e100.net.https;53418;P.;46
15:34:25.521536;BP-Linux8;par21s17-in-f1.1e100.net.https;53419;P.;163
15:34:25.521576;BP-Linux8;par21s17-in-f1.1e100.net.https;53419;P.;233
15:34:25.521763;BP-Linux8;par21s17-in-f1.1e100.net.https;53420;P.;163
15:34:25.521798;BP-Linux8;par21s17-in-f1.1e100.net.https;53420;P.;46
15:34:25.527262;par21s17-in-f1.1e100.net.https;BP-Linux8;53417;.;0
15:34:25.527267;par21s17-in-f1.1e100.net.https;BP-Linux8;53417;F.;0
15:34:25.527271;BP-Linux8;par21s17-in-f1.1e100.net.https;53417;.;0
15:34:25.527363;par21s17-in-f1.1e100.net.https;BP-Linux8;53417;.;0
15:34:25.532195;par21s17-in-f1.1e100.net.https;BP-Linux8;53418;.;0
15:34:25.533124;par21s17-in-f1.1e100.net.https;BP-Linux8;53418;.;0
15:34:25.533294;par21s17-in-f1.1e100.net.https;BP-Linux8;53419;P.;38
15:34:25.533301;BP-Linux8;par21s17-in-f1.1e100.net.https;53419;.;0
15:34:25.533641;par21s17-in-f1.1e100.net.https;BP-Linux8;53420;P.;38
15:34:25.533648;BP-Linux8;par21s17-in-f1.1e100.net.https;53420;.;0
15:34:25.533989;par10s38-in-f3.1e100.net.https;BP-Linux8;34862;P.;74
15:34:25.534126;par10s38-in-f3.1e100.net.https;BP-Linux8;34862;P.;1400
15:34:25.535249;par21s17-in-f1.1e100.net.https;BP-Linux8;53419;P.;415
15:34:25.535257;BP-Linux8;par21s17-in-f1.1e100.net.https;53419;.;0
15:34:25.535390;par21s17-in-f1.1e100.net.https;BP-Linux8;53419;P.;1418
15:34:25.535394;BP-Linux8;par21s17-in-f1.1e100.net.https;53419;.;0
15:34:25.535621;par21s17-in-f1.1e100.net.https;BP-Linux8;53419;.;1418
15:34:25.535624;BP-Linux8;par21s17-in-f1.1e100.net.https;53419;.;0
15:34:25.535700;BP-Linux8;par10s38-in-f3.1e100.net.https;34862;.;0
15:34:25.535759;par21s17-in-f1.1e100.net.https;BP-Linux8;53419;.;1418
15:34:25.535763;BP-Linux8;par21s17-in-f1.1e100.net.https;53419;.;0
15:34:25.535769;par21s17-in-f1.1e100.net.https;BP-Linux8;53419;P.;1048
15:34:25.535770;BP-Linux8;par21s17-in-f1.1e100.net.https;53419;.;0
15:34:25.536390;par21s17-in-f1.1e100.net.https;BP-Linux8;53419;P.;46
15:34:25.536395;BP-Linux8;par21s17-in-f1.1e100.net.https;53419;.;0
15:34:25.536635;par10s38-in-f3.1e100.net.https;BP-Linux8;34862;P.;39
15:34:25.537056;par10s38-in-f3.1e100.net.https;BP-Linux8;34862;P.;38
15:34:25.537175;par10s38-in-f3.1e100.net.https;BP-Linux8;34862;P.;46
15:34:25.538798;par21s17-in-f1.1e100.net.https;BP-Linux8;53420;.;0
15:34:25.557454;BP-Linux8;par21s17-in-f1.1e100.net.https;53420;P.;31
15:34:25.557481;BP-Linux8;par21s17-in-f1.1e100.net.https;53420;F.;0
15:34:25.557634;BP-Linux8;par21s17-in-f1.1e100.net.https;53418;P.;31
15:34:25.557654;BP-Linux8;par21s17-in-f1.1e100.net.https;53418;F.;0
15:34:25.561470;BP-Linux8;par10s38-in-f3.1e100.net.https;34862;.;0
15:34:25.561527;BP-Linux8;par10s38-in-f3.1e100.net.https;34862;P.;46
15:34:25.561694;BP-Linux8;par21s17-in-f1.1e100.net.https;53416;P.;114
15:34:25.561988;BP-Linux8;par21s17-in-f1.1e100.net.https;53416;P.;115
15:34:25.562194;BP-Linux8;par21s17-in-f1.1e100.net.https;53416;P.;115
15:34:25.562336;BP-Linux8;par21s17-in-f1.1e100.net.https;53419;P.;38
15:34:25.563770;BP-Linux8;par21s17-in-f1.1e100.net.https;53419;P.;46
15:34:25.568790;BP-Linux8;par21s17-in-f1.1e100.net.https;53419;P.;31
15:34:25.568816;BP-Linux8;par21s17-in-f1.1e100.net.https;53419;F.;0
15:34:25.569292;par21s17-in-f1.1e100.net.https;BP-Linux8;53420;.;0
15:34:25.569415;par21s17-in-f1.1e100.net.https;BP-Linux8;53418;.;0
15:34:25.569421;par21s17-in-f1.1e100.net.https;BP-Linux8;53420;F.;0
15:34:25.569425;BP-Linux8;par21s17-in-f1.1e100.net.https;53420;.;0
15:34:25.569433;par21s17-in-f1.1e100.net.https;BP-Linux8;53420;.;0
15:34:25.569519;par21s17-in-f1.1e100.net.https;BP-Linux8;53418;F.;0
15:34:25.569524;BP-Linux8;par21s17-in-f1.1e100.net.https;53418;.;0
15:34:25.569531;par21s17-in-f1.1e100.net.https;BP-Linux8;53418;.;0
15:34:25.573556;par21s17-in-f1.1e100.net.https;BP-Linux8;53416;.;0
15:34:25.573870;par21s17-in-f1.1e100.net.https;BP-Linux8;53416;.;0
15:34:25.574068;par21s17-in-f1.1e100.net.https;BP-Linux8;53416;.;0
15:34:25.574399;par21s17-in-f1.1e100.net.https;BP-Linux8;53416;P.;170
15:34:25.574407;BP-Linux8;par21s17-in-f1.1e100.net.https;53416;.;0
15:34:25.574541;par21s17-in-f1.1e100.net.https;BP-Linux8;53416;P.;1418
15:34:25.574547;BP-Linux8;par21s17-in-f1.1e100.net.https;53416;.;0
15:34:25.574842;par21s17-in-f1.1e100.net.https;BP-Linux8;53416;.;1418
15:34:25.574848;BP-Linux8;par21s17-in-f1.1e100.net.https;53416;.;0
15:34:25.574964;par21s17-in-f1.1e100.net.https;BP-Linux8;53416;P.;1418
15:34:25.574969;BP-Linux8;par21s17-in-f1.1e100.net.https;53416;.;0
15:34:25.575564;par21s17-in-f1.1e100.net.https;BP-Linux8;53419;.;0
15:34:25.575621;par21s17-in-f1.1e100.net.https;BP-Linux8;53416;P.;1259
15:34:25.575627;BP-Linux8;par21s17-in-f1.1e100.net.https;53416;.;0
15:34:25.575810;BP-Linux8;par21s17-in-f1.1e100.net.https;53416;P.;46
15:34:25.575963;par21s17-in-f1.1e100.net.https;BP-Linux8;53416;.;1418
15:34:25.576068;par21s17-in-f1.1e100.net.https;BP-Linux8;53416;P.;139
15:34:25.576073;BP-Linux8;par21s17-in-f1.1e100.net.https;53416;.;0
15:34:25.576403;par21s17-in-f1.1e100.net.https;BP-Linux8;53416;.;1418
15:34:25.576408;par21s17-in-f1.1e100.net.https;BP-Linux8;53416;P.;1418
15:34:25.576411;BP-Linux8;par21s17-in-f1.1e100.net.https;53416;.;0
15:34:25.577169;par21s17-in-f1.1e100.net.https;BP-Linux8;53416;.;1418
15:34:25.577290;par21s17-in-f1.1e100.net.https;BP-Linux8;53416;P.;1418
15:34:25.577295;BP-Linux8;par21s17-in-f1.1e100.net.https;53416;.;0
15:34:25.577964;par21s17-in-f1.1e100.net.https;BP-Linux8;53416;.;1418
15:34:25.577971;par21s17-in-f1.1e100.net.https;BP-Linux8;53416;P.;1418
15:34:25.577974;BP-Linux8;par21s17-in-f1.1e100.net.https;53416;.;0
15:34:25.577982;par10s38-in-f3.1e100.net.https;BP-Linux8;34862;.;0
15:34:25.578721;par21s17-in-f1.1e100.net.https;BP-Linux8;53416;.;1418
15:34:25.578833;par21s17-in-f1.1e100.net.https;BP-Linux8;53416;P.;728
15:34:25.578839;BP-Linux8;par21s17-in-f1.1e100.net.https;53416;.;0
15:34:25.580538;par21s17-in-f1.1e100.net.https;BP-Linux8;53419;F.;0
15:34:25.580546;BP-Linux8;par21s17-in-f1.1e100.net.https;53419;.;0
15:34:25.580661;par21s17-in-f1.1e100.net.https;BP-Linux8;53419;.;0
15:34:25.590680;par21s17-in-f1.1e100.net.https;BP-Linux8;53416;.;0
15:34:25.628648;BP-Linux8;par21s17-in-f1.1e100.net.https;53416;P.;115
15:34:25.641306;par21s17-in-f1.1e100.net.https;BP-Linux8;53416;P.;142
15:34:25.641432;par21s17-in-f1.1e100.net.https;BP-Linux8;53416;P.;1418
15:34:25.641441;BP-Linux8;par21s17-in-f1.1e100.net.https;53416;.;0
15:34:25.641716;par21s17-in-f1.1e100.net.https;BP-Linux8;53416;.;1418
15:34:25.641828;par21s17-in-f1.1e100.net.https;BP-Linux8;53416;P.;1418
15:34:25.641834;BP-Linux8;par21s17-in-f1.1e100.net.https;53416;.;0
15:34:25.642432;par21s17-in-f1.1e100.net.https;BP-Linux8;53416;P.;141
15:34:25.642553;BP-Linux8;par21s17-in-f1.1e100.net.https;53416;P.;46
15:34:25.659582;par21s17-in-f1.1e100.net.https;BP-Linux8;53416;.;0
15:34:25.664440;BP-Linux8;par10s38-in-f3.1e100.net.https;34862;P.;158
15:34:25.676259;par10s38-in-f3.1e100.net.https;BP-Linux8;34862;.;0
15:34:25.724955;BP-Linux8.ssh;192.168.190.130;50245;P.;100
15:34:25.745303;192.168.190.130;BP-Linux8.ssh;50245;.;0
15:34:25.769261;par10s38-in-f3.1e100.net.https;BP-Linux8;34862;P.;74
15:34:25.769374;par10s38-in-f3.1e100.net.https;BP-Linux8;34862;P.;1046
15:34:25.769449;BP-Linux8;par10s38-in-f3.1e100.net.https;34862;.;0
15:34:25.773825;par10s38-in-f3.1e100.net.https;BP-Linux8;34862;P.;39
15:34:25.773947;par10s38-in-f3.1e100.net.https;BP-Linux8;34862;P.;38
15:34:25.773951;par10s38-in-f3.1e100.net.https;BP-Linux8;34862;P.;46
15:34:25.774094;BP-Linux8;par10s38-in-f3.1e100.net.https;34862;.;0
15:34:25.774144;BP-Linux8;par10s38-in-f3.1e100.net.https;34862;P.;46
15:34:25.776875;BP-Linux8;par21s17-in-f1.1e100.net.https;53416;P.;115
15:34:25.779628;BP-Linux8;par21s17-in-f1.1e100.net.https;53416;P.;114
15:34:25.782825;BP-Linux8;par21s17-in-f1.1e100.net.https;53416;P.;114
15:34:25.785934;BP-Linux8;par21s17-in-f1.1e100.net.https;53416;P.;115
15:34:25.786032;par10s38-in-f3.1e100.net.https;BP-Linux8;34862;.;0
15:34:25.788666;BP-Linux8;par21s17-in-f1.1e100.net.https;53416;P.;115
15:34:25.789437;par21s17-in-f1.1e100.net.https;BP-Linux8;53416;.;0
15:34:25.791501;par21s17-in-f1.1e100.net.https;BP-Linux8;53416;.;0
15:34:25.792415;par21s17-in-f1.1e100.net.https;BP-Linux8;53416;P.;142
15:34:25.792549;par21s17-in-f1.1e100.net.https;BP-Linux8;53416;P.;1418
15:34:25.792556;BP-Linux8;par21s17-in-f1.1e100.net.https;53416;.;0
15:34:25.792806;par21s17-in-f1.1e100.net.https;BP-Linux8;53416;.;1418
15:34:25.792927;par21s17-in-f1.1e100.net.https;BP-Linux8;53416;P.;1418
15:34:25.792932;BP-Linux8;par21s17-in-f1.1e100.net.https;53416;.;0
15:34:25.793546;par21s17-in-f1.1e100.net.https;BP-Linux8;53416;P.;298
15:34:25.793678;BP-Linux8;par21s17-in-f1.1e100.net.https;53416;P.;46
15:34:25.795639;par21s17-in-f1.1e100.net.https;BP-Linux8;53416;P.;144
15:34:25.795772;par21s17-in-f1.1e100.net.https;BP-Linux8;53416;P.;1418
15:34:25.795778;BP-Linux8;par21s17-in-f1.1e100.net.https;53416;.;0
15:34:25.796074;par21s17-in-f1.1e100.net.https;BP-Linux8;53416;.;1418
15:34:25.796192;par21s17-in-f1.1e100.net.https;BP-Linux8;53416;P.;1418
15:34:25.796197;BP-Linux8;par21s17-in-f1.1e100.net.https;53416;.;0
15:34:25.796828;par21s17-in-f1.1e100.net.https;BP-Linux8;53416;.;1418
15:34:25.796833;par21s17-in-f1.1e100.net.https;BP-Linux8;53416;P.;1418
15:34:25.796837;BP-Linux8;par21s17-in-f1.1e100.net.https;53416;.;0
15:34:25.797557;par21s17-in-f1.1e100.net.https;BP-Linux8;53416;P.;715
15:34:25.797729;par21s17-in-f1.1e100.net.https;BP-Linux8;53416;P.;113
15:34:25.797757;BP-Linux8;par21s17-in-f1.1e100.net.https;53416;.;0
15:34:25.797872;par21s17-in-f1.1e100.net.https;BP-Linux8;53416;P.;1418
15:34:25.798182;par21s17-in-f1.1e100.net.https;BP-Linux8;53416;.;1418
15:34:25.798190;BP-Linux8;par21s17-in-f1.1e100.net.https;53416;.;0
15:34:25.798312;par21s17-in-f1.1e100.net.https;BP-Linux8;53416;P.;1418
15:34:25.798966;par21s17-in-f1.1e100.net.https;BP-Linux8;53416;.;1418
15:34:25.798975;BP-Linux8;par21s17-in-f1.1e100.net.https;53416;.;0
15:34:25.798983;par21s17-in-f1.1e100.net.https;BP-Linux8;53416;P.;603
15:34:25.799460;par21s17-in-f1.1e100.net.https;BP-Linux8;53416;P.;143
15:34:25.799559;BP-Linux8;par21s17-in-f1.1e100.net.https;53416;.;0
15:34:25.799595;par21s17-in-f1.1e100.net.https;BP-Linux8;53416;P.;1418
15:34:25.799914;par21s17-in-f1.1e100.net.https;BP-Linux8;53416;.;1418
15:34:25.799921;BP-Linux8;par21s17-in-f1.1e100.net.https;53416;.;0
15:34:25.799929;par21s17-in-f1.1e100.net.https;BP-Linux8;53416;P.;1418
15:34:25.800661;par21s17-in-f1.1e100.net.https;BP-Linux8;53416;.;1418
15:34:25.800668;BP-Linux8;par21s17-in-f1.1e100.net.https;53416;.;0
15:34:25.800760;par21s17-in-f1.1e100.net.https;BP-Linux8;53416;P.;742
15:34:25.801910;par21s17-in-f1.1e100.net.https;BP-Linux8;53416;P.;144
15:34:25.801944;BP-Linux8;par21s17-in-f1.1e100.net.https;53416;.;0
15:34:25.802040;par21s17-in-f1.1e100.net.https;BP-Linux8;53416;P.;1418
15:34:25.802353;par21s17-in-f1.1e100.net.https;BP-Linux8;53416;.;1418
15:34:25.802360;BP-Linux8;par21s17-in-f1.1e100.net.https;53416;.;0
15:34:25.802475;par21s17-in-f1.1e100.net.https;BP-Linux8;53416;P.;1418
15:34:25.803064;par21s17-in-f1.1e100.net.https;BP-Linux8;53416;P.;183
15:34:25.803071;BP-Linux8;par21s17-in-f1.1e100.net.https;53416;.;0
15:34:25.808068;par21s17-in-f1.1e100.net.https;BP-Linux8;53416;.;0
15:34:25.833429;BP-Linux8;par10s38-in-f3.1e100.net.https;34862;P.;159
15:34:25.845266;par10s38-in-f3.1e100.net.https;BP-Linux8;34862;.;0
15:34:25.913777;BP-Linux8;par10s38-in-f3.1e100.net.https;34862;P.;159
15:34:25.923074;par10s38-in-f3.1e100.net.https;BP-Linux8;34862;P.;74
15:34:25.923197;par10s38-in-f3.1e100.net.https;BP-Linux8;34862;P.;1053
15:34:25.923217;BP-Linux8;par10s38-in-f3.1e100.net.https;34862;.;0
15:34:25.925140;par10s38-in-f3.1e100.net.https;BP-Linux8;34862;P.;39
15:34:25.925261;par10s38-in-f3.1e100.net.https;BP-Linux8;34862;P.;38
15:34:25.925266;par10s38-in-f3.1e100.net.https;BP-Linux8;34862;P.;46
15:34:25.925387;BP-Linux8;par10s38-in-f3.1e100.net.https;34862;.;0
15:34:25.925434;BP-Linux8;par10s38-in-f3.1e100.net.https;34862;P.;46
15:34:25.925591;par10s38-in-f3.1e100.net.https;BP-Linux8;34862;.;0
15:34:25.937357;par10s38-in-f3.1e100.net.https;BP-Linux8;34862;.;0
15:34:25.939044;BP-Linux8;par21s17-in-f1.1e100.net.https;53416;P.;115
15:34:25.952410;par21s17-in-f1.1e100.net.https;BP-Linux8;53416;P.;116
15:34:25.952532;par21s17-in-f1.1e100.net.https;BP-Linux8;53416;P.;1418
15:34:25.952540;BP-Linux8;par21s17-in-f1.1e100.net.https;53416;.;0
15:34:25.952729;par21s17-in-f1.1e100.net.https;BP-Linux8;53416;.;1418
15:34:25.952733;par21s17-in-f1.1e100.net.https;BP-Linux8;53416;P.;1418
15:34:25.952748;BP-Linux8;par21s17-in-f1.1e100.net.https;53416;.;0
15:34:25.953254;par21s17-in-f1.1e100.net.https;BP-Linux8;53416;P.;1418
15:34:25.953507;par21s17-in-f1.1e100.net.https;BP-Linux8;53416;P.;256
15:34:25.953513;BP-Linux8;par21s17-in-f1.1e100.net.https;53416;.;0
15:34:25.953670;BP-Linux8;par21s17-in-f1.1e100.net.https;53416;P.;46
15:34:25.959516;par10s38-in-f3.1e100.net.https;BP-Linux8;34862;P.;74
15:34:25.959523;par10s38-in-f3.1e100.net.https;BP-Linux8;34862;P.;436
15:34:25.959636;BP-Linux8;par10s38-in-f3.1e100.net.https;34862;.;0
15:34:25.961607;par10s38-in-f3.1e100.net.https;BP-Linux8;34862;P.;39
15:34:25.961738;par10s38-in-f3.1e100.net.https;BP-Linux8;34862;P.;38
15:34:25.961836;BP-Linux8;par10s38-in-f3.1e100.net.https;34862;.;0
15:34:25.961859;par10s38-in-f3.1e100.net.https;BP-Linux8;34862;P.;46
15:34:25.961929;BP-Linux8;par10s38-in-f3.1e100.net.https;34862;P.;46
15:34:25.970568;par21s17-in-f1.1e100.net.https;BP-Linux8;53416;.;0
15:34:25.977987;par10s38-in-f3.1e100.net.https;BP-Linux8;34862;.;0
15:34:26.047855;BP-Linux8;par10s38-in-f3.1e100.net.https;34862;P.;160
15:34:26.059709;par10s38-in-f3.1e100.net.https;BP-Linux8;34862;.;0
15:34:26.101993;par10s38-in-f3.1e100.net.https;BP-Linux8;34862;P.;74
15:34:26.102003;par10s38-in-f3.1e100.net.https;BP-Linux8;34862;P.;436
15:34:26.102160;BP-Linux8;par10s38-in-f3.1e100.net.https;34862;.;0
15:34:26.104015;par10s38-in-f3.1e100.net.https;BP-Linux8;34862;P.;39
15:34:26.104137;par10s38-in-f3.1e100.net.https;BP-Linux8;34862;P.;38
15:34:26.104141;par10s38-in-f3.1e100.net.https;BP-Linux8;34862;P.;46
15:34:26.104280;BP-Linux8;par10s38-in-f3.1e100.net.https;34862;.;0
15:34:26.104329;BP-Linux8;par10s38-in-f3.1e100.net.https;34862;P.;46
15:34:26.116244;par10s38-in-f3.1e100.net.https;BP-Linux8;34862;.;0
15:34:26.188369;BP-Linux8;par10s38-in-f3.1e100.net.https;34862;P.;161
15:34:26.200221;par10s38-in-f3.1e100.net.https;BP-Linux8;34862;.;0
15:34:26.218489;BP-Linux8;par21s22-in-f14.1e100.net.https;37597;P.;46
15:34:26.218542;BP-Linux8;mad01s26-in-f174.1e100.net.https;38906;P.;46
15:34:26.218574;BP-Linux8;par10s40-in-f14.1e100.net.https;55948;P.;46
15:34:26.218603;BP-Linux8;par21s12-in-f14.1e100.net.https;38328;P.;46
15:34:26.230325;par21s22-in-f14.1e100.net.https;BP-Linux8;37597;.;0
15:34:26.230344;mad01s26-in-f174.1e100.net.https;BP-Linux8;38906;.;0
15:34:26.230347;mad01s26-in-f174.1e100.net.https;BP-Linux8;38906;P.;46
15:34:26.230429;par10s40-in-f14.1e100.net.https;BP-Linux8;55948;.;0
15:34:26.230434;par21s22-in-f14.1e100.net.https;BP-Linux8;37597;P.;46
15:34:26.230462;par21s12-in-f14.1e100.net.https;BP-Linux8;38328;.;0
15:34:26.230466;par21s12-in-f14.1e100.net.https;BP-Linux8;38328;P.;46
15:34:26.230539;par10s40-in-f14.1e100.net.https;BP-Linux8;55948;P.;46
15:34:26.236244;par10s38-in-f3.1e100.net.https;BP-Linux8;34862;P.;74
15:34:26.236365;par10s38-in-f3.1e100.net.https;BP-Linux8;34862;P.;435
15:34:26.236375;BP-Linux8;par10s38-in-f3.1e100.net.https;34862;.;0
15:34:26.238153;par10s38-in-f3.1e100.net.https;BP-Linux8;34862;P.;39
15:34:26.238274;par10s38-in-f3.1e100.net.https;BP-Linux8;34862;P.;38
15:34:26.238371;BP-Linux8;par10s38-in-f3.1e100.net.https;34862;.;0
15:34:26.238397;par10s38-in-f3.1e100.net.https;BP-Linux8;34862;P.;46
15:34:26.238469;BP-Linux8;par10s38-in-f3.1e100.net.https;34862;P.;46
15:34:26.255006;par10s38-in-f3.1e100.net.https;BP-Linux8;34862;.;0
15:34:26.268734;BP-Linux8;mad01s26-in-f174.1e100.net.https;38906;.;0
15:34:26.268744;BP-Linux8;par21s22-in-f14.1e100.net.https;37597;.;0
15:34:26.268750;BP-Linux8;par21s12-in-f14.1e100.net.https;38328;.;0
15:34:26.268756;BP-Linux8;par10s40-in-f14.1e100.net.https;55948;.;0
15:34:26.344415;BP-Linux8;par10s38-in-f3.1e100.net.https;34862;P.;162
15:34:26.356235;par10s38-in-f3.1e100.net.https;BP-Linux8;34862;.;0
15:34:26.389080;par10s38-in-f3.1e100.net.https;BP-Linux8;34862;P.;97
15:34:26.389187;par10s38-in-f3.1e100.net.https;BP-Linux8;34862;P.;445
15:34:26.389271;BP-Linux8;par10s38-in-f3.1e100.net.https;34862;.;0
15:34:26.392797;par10s38-in-f3.1e100.net.https;BP-Linux8;34862;P.;39
15:34:26.392912;par10s38-in-f3.1e100.net.https;BP-Linux8;34862;P.;38
15:34:26.393020;BP-Linux8;par10s38-in-f3.1e100.net.https;34862;.;0
15:34:26.393042;par10s38-in-f3.1e100.net.https;BP-Linux8;34862;P.;46
15:34:26.393126;BP-Linux8;par10s38-in-f3.1e100.net.https;34862;P.;46
15:34:26.409988;par10s38-in-f3.1e100.net.https;BP-Linux8;34862;.;0
15:34:26.471484;BP-Linux8;par10s38-in-f3.1e100.net.https;34862;P.;432
15:34:26.483360;par10s38-in-f3.1e100.net.https;BP-Linux8;34862;.;0
15:34:26.543681;par10s38-in-f3.1e100.net.https;BP-Linux8;34862;P.;378
15:34:26.543875;par10s38-in-f3.1e100.net.https;BP-Linux8;34862;P.;1418
15:34:26.543879;par10s38-in-f3.1e100.net.https;BP-Linux8;34862;.;1418
15:34:26.543881;par10s38-in-f3.1e100.net.https;BP-Linux8;34862;.;1418
15:34:26.543884;par10s38-in-f3.1e100.net.https;BP-Linux8;34862;P.;662
15:34:26.543885;par10s38-in-f3.1e100.net.https;BP-Linux8;34862;P.;101
15:34:26.543887;par10s38-in-f3.1e100.net.https;BP-Linux8;34862;.;1418
15:34:26.543888;par10s38-in-f3.1e100.net.https;BP-Linux8;34862;P.;1418
15:34:26.543913;BP-Linux8;par10s38-in-f3.1e100.net.https;34862;.;0
15:34:26.543957;par10s38-in-f3.1e100.net.https;BP-Linux8;34862;.;1418
15:34:26.543960;par10s38-in-f3.1e100.net.https;BP-Linux8;34862;.;1418
15:34:26.543961;par10s38-in-f3.1e100.net.https;BP-Linux8;34862;P.;1418
15:34:26.544030;BP-Linux8;par10s38-in-f3.1e100.net.https;34862;.;0
15:34:26.544087;par10s38-in-f3.1e100.net.https;BP-Linux8;34862;.;1418
15:34:26.544089;par10s38-in-f3.1e100.net.https;BP-Linux8;34862;.;1418
15:34:26.544091;par10s38-in-f3.1e100.net.https;BP-Linux8;34862;.;1418
15:34:26.544092;par10s38-in-f3.1e100.net.https;BP-Linux8;34862;P.;249
15:34:26.544133;BP-Linux8;par10s38-in-f3.1e100.net.https;34862;.;0
15:34:26.551739;BP-Linux8;par10s38-in-f3.1e100.net.https;34862;P.;375
15:34:26.551848;BP-Linux8;par10s38-in-f3.1e100.net.https;34862;P.;38
15:34:26.563575;par10s38-in-f3.1e100.net.https;BP-Linux8;34862;.;0
15:34:26.564128;par10s38-in-f3.1e100.net.https;BP-Linux8;34862;.;0
15:34:26.571786;par10s38-in-f3.1e100.net.https;BP-Linux8;34862;P.;153
15:34:26.571904;par10s38-in-f3.1e100.net.https;BP-Linux8;34862;P.;38
15:34:26.571908;par10s38-in-f3.1e100.net.https;BP-Linux8;34862;P.;46
15:34:26.572003;BP-Linux8;par10s38-in-f3.1e100.net.https;34862;.;0
15:34:26.572049;BP-Linux8;par10s38-in-f3.1e100.net.https;34862;P.;46
15:34:26.589035;par10s38-in-f3.1e100.net.https;BP-Linux8;34862;.;0
15:34:26.621082;BP-Linux8;par10s38-in-f3.1e100.net.https;34862;P.;116
15:34:26.633344;par10s38-in-f3.1e100.net.https;BP-Linux8;34862;.;0
15:34:26.634175;par10s38-in-f3.1e100.net.https;BP-Linux8;34862;P.;134
15:34:26.634336;par10s38-in-f3.1e100.net.https;BP-Linux8;34862;P.;1418
15:34:26.634341;par10s38-in-f3.1e100.net.https;BP-Linux8;34862;.;1418
15:34:26.634343;par10s38-in-f3.1e100.net.https;BP-Linux8;34862;P.;169
15:34:26.634346;par10s38-in-f3.1e100.net.https;BP-Linux8;34862;P.;46
15:34:26.634356;BP-Linux8;par10s38-in-f3.1e100.net.https;34862;.;0
15:34:26.634689;BP-Linux8;par10s38-in-f3.1e100.net.https;34862;P.;46
15:34:26.650982;par10s38-in-f3.1e100.net.https;BP-Linux8;34862;.;0
15:34:26.724955;BP-Linux8.ssh;192.168.190.130;50245;P.;100
15:34:26.745372;192.168.190.130;BP-Linux8.ssh;50245;.;0
15:34:27.138637;par10s38-in-f3.1e100.net.https;BP-Linux8;34862;P.;1418
15:34:27.138775;par10s38-in-f3.1e100.net.https;BP-Linux8;34862;.;1418
15:34:27.138780;par10s38-in-f3.1e100.net.https;BP-Linux8;34862;P.;1418
15:34:27.138783;par10s38-in-f3.1e100.net.https;BP-Linux8;34862;.;1418
15:34:27.138785;par10s38-in-f3.1e100.net.https;BP-Linux8;34862;P.;91
15:34:27.138848;par10s38-in-f3.1e100.net.https;BP-Linux8;34862;P.;113
15:34:27.138865;BP-Linux8;par10s38-in-f3.1e100.net.https;34862;.;0
15:34:27.168408;BP-Linux8;par10s38-in-f3.1e100.net.https;34862;P.;560
15:34:27.168532;BP-Linux8;par10s38-in-f3.1e100.net.https;34862;P.;38
15:34:27.173268;par10s38-in-f3.1e100.net.https;BP-Linux8;34862;P.;1418
15:34:27.173407;par10s38-in-f3.1e100.net.https;BP-Linux8;34862;.;1418
15:34:27.173413;par10s38-in-f3.1e100.net.https;BP-Linux8;34862;P.;1418
15:34:27.173415;par10s38-in-f3.1e100.net.https;BP-Linux8;34862;P.;1200
15:34:27.173430;BP-Linux8;par10s38-in-f3.1e100.net.https;34862;.;0
15:34:27.175333;par10s38-in-f3.1e100.net.https;BP-Linux8;34862;P.;1418
15:34:27.175341;par10s38-in-f3.1e100.net.https;BP-Linux8;34862;.;1418
15:34:27.175345;BP-Linux8;par10s38-in-f3.1e100.net.https;34862;.;0
15:34:27.175447;par10s38-in-f3.1e100.net.https;BP-Linux8;34862;P.;1418
15:34:27.175451;par10s38-in-f3.1e100.net.https;BP-Linux8;34862;.;1418
15:34:27.175476;par10s38-in-f3.1e100.net.https;BP-Linux8;34862;.;1418
15:34:27.175480;par10s38-in-f3.1e100.net.https;BP-Linux8;34862;.;1418
15:34:27.175481;par10s38-in-f3.1e100.net.https;BP-Linux8;34862;P.;712
15:34:27.175511;BP-Linux8;par10s38-in-f3.1e100.net.https;34862;.;0
15:34:27.180237;par10s38-in-f3.1e100.net.https;BP-Linux8;34862;.;0
15:34:27.180356;par10s38-in-f3.1e100.net.https;BP-Linux8;34862;.;0
15:34:27.188777;par10s38-in-f3.1e100.net.https;BP-Linux8;34862;P.;153
15:34:27.188900;par10s38-in-f3.1e100.net.https;BP-Linux8;34862;P.;38
15:34:27.188905;par10s38-in-f3.1e100.net.https;BP-Linux8;34862;P.;46
15:34:27.188996;BP-Linux8;par10s38-in-f3.1e100.net.https;34862;.;0
15:34:27.189042;BP-Linux8;par10s38-in-f3.1e100.net.https;34862;P.;46
15:34:27.199921;BP-Linux8;par10s38-in-f3.1e100.net.https;34862;P.;212
15:34:27.206007;par10s38-in-f3.1e100.net.https;BP-Linux8;34862;.;0
15:34:27.211791;par10s38-in-f3.1e100.net.https;BP-Linux8;34862;.;0
15:34:27.220894;BP-Linux8;par21s23-in-f3.1e100.net.https;53440;P.;94
15:34:27.224701;par10s38-in-f3.1e100.net.https;BP-Linux8;34862;P.;271
15:34:27.224864;par10s38-in-f3.1e100.net.https;BP-Linux8;34862;P.;1418
15:34:27.224869;par10s38-in-f3.1e100.net.https;BP-Linux8;34862;.;1418
15:34:27.224871;par10s38-in-f3.1e100.net.https;BP-Linux8;34862;P.;711
15:34:27.224872;par10s38-in-f3.1e100.net.https;BP-Linux8;34862;P.;46
15:34:27.224909;BP-Linux8;par10s38-in-f3.1e100.net.https;34862;.;0
15:34:27.226075;BP-Linux8;par10s38-in-f3.1e100.net.https;34862;P.;46
15:34:27.232797;par21s23-in-f3.1e100.net.https;BP-Linux8;53440;.;0
15:34:27.233104;par21s23-in-f3.1e100.net.https;BP-Linux8;53440;P.;358
15:34:27.233244;par21s23-in-f3.1e100.net.https;BP-Linux8;53440;P.;1418
15:34:27.233251;BP-Linux8;par21s23-in-f3.1e100.net.https;53440;.;0
15:34:27.233351;par21s23-in-f3.1e100.net.https;BP-Linux8;53440;.;1418
15:34:27.233377;par21s23-in-f3.1e100.net.https;BP-Linux8;53440;.;1418
15:34:27.233380;par21s23-in-f3.1e100.net.https;BP-Linux8;53440;P.;336
15:34:27.233416;BP-Linux8;par21s23-in-f3.1e100.net.https;53440;.;0
15:34:27.233671;par21s23-in-f3.1e100.net.https;BP-Linux8;53440;P.;46
15:34:27.234452;BP-Linux8;par21s23-in-f3.1e100.net.https;53440;P.;46
15:34:27.242990;par10s38-in-f3.1e100.net.https;BP-Linux8;34862;.;0
15:34:27.250775;par21s23-in-f3.1e100.net.https;BP-Linux8;53440;.;0
15:34:27.300415;par10s38-in-f3.1e100.net.https;BP-Linux8;34862;P.;1418
15:34:27.300428;par10s38-in-f3.1e100.net.https;BP-Linux8;34862;.;1418
15:34:27.300481;BP-Linux8;par10s38-in-f3.1e100.net.https;34862;.;0
15:34:27.300563;par10s38-in-f3.1e100.net.https;BP-Linux8;34862;P.;1418
15:34:27.300567;par10s38-in-f3.1e100.net.https;BP-Linux8;34862;.;1418
15:34:27.300569;par10s38-in-f3.1e100.net.https;BP-Linux8;34862;.;1418
15:34:27.300571;par10s38-in-f3.1e100.net.https;BP-Linux8;34862;.;1418
15:34:27.300572;par10s38-in-f3.1e100.net.https;BP-Linux8;34862;P.;1418
15:34:27.300650;BP-Linux8;par10s38-in-f3.1e100.net.https;34862;.;0
15:34:27.300661;par10s38-in-f3.1e100.net.https;BP-Linux8;34862;.;1418
15:34:27.300663;par10s38-in-f3.1e100.net.https;BP-Linux8;34862;.;1418
15:34:27.300664;par10s38-in-f3.1e100.net.https;BP-Linux8;34862;.;1418
15:34:27.300672;BP-Linux8;par10s38-in-f3.1e100.net.https;34862;.;0
15:34:27.300758;par10s38-in-f3.1e100.net.https;BP-Linux8;34862;.;1418
15:34:27.300760;par10s38-in-f3.1e100.net.https;BP-Linux8;34862;P.;642
15:34:27.300791;BP-Linux8;par10s38-in-f3.1e100.net.https;34862;.;0
15:34:27.300873;par10s38-in-f3.1e100.net.https;BP-Linux8;34862;P.;1184
15:34:27.303437;par10s38-in-f3.1e100.net.https;BP-Linux8;34862;P.;1418
15:34:27.303444;BP-Linux8;par10s38-in-f3.1e100.net.https;34862;.;0
15:34:27.303548;par10s38-in-f3.1e100.net.https;BP-Linux8;34862;.;1418
15:34:27.303569;par10s38-in-f3.1e100.net.https;BP-Linux8;34862;P.;1418
15:34:27.303572;par10s38-in-f3.1e100.net.https;BP-Linux8;34862;P.;1002
15:34:27.303615;BP-Linux8;par10s38-in-f3.1e100.net.https;34862;.;0
15:34:27.367553;par10s38-in-f3.1e100.net.https;BP-Linux8;34862;P.;1418
15:34:27.367727;par10s38-in-f3.1e100.net.https;BP-Linux8;34862;.;1418
15:34:27.367736;BP-Linux8;par10s38-in-f3.1e100.net.https;34862;.;0
15:34:27.367745;par10s38-in-f3.1e100.net.https;BP-Linux8;34862;P.;1418
15:34:27.367748;par10s38-in-f3.1e100.net.https;BP-Linux8;34862;.;1418
15:34:27.367751;par10s38-in-f3.1e100.net.https;BP-Linux8;34862;.;1418
15:34:27.367753;par10s38-in-f3.1e100.net.https;BP-Linux8;34862;.;1418
15:34:27.367754;par10s38-in-f3.1e100.net.https;BP-Linux8;34862;P.;1418
15:34:27.367780;BP-Linux8;par10s38-in-f3.1e100.net.https;34862;.;0
15:34:27.367790;par10s38-in-f3.1e100.net.https;BP-Linux8;34862;.;1418
15:34:27.367791;par10s38-in-f3.1e100.net.https;BP-Linux8;34862;.;1418
15:34:27.367796;BP-Linux8;par10s38-in-f3.1e100.net.https;34862;.;0
15:34:27.367891;par10s38-in-f3.1e100.net.https;BP-Linux8;34862;.;1418
15:34:27.367918;par10s38-in-f3.1e100.net.https;BP-Linux8;34862;.;1418
15:34:27.367920;par10s38-in-f3.1e100.net.https;BP-Linux8;34862;P.;585
15:34:27.367999;BP-Linux8;par10s38-in-f3.1e100.net.https;34862;.;0
15:34:27.368084;par10s38-in-f3.1e100.net.https;BP-Linux8;34862;.;1418
15:34:27.368086;par10s38-in-f3.1e100.net.https;BP-Linux8;34862;.;1418
15:34:27.368088;par10s38-in-f3.1e100.net.https;BP-Linux8;34862;.;1418
15:34:27.368090;par10s38-in-f3.1e100.net.https;BP-Linux8;34862;.;1418
15:34:27.368092;par10s38-in-f3.1e100.net.https;BP-Linux8;34862;P.;1418
15:34:27.368112;BP-Linux8;par10s38-in-f3.1e100.net.https;34862;.;0
15:34:27.368193;par10s38-in-f3.1e100.net.https;BP-Linux8;34862;.;1418
15:34:27.368196;par10s38-in-f3.1e100.net.https;BP-Linux8;34862;.;1418
15:34:27.368198;par10s38-in-f3.1e100.net.https;BP-Linux8;34862;.;1418
15:34:27.368200;par10s38-in-f3.1e100.net.https;BP-Linux8;34862;.;1418
15:34:27.368224;BP-Linux8;par10s38-in-f3.1e100.net.https;34862;.;0
15:34:27.368301;par10s38-in-f3.1e100.net.https;BP-Linux8;34862;.;1418
15:34:27.368303;par10s38-in-f3.1e100.net.https;BP-Linux8;34862;.;1418
15:34:27.368305;par10s38-in-f3.1e100.net.https;BP-Linux8;34862;P.;1143
15:34:27.368333;BP-Linux8;par10s38-in-f3.1e100.net.https;34862;.;0
15:34:27.368423;par10s38-in-f3.1e100.net.https;BP-Linux8;34862;P.;1418
15:34:27.368610;par10s38-in-f3.1e100.net.https;BP-Linux8;34862;.;1418
15:34:27.368613;par10s38-in-f3.1e100.net.https;BP-Linux8;34862;P.;1418
15:34:27.368614;par10s38-in-f3.1e100.net.https;BP-Linux8;34862;.;1418
15:34:27.368615;par10s38-in-f3.1e100.net.https;BP-Linux8;34862;.;1418
15:34:27.368617;par10s38-in-f3.1e100.net.https;BP-Linux8;34862;.;1418
15:34:27.368618;par10s38-in-f3.1e100.net.https;BP-Linux8;34862;P.;612
15:34:27.368695;BP-Linux8;par10s38-in-f3.1e100.net.https;34862;.;0
15:34:27.384957;par10s38-in-f3.1e100.net.https;BP-Linux8;34862;P.;181
15:34:27.385074;par10s38-in-f3.1e100.net.https;BP-Linux8;34862;P.;38
15:34:27.385098;BP-Linux8;par10s38-in-f3.1e100.net.https;34862;.;0
15:34:27.385201;par10s38-in-f3.1e100.net.https;BP-Linux8;34862;P.;46
15:34:27.385250;BP-Linux8;par10s38-in-f3.1e100.net.https;34862;P.;46
15:34:27.397119;par10s38-in-f3.1e100.net.https;BP-Linux8;34862;.;0
15:34:27.461758;BP-Linux8;par10s38-in-f3.1e100.net.https;34862;P.;87
15:34:27.473646;par10s38-in-f3.1e100.net.https;BP-Linux8;34862;.;0
15:34:27.476945;BP-Linux8;par21s18-in-f3.1e100.net.https;39653;S;0
15:34:27.479037;par10s38-in-f3.1e100.net.https;BP-Linux8;34862;P.;128
15:34:27.479232;par10s38-in-f3.1e100.net.https;BP-Linux8;34862;P.;1418
15:34:27.479237;par10s38-in-f3.1e100.net.https;BP-Linux8;34862;.;1418
15:34:27.479239;par10s38-in-f3.1e100.net.https;BP-Linux8;34862;P.;1418
15:34:27.479242;par10s38-in-f3.1e100.net.https;BP-Linux8;34862;.;1418
15:34:27.479243;par10s38-in-f3.1e100.net.https;BP-Linux8;34862;.;1418
15:34:27.479266;BP-Linux8;par10s38-in-f3.1e100.net.https;34862;.;0
15:34:27.479307;par10s38-in-f3.1e100.net.https;BP-Linux8;34862;.;1418
15:34:27.479310;par10s38-in-f3.1e100.net.https;BP-Linux8;34862;P.;669
15:34:27.479311;par10s38-in-f3.1e100.net.https;BP-Linux8;34862;P.;38
15:34:27.479312;par10s38-in-f3.1e100.net.https;BP-Linux8;34862;P.;46
15:34:27.479396;BP-Linux8;par10s38-in-f3.1e100.net.https;34862;.;0
15:34:27.479935;BP-Linux8;par10s38-in-f3.1e100.net.https;34862;P.;46
15:34:27.488864;par21s18-in-f3.1e100.net.https;BP-Linux8;39653;S.;0
15:34:27.488878;BP-Linux8;par21s18-in-f3.1e100.net.https;39653;.;0
15:34:27.489031;BP-Linux8;par21s18-in-f3.1e100.net.https;39653;P.;193
15:34:27.496052;par10s38-in-f3.1e100.net.https;BP-Linux8;34862;.;0
15:34:27.500932;par21s18-in-f3.1e100.net.https;BP-Linux8;39653;.;0
15:34:27.505951;par21s18-in-f3.1e100.net.https;BP-Linux8;39653;.;1418
15:34:27.505958;BP-Linux8;par21s18-in-f3.1e100.net.https;39653;.;0
15:34:27.506029;par21s18-in-f3.1e100.net.https;BP-Linux8;39653;P.;1418
15:34:27.506034;BP-Linux8;par21s18-in-f3.1e100.net.https;39653;.;0
15:34:27.506040;par21s18-in-f3.1e100.net.https;BP-Linux8;39653;P.;1374
15:34:27.506043;BP-Linux8;par21s18-in-f3.1e100.net.https;39653;.;0
15:34:27.519453;BP-Linux8;par21s18-in-f3.1e100.net.https;39653;P.;93
15:34:27.531524;par21s18-in-f3.1e100.net.https;BP-Linux8;39653;P.;292
15:34:27.531630;par21s18-in-f3.1e100.net.https;BP-Linux8;39653;P.;69
15:34:27.532954;BP-Linux8;par21s18-in-f3.1e100.net.https;39653;P.;163
15:34:27.533016;BP-Linux8;par21s18-in-f3.1e100.net.https;39653;P.;537
15:34:27.542797;BP-Linux8;par21s18-in-f3.1e100.net.https;39653;P.;38
15:34:27.544784;par21s18-in-f3.1e100.net.https;BP-Linux8;39653;P.;38
15:34:27.549696;par21s18-in-f3.1e100.net.https;BP-Linux8;39653;.;0
15:34:27.554587;par21s18-in-f3.1e100.net.https;BP-Linux8;39653;.;0
15:34:27.563103;par21s18-in-f3.1e100.net.https;BP-Linux8;39653;P.;961
15:34:27.563141;BP-Linux8;par21s18-in-f3.1e100.net.https;39653;.;0
15:34:27.563211;par21s18-in-f3.1e100.net.https;BP-Linux8;39653;P.;443
15:34:27.563215;par21s18-in-f3.1e100.net.https;BP-Linux8;39653;P.;46
15:34:27.563501;BP-Linux8;par21s18-in-f3.1e100.net.https;39653;.;0
15:34:27.563543;BP-Linux8;par21s18-in-f3.1e100.net.https;39653;P.;46
15:34:27.579722;par21s18-in-f3.1e100.net.https;BP-Linux8;39653;.;0
15:34:27.641115;BP-Linux8;par10s38-in-f3.1e100.net.https;34862;P.;425
15:34:27.652969;par10s38-in-f3.1e100.net.https;BP-Linux8;34862;.;0
15:34:27.656409;par10s38-in-f3.1e100.net.https;BP-Linux8;34862;P.;118
15:34:27.656630;par10s38-in-f3.1e100.net.https;BP-Linux8;34862;P.;1418
15:34:27.656636;par10s38-in-f3.1e100.net.https;BP-Linux8;34862;.;1418
15:34:27.656638;par10s38-in-f3.1e100.net.https;BP-Linux8;34862;P.;1418
15:34:27.656640;par10s38-in-f3.1e100.net.https;BP-Linux8;34862;.;1418
15:34:27.656642;par10s38-in-f3.1e100.net.https;BP-Linux8;34862;.;1418
15:34:27.656644;par10s38-in-f3.1e100.net.https;BP-Linux8;34862;.;1418
15:34:27.656645;par10s38-in-f3.1e100.net.https;BP-Linux8;34862;.;1418
15:34:27.656659;par10s38-in-f3.1e100.net.https;BP-Linux8;34862;P.;1418
15:34:27.656681;BP-Linux8;par10s38-in-f3.1e100.net.https;34862;.;0
15:34:27.656787;par10s38-in-f3.1e100.net.https;BP-Linux8;34862;.;1418
15:34:27.656791;par10s38-in-f3.1e100.net.https;BP-Linux8;34862;.;1418
15:34:27.656820;BP-Linux8;par10s38-in-f3.1e100.net.https;34862;.;0
15:34:27.656924;par10s38-in-f3.1e100.net.https;BP-Linux8;34862;.;1418
15:34:27.656926;par10s38-in-f3.1e100.net.https;BP-Linux8;34862;.;1418
15:34:27.656928;par10s38-in-f3.1e100.net.https;BP-Linux8;34862;.;1418
15:34:27.656930;par10s38-in-f3.1e100.net.https;BP-Linux8;34862;.;1418
15:34:27.656931;par10s38-in-f3.1e100.net.https;BP-Linux8;34862;.;1418
15:34:27.656933;par10s38-in-f3.1e100.net.https;BP-Linux8;34862;.;1418
15:34:27.656934;par10s38-in-f3.1e100.net.https;BP-Linux8;34862;.;1418
15:34:27.656936;par10s38-in-f3.1e100.net.https;BP-Linux8;34862;.;1418
15:34:27.656937;par10s38-in-f3.1e100.net.https;BP-Linux8;34862;P.;1418
15:34:27.656944;BP-Linux8;par10s38-in-f3.1e100.net.https;34862;.;0
15:34:27.657103;par10s38-in-f3.1e100.net.https;BP-Linux8;34862;.;1418
15:34:27.657265;par10s38-in-f3.1e100.net.https;BP-Linux8;34862;.;1418
15:34:27.657268;par10s38-in-f3.1e100.net.https;BP-Linux8;34862;.;1418
15:34:27.657270;par10s38-in-f3.1e100.net.https;BP-Linux8;34862;.;1418
15:34:27.657271;par10s38-in-f3.1e100.net.https;BP-Linux8;34862;P.;868
15:34:27.657310;BP-Linux8;par10s38-in-f3.1e100.net.https;34862;.;0
15:34:27.657419;par10s38-in-f3.1e100.net.https;BP-Linux8;34862;.;1418
15:34:27.657421;par10s38-in-f3.1e100.net.https;BP-Linux8;34862;.;1418
15:34:27.657423;par10s38-in-f3.1e100.net.https;BP-Linux8;34862;.;1418
15:34:27.657425;par10s38-in-f3.1e100.net.https;BP-Linux8;34862;.;1418
15:34:27.657426;par10s38-in-f3.1e100.net.https;BP-Linux8;34862;.;1418
15:34:27.657428;par10s38-in-f3.1e100.net.https;BP-Linux8;34862;.;1418
15:34:27.657506;par10s38-in-f3.1e100.net.https;BP-Linux8;34862;.;1418
15:34:27.657508;par10s38-in-f3.1e100.net.https;BP-Linux8;34862;.;1418
15:34:27.657510;par10s38-in-f3.1e100.net.https;BP-Linux8;34862;.;1418
15:34:27.657511;par10s38-in-f3.1e100.net.https;BP-Linux8;34862;.;1418
15:34:27.657513;par10s38-in-f3.1e100.net.https;BP-Linux8;34862;.;1418
15:34:27.657514;par10s38-in-f3.1e100.net.https;BP-Linux8;34862;.;1418
15:34:27.657515;par10s38-in-f3.1e100.net.https;BP-Linux8;34862;P.;1418
15:34:27.657522;BP-Linux8;par10s38-in-f3.1e100.net.https;34862;.;0
15:34:27.657804;par10s38-in-f3.1e100.net.https;BP-Linux8;34862;.;1418
15:34:27.657806;par10s38-in-f3.1e100.net.https;BP-Linux8;34862;.;1418
15:34:27.657886;BP-Linux8;par10s38-in-f3.1e100.net.https;34862;.;0
15:34:27.657995;par10s38-in-f3.1e100.net.https;BP-Linux8;34862;.;1418
15:34:27.657999;par10s38-in-f3.1e100.net.https;BP-Linux8;34862;.;1418
15:34:27.658001;par10s38-in-f3.1e100.net.https;BP-Linux8;34862;.;1418
15:34:27.658003;par10s38-in-f3.1e100.net.https;BP-Linux8;34862;.;1418
15:34:27.658004;par10s38-in-f3.1e100.net.https;BP-Linux8;34862;.;1418
15:34:27.658006;par10s38-in-f3.1e100.net.https;BP-Linux8;34862;.;1418
15:34:27.658007;par10s38-in-f3.1e100.net.https;BP-Linux8;34862;.;1418
15:34:27.658009;par10s38-in-f3.1e100.net.https;BP-Linux8;34862;.;1418
15:34:27.658090;BP-Linux8;par10s38-in-f3.1e100.net.https;34862;.;0
15:34:27.658188;par10s38-in-f3.1e100.net.https;BP-Linux8;34862;.;1418
15:34:27.658190;par10s38-in-f3.1e100.net.https;BP-Linux8;34862;.;1418
15:34:27.658192;par10s38-in-f3.1e100.net.https;BP-Linux8;34862;.;1418
15:34:27.658194;par10s38-in-f3.1e100.net.https;BP-Linux8;34862;.;1418
15:34:27.658195;par10s38-in-f3.1e100.net.https;BP-Linux8;34862;.;1418
15:34:27.658196;par10s38-in-f3.1e100.net.https;BP-Linux8;34862;.;1418
15:34:27.658198;par10s38-in-f3.1e100.net.https;BP-Linux8;34862;.;1418
15:34:27.658199;par10s38-in-f3.1e100.net.https;BP-Linux8;34862;.;1418
15:34:27.658201;par10s38-in-f3.1e100.net.https;BP-Linux8;34862;.;1418
15:34:27.658202;par10s38-in-f3.1e100.net.https;BP-Linux8;34862;.;1418
15:34:27.658204;par10s38-in-f3.1e100.net.https;BP-Linux8;34862;.;1418
15:34:27.658214;par10s38-in-f3.1e100.net.https;BP-Linux8;34862;.;1418
15:34:27.658215;par10s38-in-f3.1e100.net.https;BP-Linux8;34862;.;1418
15:34:27.658220;par10s38-in-f3.1e100.net.https;BP-Linux8;34862;.;1418
15:34:27.658222;par10s38-in-f3.1e100.net.https;BP-Linux8;34862;P.;1418
15:34:27.658235;BP-Linux8;par10s38-in-f3.1e100.net.https;34862;.;0
15:34:27.658749;par10s38-in-f3.1e100.net.https;BP-Linux8;34862;.;1418
15:34:27.659045;par10s38-in-f3.1e100.net.https;BP-Linux8;34862;.;1418
15:34:27.659049;BP-Linux8;par10s38-in-f3.1e100.net.https;34862;.;0
15:34:27.659060;par10s38-in-f3.1e100.net.https;BP-Linux8;34862;.;1418
15:34:27.659062;par10s38-in-f3.1e100.net.https;BP-Linux8;34862;.;1418
15:34:27.659063;par10s38-in-f3.1e100.net.https;BP-Linux8;34862;.;1418
15:34:27.659068;par10s38-in-f3.1e100.net.https;BP-Linux8;34862;.;1418
15:34:27.659070;par10s38-in-f3.1e100.net.https;BP-Linux8;34862;.;1418
15:34:27.659071;par10s38-in-f3.1e100.net.https;BP-Linux8;34862;.;1418
15:34:27.659073;par10s38-in-f3.1e100.net.https;BP-Linux8;34862;.;1418
15:34:27.659077;par10s38-in-f3.1e100.net.https;BP-Linux8;34862;.;1418
15:34:27.659078;par10s38-in-f3.1e100.net.https;BP-Linux8;34862;.;1418
15:34:27.659080;par10s38-in-f3.1e100.net.https;BP-Linux8;34862;.;1418
15:34:27.659084;par10s38-in-f3.1e100.net.https;BP-Linux8;34862;.;1418
15:34:27.659086;par10s38-in-f3.1e100.net.https;BP-Linux8;34862;.;1418
15:34:27.659088;par10s38-in-f3.1e100.net.https;BP-Linux8;34862;.;1418
15:34:27.659089;par10s38-in-f3.1e100.net.https;BP-Linux8;34862;.;1418
15:34:27.659160;par10s38-in-f3.1e100.net.https;BP-Linux8;34862;.;1418
15:34:27.659162;par10s38-in-f3.1e100.net.https;BP-Linux8;34862;.;1418
15:34:27.659163;par10s38-in-f3.1e100.net.https;BP-Linux8;34862;.;1418
15:34:27.659165;par10s38-in-f3.1e100.net.https;BP-Linux8;34862;.;1418
15:34:27.659166;par10s38-in-f3.1e100.net.https;BP-Linux8;34862;.;1418
15:34:27.659168;par10s38-in-f3.1e100.net.https;BP-Linux8;34862;.;1418
15:34:27.659169;par10s38-in-f3.1e100.net.https;BP-Linux8;34862;.;1418
15:34:27.659171;par10s38-in-f3.1e100.net.https;BP-Linux8;34862;.;1418
15:34:27.659172;par10s38-in-f3.1e100.net.https;BP-Linux8;34862;P.;1418
15:34:27.659204;BP-Linux8;par10s38-in-f3.1e100.net.https;34862;.;0
15:34:27.659708;par10s38-in-f3.1e100.net.https;BP-Linux8;34862;.;1418
15:34:27.660012;par10s38-in-f3.1e100.net.https;BP-Linux8;34862;.;1418
15:34:27.660015;BP-Linux8;par10s38-in-f3.1e100.net.https;34862;.;0
15:34:27.660022;par10s38-in-f3.1e100.net.https;BP-Linux8;34862;.;1418
15:34:27.660023;par10s38-in-f3.1e100.net.https;BP-Linux8;34862;.;1418
15:34:27.660025;par10s38-in-f3.1e100.net.https;BP-Linux8;34862;.;1418
15:34:27.660026;par10s38-in-f3.1e100.net.https;BP-Linux8;34862;.;1418
15:34:27.660027;par10s38-in-f3.1e100.net.https;BP-Linux8;34862;.;1418
15:34:27.660029;par10s38-in-f3.1e100.net.https;BP-Linux8;34862;.;1418
15:34:27.660031;par10s38-in-f3.1e100.net.https;BP-Linux8;34862;.;1418
15:34:27.660032;par10s38-in-f3.1e100.net.https;BP-Linux8;34862;.;1418
15:34:27.660033;par10s38-in-f3.1e100.net.https;BP-Linux8;34862;.;1418
15:34:27.660035;par10s38-in-f3.1e100.net.https;BP-Linux8;34862;.;1418
15:34:27.660037;par10s38-in-f3.1e100.net.https;BP-Linux8;34862;.;1418
15:34:27.660038;par10s38-in-f3.1e100.net.https;BP-Linux8;34862;.;1418
15:34:27.660039;par10s38-in-f3.1e100.net.https;BP-Linux8;34862;.;1418
15:34:27.660041;par10s38-in-f3.1e100.net.https;BP-Linux8;34862;.;1418
15:34:27.660062;BP-Linux8;par10s38-in-f3.1e100.net.https;34862;.;0
15:34:27.660130;par10s38-in-f3.1e100.net.https;BP-Linux8;34862;.;1418
15:34:27.660133;par10s38-in-f3.1e100.net.https;BP-Linux8;34862;.;1418
15:34:27.660134;par10s38-in-f3.1e100.net.https;BP-Linux8;34862;.;1418
15:34:27.660136;par10s38-in-f3.1e100.net.https;BP-Linux8;34862;.;1418
15:34:27.660138;par10s38-in-f3.1e100.net.https;BP-Linux8;34862;.;1418
15:34:27.660139;par10s38-in-f3.1e100.net.https;BP-Linux8;34862;.;1418
15:34:27.660140;par10s38-in-f3.1e100.net.https;BP-Linux8;34862;.;1418
15:34:27.660142;par10s38-in-f3.1e100.net.https;BP-Linux8;34862;.;1418
15:34:27.660143;par10s38-in-f3.1e100.net.https;BP-Linux8;34862;P.;1418
15:34:27.660184;BP-Linux8;par10s38-in-f3.1e100.net.https;34862;.;0
15:34:27.660690;par10s38-in-f3.1e100.net.https;BP-Linux8;34862;.;1418
15:34:27.660693;par10s38-in-f3.1e100.net.https;BP-Linux8;34862;.;1418
15:34:27.660983;par10s38-in-f3.1e100.net.https;BP-Linux8;34862;.;1418
15:34:27.660989;par10s38-in-f3.1e100.net.https;BP-Linux8;34862;.;1418
15:34:27.660997;par10s38-in-f3.1e100.net.https;BP-Linux8;34862;.;1418
15:34:27.660999;par10s38-in-f3.1e100.net.https;BP-Linux8;34862;.;1418
15:34:27.661006;par10s38-in-f3.1e100.net.https;BP-Linux8;34862;.;1418
15:34:27.661008;par10s38-in-f3.1e100.net.https;BP-Linux8;34862;.;1418
15:34:27.661010;par10s38-in-f3.1e100.net.https;BP-Linux8;34862;.;1418
15:34:27.661017;par10s38-in-f3.1e100.net.https;BP-Linux8;34862;.;1418
15:34:27.661019;par10s38-in-f3.1e100.net.https;BP-Linux8;34862;.;1418
15:34:27.661026;par10s38-in-f3.1e100.net.https;BP-Linux8;34862;.;1418
15:34:27.661027;par10s38-in-f3.1e100.net.https;BP-Linux8;34862;.;1418
15:34:27.661034;par10s38-in-f3.1e100.net.https;BP-Linux8;34862;.;1418
15:34:27.661036;par10s38-in-f3.1e100.net.https;BP-Linux8;34862;.;1418
15:34:27.661037;par10s38-in-f3.1e100.net.https;BP-Linux8;34862;.;1418
15:34:27.661045;par10s38-in-f3.1e100.net.https;BP-Linux8;34862;.;1418
15:34:27.661068;par10s38-in-f3.1e100.net.https;BP-Linux8;34862;.;1418
15:34:27.661071;par10s38-in-f3.1e100.net.https;BP-Linux8;34862;.;1418
15:34:27.661073;par10s38-in-f3.1e100.net.https;BP-Linux8;34862;.;1418
15:34:27.661074;par10s38-in-f3.1e100.net.https;BP-Linux8;34862;.;1418
15:34:27.661076;par10s38-in-f3.1e100.net.https;BP-Linux8;34862;.;1418
15:34:27.661077;par10s38-in-f3.1e100.net.https;BP-Linux8;34862;.;1418
15:34:27.661079;par10s38-in-f3.1e100.net.https;BP-Linux8;34862;.;1418
15:34:27.661081;par10s38-in-f3.1e100.net.https;BP-Linux8;34862;P.;1418
15:34:27.661623;par10s38-in-f3.1e100.net.https;BP-Linux8;34862;.;1418
15:34:27.661925;par10s38-in-f3.1e100.net.https;BP-Linux8;34862;.;1418
15:34:27.661930;par10s38-in-f3.1e100.net.https;BP-Linux8;34862;.;1418
15:34:27.661932;par10s38-in-f3.1e100.net.https;BP-Linux8;34862;.;1418
15:34:27.661933;par10s38-in-f3.1e100.net.https;BP-Linux8;34862;.;1418
15:34:27.661934;par10s38-in-f3.1e100.net.https;BP-Linux8;34862;.;1418
15:34:27.661936;par10s38-in-f3.1e100.net.https;BP-Linux8;34862;.;1418
15:34:27.661937;par10s38-in-f3.1e100.net.https;BP-Linux8;34862;.;1418
15:34:27.661939;par10s38-in-f3.1e100.net.https;BP-Linux8;34862;.;1418
15:34:27.661940;par10s38-in-f3.1e100.net.https;BP-Linux8;34862;.;1418
15:34:27.661942;par10s38-in-f3.1e100.net.https;BP-Linux8;34862;.;1418
15:34:27.661944;par10s38-in-f3.1e100.net.https;BP-Linux8;34862;.;1418
15:34:27.661945;par10s38-in-f3.1e100.net.https;BP-Linux8;34862;.;1418
15:34:27.661947;par10s38-in-f3.1e100.net.https;BP-Linux8;34862;.;1418
15:34:27.661949;par10s38-in-f3.1e100.net.https;BP-Linux8;34862;.;1418
15:34:27.661950;par10s38-in-f3.1e100.net.https;BP-Linux8;34862;.;1418
15:34:27.661983;par10s38-in-f3.1e100.net.https;BP-Linux8;34862;.;1418
15:34:27.661985;par10s38-in-f3.1e100.net.https;BP-Linux8;34862;.;1418
15:34:27.661987;par10s38-in-f3.1e100.net.https;BP-Linux8;34862;.;1418
15:34:27.661988;par10s38-in-f3.1e100.net.https;BP-Linux8;34862;.;1418
15:34:27.661990;par10s38-in-f3.1e100.net.https;BP-Linux8;34862;P.;1418
15:34:27.662426;par10s38-in-f3.1e100.net.https;BP-Linux8;34862;.;1418
15:34:27.662725;par10s38-in-f3.1e100.net.https;BP-Linux8;34862;.;1418
15:34:27.662728;par10s38-in-f3.1e100.net.https;BP-Linux8;34862;.;1418
15:34:27.662729;par10s38-in-f3.1e100.net.https;BP-Linux8;34862;.;1418
15:34:27.662731;par10s38-in-f3.1e100.net.https;BP-Linux8;34862;.;1418
15:34:27.662732;par10s38-in-f3.1e100.net.https;BP-Linux8;34862;.;1418
15:34:27.662733;par10s38-in-f3.1e100.net.https;BP-Linux8;34862;.;1418
15:34:27.662735;par10s38-in-f3.1e100.net.https;BP-Linux8;34862;.;1418
15:34:27.662737;par10s38-in-f3.1e100.net.https;BP-Linux8;34862;.;1418
15:34:27.662738;par10s38-in-f3.1e100.net.https;BP-Linux8;34862;.;1418
15:34:27.662740;par10s38-in-f3.1e100.net.https;BP-Linux8;34862;.;1418
15:34:27.662741;par10s38-in-f3.1e100.net.https;BP-Linux8;34862;.;1418
15:34:27.662743;par10s38-in-f3.1e100.net.https;BP-Linux8;34862;.;1418
15:34:27.662744;par10s38-in-f3.1e100.net.https;BP-Linux8;34862;.;1418
15:34:27.662745;par10s38-in-f3.1e100.net.https;BP-Linux8;34862;.;1418
15:34:27.662746;par10s38-in-f3.1e100.net.https;BP-Linux8;34862;.;1418
15:34:27.662839;par10s38-in-f3.1e100.net.https;BP-Linux8;34862;.;1418
15:34:27.662842;par10s38-in-f3.1e100.net.https;BP-Linux8;34862;.;1418
15:34:27.662843;par10s38-in-f3.1e100.net.https;BP-Linux8;34862;.;1418
15:34:27.662844;par10s38-in-f3.1e100.net.https;BP-Linux8;34862;.;1418
15:34:27.662846;par10s38-in-f3.1e100.net.https;BP-Linux8;34862;.;1418
15:34:27.662847;par10s38-in-f3.1e100.net.https;BP-Linux8;34862;.;1418
15:34:27.662848;par10s38-in-f3.1e100.net.https;BP-Linux8;34862;.;1418
15:34:27.662849;par10s38-in-f3.1e100.net.https;BP-Linux8;34862;.;1418
15:34:27.662851;par10s38-in-f3.1e100.net.https;BP-Linux8;34862;P.;1418
15:34:27.663381;par10s38-in-f3.1e100.net.https;BP-Linux8;34862;.;1418
15:34:27.663680;par10s38-in-f3.1e100.net.https;BP-Linux8;34862;.;1418
15:34:27.663682;par10s38-in-f3.1e100.net.https;BP-Linux8;34862;.;1418
15:34:27.663684;par10s38-in-f3.1e100.net.https;BP-Linux8;34862;.;1418
15:34:27.663685;par10s38-in-f3.1e100.net.https;BP-Linux8;34862;.;1418
15:34:27.663687;par10s38-in-f3.1e100.net.https;BP-Linux8;34862;.;1418
15:34:27.663688;par10s38-in-f3.1e100.net.https;BP-Linux8;34862;.;1418
15:34:27.663690;par10s38-in-f3.1e100.net.https;BP-Linux8;34862;.;1418
15:34:27.663692;par10s38-in-f3.1e100.net.https;BP-Linux8;34862;.;1418
15:34:27.663694;par10s38-in-f3.1e100.net.https;BP-Linux8;34862;.;1418
15:34:27.663697;par10s38-in-f3.1e100.net.https;BP-Linux8;34862;.;1418
15:34:27.663699;par10s38-in-f3.1e100.net.https;BP-Linux8;34862;.;1418
15:34:27.663700;par10s38-in-f3.1e100.net.https;BP-Linux8;34862;.;1418
15:34:27.663701;par10s38-in-f3.1e100.net.https;BP-Linux8;34862;.;1418
15:34:27.663703;par10s38-in-f3.1e100.net.https;BP-Linux8;34862;.;1418
15:34:27.663704;par10s38-in-f3.1e100.net.https;BP-Linux8;34862;.;1418
15:34:27.663705;par10s38-in-f3.1e100.net.https;BP-Linux8;34862;.;1418
15:34:27.663707;par10s38-in-f3.1e100.net.https;BP-Linux8;34862;.;1418
15:34:27.663708;par10s38-in-f3.1e100.net.https;BP-Linux8;34862;P.;121
15:34:27.664799;BP-Linux8;par10s38-in-f3.1e100.net.https;34862;.;0
15:34:27.721428;BP-Linux8;par10s38-in-f3.1e100.net.https;34862;P.;46
15:34:27.724945;BP-Linux8.ssh;192.168.190.130;50245;P.;100
15:34:27.726005;BP-Linux8;par10s38-in-f3.1e100.net.https;34862;P.;202
15:34:27.726187;BP-Linux8;par10s38-in-f3.1e100.net.https;34862;P.;38
15:34:27.737816;par10s38-in-f3.1e100.net.https;BP-Linux8;34862;.;0
15:34:27.743006;par10s38-in-f3.1e100.net.https;BP-Linux8;34862;.;0
15:34:27.745272;192.168.190.130;BP-Linux8.ssh;50245;.;0
15:34:27.756545;par10s38-in-f3.1e100.net.https;BP-Linux8;34862;P.;158
15:34:27.756551;par10s38-in-f3.1e100.net.https;BP-Linux8;34862;P.;38
15:34:27.756553;par10s38-in-f3.1e100.net.https;BP-Linux8;34862;P.;46
15:34:27.757674;BP-Linux8;par10s38-in-f3.1e100.net.https;34862;.;0
15:34:27.757721;BP-Linux8;par10s38-in-f3.1e100.net.https;34862;P.;46
15:34:27.773995;par10s38-in-f3.1e100.net.https;BP-Linux8;34862;.;0
15:34:27.852736;BP-Linux8;par10s40-in-f3.1e100.net.https;59822;S;0
15:34:27.864946;par10s40-in-f3.1e100.net.https;BP-Linux8;59822;S.;0
15:34:27.864965;BP-Linux8;par10s40-in-f3.1e100.net.https;59822;.;0
15:34:27.865146;BP-Linux8;par10s40-in-f3.1e100.net.https;59822;P.;194
15:34:27.877266;par10s40-in-f3.1e100.net.https;BP-Linux8;59822;.;0
15:34:27.881664;par10s40-in-f3.1e100.net.https;BP-Linux8;59822;.;1418
15:34:27.881675;BP-Linux8;par10s40-in-f3.1e100.net.https;59822;.;0
15:34:27.881793;par10s40-in-f3.1e100.net.https;BP-Linux8;59822;P.;1418
15:34:27.881800;BP-Linux8;par10s40-in-f3.1e100.net.https;59822;.;0
15:34:27.881811;par10s40-in-f3.1e100.net.https;BP-Linux8;59822;.;1418
15:34:27.881815;BP-Linux8;par10s40-in-f3.1e100.net.https;59822;.;0
15:34:27.881817;par10s40-in-f3.1e100.net.https;BP-Linux8;59822;P.;1418
15:34:27.881820;BP-Linux8;par10s40-in-f3.1e100.net.https;59822;.;0
15:34:27.881826;par10s40-in-f3.1e100.net.https;BP-Linux8;59822;P.;881
15:34:27.881829;BP-Linux8;par10s40-in-f3.1e100.net.https;59822;.;0
15:34:27.900496;BP-Linux8;par10s40-in-f3.1e100.net.https;59822;P.;93
15:34:27.905048;BP-Linux8;par10s40-in-f3.1e100.net.https;59822;P.;163
15:34:27.905127;BP-Linux8;par10s40-in-f3.1e100.net.https;59822;P.;551
15:34:27.912883;par10s40-in-f3.1e100.net.https;BP-Linux8;59822;P.;292
15:34:27.912989;par10s40-in-f3.1e100.net.https;BP-Linux8;59822;P.;69
15:34:27.917106;par10s40-in-f3.1e100.net.https;BP-Linux8;59822;P.;38
15:34:27.917753;BP-Linux8;par10s40-in-f3.1e100.net.https;59822;P.;38
15:34:27.921916;par10s40-in-f3.1e100.net.https;BP-Linux8;59822;.;0
15:34:27.929789;par10s40-in-f3.1e100.net.https;BP-Linux8;59822;.;0
15:34:27.944609;par10s40-in-f3.1e100.net.https;BP-Linux8;59822;P.;977
15:34:27.944727;par10s40-in-f3.1e100.net.https;BP-Linux8;59822;P.;462
15:34:27.944735;BP-Linux8;par10s40-in-f3.1e100.net.https;59822;.;0
15:34:27.944744;par10s40-in-f3.1e100.net.https;BP-Linux8;59822;P.;46
15:34:27.945062;BP-Linux8;par10s40-in-f3.1e100.net.https;59822;P.;46
15:34:27.947536;BP-Linux8;par21s18-in-f3.1e100.net.https;39653;P.;436
15:34:27.959346;par21s18-in-f3.1e100.net.https;BP-Linux8;39653;.;0
15:34:27.961791;par10s40-in-f3.1e100.net.https;BP-Linux8;59822;.;0
15:34:27.964557;par21s18-in-f3.1e100.net.https;BP-Linux8;39653;P.;322
15:34:27.964677;par21s18-in-f3.1e100.net.https;BP-Linux8;39653;P.;38
15:34:27.964681;par21s18-in-f3.1e100.net.https;BP-Linux8;39653;P.;46
15:34:27.964812;BP-Linux8;par21s18-in-f3.1e100.net.https;39653;.;0
15:34:27.964863;BP-Linux8;par21s18-in-f3.1e100.net.https;39653;P.;46
15:34:27.981698;par21s18-in-f3.1e100.net.https;BP-Linux8;39653;.;0
15:34:28.335536;BP-Linux8;par10s38-in-f3.1e100.net.https;34862;P.;515
15:34:28.335670;BP-Linux8;par10s38-in-f3.1e100.net.https;34862;P.;38
15:34:28.347411;par10s38-in-f3.1e100.net.https;BP-Linux8;34862;.;0
15:34:28.347518;par10s38-in-f3.1e100.net.https;BP-Linux8;34862;.;0
15:34:28.357227;par10s38-in-f3.1e100.net.https;BP-Linux8;34862;P.;158
15:34:28.357340;par10s38-in-f3.1e100.net.https;BP-Linux8;34862;P.;38
15:34:28.357346;par10s38-in-f3.1e100.net.https;BP-Linux8;34862;P.;46
15:34:28.357468;BP-Linux8;par10s38-in-f3.1e100.net.https;34862;.;0
15:34:28.357525;BP-Linux8;par10s38-in-f3.1e100.net.https;34862;P.;46
15:34:28.373985;par10s38-in-f3.1e100.net.https;BP-Linux8;34862;.;0
15:34:28.573128;BP-Linux8;par10s38-in-f3.1e100.net.https;34862;P.;456
15:34:28.579240;BP-Linux8;par10s38-in-f3.1e100.net.https;34862;P.;231
15:34:28.584974;par10s38-in-f3.1e100.net.https;BP-Linux8;34862;.;0
15:34:28.591065;par10s38-in-f3.1e100.net.https;BP-Linux8;34862;.;0
15:34:28.592986;BP-Linux8;par10s38-in-f3.1e100.net.https;34862;P.;1227
15:34:28.604839;par10s38-in-f3.1e100.net.https;BP-Linux8;34862;.;0
15:34:28.605302;BP-Linux8;par10s38-in-f3.1e100.net.https;34862;P.;122
15:34:28.606523;par10s38-in-f3.1e100.net.https;BP-Linux8;34862;P.;118
15:34:28.606703;par10s38-in-f3.1e100.net.https;BP-Linux8;34862;P.;1418
15:34:28.606709;par10s38-in-f3.1e100.net.https;BP-Linux8;34862;.;1418
15:34:28.606711;par10s38-in-f3.1e100.net.https;BP-Linux8;34862;P.;1418
15:34:28.606713;par10s38-in-f3.1e100.net.https;BP-Linux8;34862;.;1418
15:34:28.606735;BP-Linux8;par10s38-in-f3.1e100.net.https;34862;.;0
15:34:28.606823;par10s38-in-f3.1e100.net.https;BP-Linux8;34862;.;1418
15:34:28.606826;par10s38-in-f3.1e100.net.https;BP-Linux8;34862;.;1418
15:34:28.606828;par10s38-in-f3.1e100.net.https;BP-Linux8;34862;.;1418
15:34:28.606830;par10s38-in-f3.1e100.net.https;BP-Linux8;34862;P.;1418
15:34:28.606873;BP-Linux8;par10s38-in-f3.1e100.net.https;34862;.;0
15:34:28.606989;par10s38-in-f3.1e100.net.https;BP-Linux8;34862;.;1418
15:34:28.606992;par10s38-in-f3.1e100.net.https;BP-Linux8;34862;.;1418
15:34:28.606994;par10s38-in-f3.1e100.net.https;BP-Linux8;34862;.;1418
15:34:28.606996;par10s38-in-f3.1e100.net.https;BP-Linux8;34862;.;1418
15:34:28.606998;par10s38-in-f3.1e100.net.https;BP-Linux8;34862;.;1418
15:34:28.606999;par10s38-in-f3.1e100.net.https;BP-Linux8;34862;.;1418
15:34:28.607001;par10s38-in-f3.1e100.net.https;BP-Linux8;34862;.;1418
15:34:28.607032;par10s38-in-f3.1e100.net.https;BP-Linux8;34862;.;1418
15:34:28.607033;par10s38-in-f3.1e100.net.https;BP-Linux8;34862;.;1418
15:34:28.607035;par10s38-in-f3.1e100.net.https;BP-Linux8;34862;.;1418
15:34:28.607037;par10s38-in-f3.1e100.net.https;BP-Linux8;34862;P.;1418
15:34:28.607096;BP-Linux8;par10s38-in-f3.1e100.net.https;34862;.;0
15:34:28.607198;par10s38-in-f3.1e100.net.https;BP-Linux8;34862;.;1418
15:34:28.607372;par10s38-in-f3.1e100.net.https;BP-Linux8;34862;.;1418
15:34:28.607375;par10s38-in-f3.1e100.net.https;BP-Linux8;34862;.;1418
15:34:28.607377;par10s38-in-f3.1e100.net.https;BP-Linux8;34862;.;1418
15:34:28.607378;par10s38-in-f3.1e100.net.https;BP-Linux8;34862;P.;868
15:34:28.607462;BP-Linux8;par10s38-in-f3.1e100.net.https;34862;.;0
15:34:28.607512;par10s38-in-f3.1e100.net.https;BP-Linux8;34862;.;1418
15:34:28.607515;par10s38-in-f3.1e100.net.https;BP-Linux8;34862;.;1418
15:34:28.607517;par10s38-in-f3.1e100.net.https;BP-Linux8;34862;.;1418
15:34:28.607519;par10s38-in-f3.1e100.net.https;BP-Linux8;34862;.;1418
15:34:28.607520;par10s38-in-f3.1e100.net.https;BP-Linux8;34862;P.;670
15:34:28.607566;par10s38-in-f3.1e100.net.https;BP-Linux8;34862;P.;46
15:34:28.607588;BP-Linux8;par10s38-in-f3.1e100.net.https;34862;.;0
15:34:28.610636;BP-Linux8;par10s38-in-f3.1e100.net.https;34862;P.;46
15:34:28.621985;par10s38-in-f3.1e100.net.https;BP-Linux8;34862;.;0
15:34:28.622483;par10s38-in-f3.1e100.net.https;BP-Linux8;34862;.;0
15:34:28.630102;par10s38-in-f3.1e100.net.https;BP-Linux8;34862;P.;160
15:34:28.630226;par10s38-in-f3.1e100.net.https;BP-Linux8;34862;P.;38
15:34:28.630230;par10s38-in-f3.1e100.net.https;BP-Linux8;34862;P.;46
15:34:28.630312;BP-Linux8;par10s38-in-f3.1e100.net.https;34862;.;0
15:34:28.630363;BP-Linux8;par10s38-in-f3.1e100.net.https;34862;P.;46
15:34:28.643411;par10s38-in-f3.1e100.net.https;BP-Linux8;34862;P.;114
15:34:28.643540;par10s38-in-f3.1e100.net.https;BP-Linux8;34862;P.;1312
15:34:28.643556;BP-Linux8;par10s38-in-f3.1e100.net.https;34862;.;0
15:34:28.647905;par10s38-in-f3.1e100.net.https;BP-Linux8;34862;P.;39
15:34:28.648024;par10s38-in-f3.1e100.net.https;BP-Linux8;34862;P.;38
15:34:28.648029;par10s38-in-f3.1e100.net.https;BP-Linux8;34862;P.;46
15:34:28.648082;BP-Linux8;par10s38-in-f3.1e100.net.https;34862;.;0
15:34:28.648132;BP-Linux8;par10s38-in-f3.1e100.net.https;34862;P.;46
15:34:28.664991;par10s38-in-f3.1e100.net.https;BP-Linux8;34862;.;0
15:34:28.724935;BP-Linux8.ssh;192.168.190.130;50245;P.;100
15:34:28.745281;192.168.190.130;BP-Linux8.ssh;50245;.;0
15:34:28.757307;par10s38-in-f3.1e100.net.https;BP-Linux8;34862;P.;82
15:34:28.757520;par10s38-in-f3.1e100.net.https;BP-Linux8;34862;P.;1418
15:34:28.757527;par10s38-in-f3.1e100.net.https;BP-Linux8;34862;P.;808
15:34:28.761632;par10s38-in-f3.1e100.net.https;BP-Linux8;34862;P.;39
15:34:28.761757;par10s38-in-f3.1e100.net.https;BP-Linux8;34862;P.;38
15:34:28.761765;par10s38-in-f3.1e100.net.https;BP-Linux8;34862;P.;46
15:34:28.761830;BP-Linux8;par10s38-in-f3.1e100.net.https;34862;.;0
15:34:28.764653;BP-Linux8;par10s38-in-f3.1e100.net.https;34862;P.;46
15:34:28.776456;par10s38-in-f3.1e100.net.https;BP-Linux8;34862;.;0
15:34:28.851420;BP-Linux8;par10s38-in-f3.1e100.net.https;34862;P.;203
15:34:28.863286;par10s38-in-f3.1e100.net.https;BP-Linux8;34862;.;0
15:34:28.883034;par10s38-in-f3.1e100.net.https;BP-Linux8;34862;P.;128
15:34:28.883048;par10s38-in-f3.1e100.net.https;BP-Linux8;34862;P.;286
15:34:28.883130;par10s38-in-f3.1e100.net.https;BP-Linux8;34862;P.;38
15:34:28.883134;par10s38-in-f3.1e100.net.https;BP-Linux8;34862;P.;46
15:34:28.883343;BP-Linux8;par10s38-in-f3.1e100.net.https;34862;.;0
15:34:28.883400;BP-Linux8;par10s38-in-f3.1e100.net.https;34862;P.;46
15:34:28.899974;par10s38-in-f3.1e100.net.https;BP-Linux8;34862;.;0
15:34:29.121366;BP-Linux8;mauves.univ-st-etienne.fr.https;40678;S;0
15:34:29.125576;mauves.univ-st-etienne.fr.https;BP-Linux8;40678;S.;0
15:34:29.125592;BP-Linux8;mauves.univ-st-etienne.fr.https;40678;.;0
15:34:29.125776;BP-Linux8;mauves.univ-st-etienne.fr.https;40678;P.;210
15:34:29.129495;mauves.univ-st-etienne.fr.https;BP-Linux8;40678;.;0
15:34:29.132387;mauves.univ-st-etienne.fr.https;BP-Linux8;40678;.;1448
15:34:29.132395;BP-Linux8;mauves.univ-st-etienne.fr.https;40678;.;0
15:34:29.132507;mauves.univ-st-etienne.fr.https;BP-Linux8;40678;.;1448
15:34:29.132514;BP-Linux8;mauves.univ-st-etienne.fr.https;40678;.;0
15:34:29.132533;mauves.univ-st-etienne.fr.https;BP-Linux8;40678;P.;1209
15:34:29.132539;BP-Linux8;mauves.univ-st-etienne.fr.https;40678;.;0
15:34:29.154300;BP-Linux8;mauves.univ-st-etienne.fr.https;40678;P.;126
15:34:29.154508;BP-Linux8;mauves.univ-st-etienne.fr.https;40678;P.;406
15:34:29.158401;mauves.univ-st-etienne.fr.https;BP-Linux8;40678;P.;51
15:34:29.165924;mauves.univ-st-etienne.fr.https;BP-Linux8;40678;.;1448
15:34:29.165933;BP-Linux8;mauves.univ-st-etienne.fr.https;40678;.;0
15:34:29.166129;mauves.univ-st-etienne.fr.https;BP-Linux8;40678;.;1448
15:34:29.166136;mauves.univ-st-etienne.fr.https;BP-Linux8;40678;.;1448
15:34:29.166140;BP-Linux8;mauves.univ-st-etienne.fr.https;40678;.;0
15:34:29.166148;mauves.univ-st-etienne.fr.https;BP-Linux8;40678;.;1448
15:34:29.166152;mauves.univ-st-etienne.fr.https;BP-Linux8;40678;.;1448
15:34:29.166154;BP-Linux8;mauves.univ-st-etienne.fr.https;40678;.;0
15:34:29.166160;mauves.univ-st-etienne.fr.https;BP-Linux8;40678;.;1448
15:34:29.166163;mauves.univ-st-etienne.fr.https;BP-Linux8;40678;.;1448
15:34:29.166165;BP-Linux8;mauves.univ-st-etienne.fr.https;40678;.;0
15:34:29.166170;mauves.univ-st-etienne.fr.https;BP-Linux8;40678;P.;599
15:34:29.204731;BP-Linux8;mauves.univ-st-etienne.fr.https;40678;.;0
15:34:29.220759;BP-Linux8;par10s38-in-f3.1e100.net.https;34862;P.;1226
15:34:29.220890;BP-Linux8;par10s38-in-f3.1e100.net.https;34862;P.;38
15:34:29.232639;par10s38-in-f3.1e100.net.https;BP-Linux8;34862;.;0
15:34:29.232738;par10s38-in-f3.1e100.net.https;BP-Linux8;34862;.;0
15:34:29.241612;par10s38-in-f3.1e100.net.https;BP-Linux8;34862;P.;158
15:34:29.241725;par10s38-in-f3.1e100.net.https;BP-Linux8;34862;P.;38
15:34:29.241844;par10s38-in-f3.1e100.net.https;BP-Linux8;34862;P.;46
15:34:29.243809;BP-Linux8;par10s38-in-f3.1e100.net.https;34862;.;0
15:34:29.243867;BP-Linux8;par10s38-in-f3.1e100.net.https;34862;P.;46
15:34:29.259975;par10s38-in-f3.1e100.net.https;BP-Linux8;34862;.;0
15:34:29.309242;BP-Linux8;mauves.univ-st-etienne.fr.https;40678;P.;399
15:34:29.315232;BP-Linux8;mauves.univ-st-etienne.fr.https;40679;S;0
15:34:29.316836;mauves.univ-st-etienne.fr.https;BP-Linux8;40678;.;1448
15:34:29.316850;BP-Linux8;mauves.univ-st-etienne.fr.https;40678;.;0
15:34:29.316896;BP-Linux8;mauves.univ-st-etienne.fr.https;40680;S;0
15:34:29.317020;mauves.univ-st-etienne.fr.https;BP-Linux8;40678;.;1448
15:34:29.317026;BP-Linux8;mauves.univ-st-etienne.fr.https;40678;.;0
15:34:29.317034;mauves.univ-st-etienne.fr.https;BP-Linux8;40678;.;1448
15:34:29.317039;BP-Linux8;mauves.univ-st-etienne.fr.https;40678;.;0
15:34:29.317045;mauves.univ-st-etienne.fr.https;BP-Linux8;40678;.;1448
15:34:29.317049;BP-Linux8;mauves.univ-st-etienne.fr.https;40678;.;0
15:34:29.317053;mauves.univ-st-etienne.fr.https;BP-Linux8;40678;.;1448
15:34:29.317056;BP-Linux8;mauves.univ-st-etienne.fr.https;40678;.;0
15:34:29.317061;mauves.univ-st-etienne.fr.https;BP-Linux8;40678;.;1448
15:34:29.317064;BP-Linux8;mauves.univ-st-etienne.fr.https;40678;.;0
15:34:29.317069;mauves.univ-st-etienne.fr.https;BP-Linux8;40678;P.;96
15:34:29.317071;BP-Linux8;mauves.univ-st-etienne.fr.https;40678;.;0
15:34:29.317707;BP-Linux8;mauves.univ-st-etienne.fr.https;40678;P.;399
15:34:29.318932;BP-Linux8;par21s11-in-f10.1e100.net.https;34595;S;0
15:34:29.319398;mauves.univ-st-etienne.fr.https;BP-Linux8;40679;S.;0
15:34:29.319409;BP-Linux8;mauves.univ-st-etienne.fr.https;40679;.;0
15:34:29.319773;BP-Linux8;mauves.univ-st-etienne.fr.https;40679;P.;242
15:34:29.319894;BP-Linux8;mauves.univ-st-etienne.fr.https;40682;S;0
15:34:29.320798;mauves.univ-st-etienne.fr.https;BP-Linux8;40680;S.;0
15:34:29.320809;BP-Linux8;mauves.univ-st-etienne.fr.https;40680;.;0
15:34:29.320951;BP-Linux8;mauves.univ-st-etienne.fr.https;40680;P.;242
15:34:29.321972;BP-Linux8;mauves.univ-st-etienne.fr.https;40683;S;0
15:34:29.323523;mauves.univ-st-etienne.fr.https;BP-Linux8;40679;.;0
15:34:29.324026;mauves.univ-st-etienne.fr.https;BP-Linux8;40682;S.;0
15:34:29.324036;BP-Linux8;mauves.univ-st-etienne.fr.https;40682;.;0
15:34:29.324169;BP-Linux8;mauves.univ-st-etienne.fr.https;40682;P.;242
15:34:29.324646;mauves.univ-st-etienne.fr.https;BP-Linux8;40680;.;0
15:34:29.324787;BP-Linux8;mauves.univ-st-etienne.fr.https;40684;S;0
15:34:29.325797;mauves.univ-st-etienne.fr.https;BP-Linux8;40683;S.;0
15:34:29.325807;BP-Linux8;mauves.univ-st-etienne.fr.https;40683;.;0
15:34:29.325950;BP-Linux8;mauves.univ-st-etienne.fr.https;40683;P.;242
15:34:29.327885;mauves.univ-st-etienne.fr.https;BP-Linux8;40682;.;0
15:34:29.328044;mauves.univ-st-etienne.fr.https;BP-Linux8;40679;.;1448
15:34:29.328052;BP-Linux8;mauves.univ-st-etienne.fr.https;40679;.;0
15:34:29.328160;mauves.univ-st-etienne.fr.https;BP-Linux8;40679;.;1448
15:34:29.328166;BP-Linux8;mauves.univ-st-etienne.fr.https;40679;.;0
15:34:29.328174;mauves.univ-st-etienne.fr.https;BP-Linux8;40679;P.;1209
15:34:29.328178;BP-Linux8;mauves.univ-st-etienne.fr.https;40679;.;0
15:34:29.329645;mauves.univ-st-etienne.fr.https;BP-Linux8;40680;.;1448
15:34:29.329652;BP-Linux8;mauves.univ-st-etienne.fr.https;40680;.;0
15:34:29.329660;mauves.univ-st-etienne.fr.https;BP-Linux8;40680;.;1448
15:34:29.329663;BP-Linux8;mauves.univ-st-etienne.fr.https;40680;.;0
15:34:29.329667;mauves.univ-st-etienne.fr.https;BP-Linux8;40683;.;0
15:34:29.329747;mauves.univ-st-etienne.fr.https;BP-Linux8;40680;P.;1209
15:34:29.329753;BP-Linux8;mauves.univ-st-etienne.fr.https;40680;.;0
15:34:29.330935;mauves.univ-st-etienne.fr.https;BP-Linux8;40682;.;1448
15:34:29.330943;BP-Linux8;mauves.univ-st-etienne.fr.https;40682;.;0
15:34:29.330951;par21s11-in-f10.1e100.net.https;BP-Linux8;34595;S.;0
15:34:29.330959;BP-Linux8;par21s11-in-f10.1e100.net.https;34595;.;0
15:34:29.331060;mauves.univ-st-etienne.fr.https;BP-Linux8;40682;.;1448
15:34:29.331066;BP-Linux8;mauves.univ-st-etienne.fr.https;40682;.;0
15:34:29.331073;mauves.univ-st-etienne.fr.https;BP-Linux8;40682;P.;1209
15:34:29.331077;BP-Linux8;mauves.univ-st-etienne.fr.https;40682;.;0
15:34:29.332224;mauves.univ-st-etienne.fr.https;BP-Linux8;40683;.;1448
15:34:29.332231;BP-Linux8;mauves.univ-st-etienne.fr.https;40683;.;0
15:34:29.332332;mauves.univ-st-etienne.fr.https;BP-Linux8;40683;.;1448
15:34:29.332336;BP-Linux8;mauves.univ-st-etienne.fr.https;40683;.;0
15:34:29.332355;mauves.univ-st-etienne.fr.https;BP-Linux8;40683;P.;1209
15:34:29.332358;BP-Linux8;mauves.univ-st-etienne.fr.https;40683;.;0
15:34:29.333157;BP-Linux8;mauves.univ-st-etienne.fr.https;40679;P.;126
15:34:29.333524;mauves.univ-st-etienne.fr.https;BP-Linux8;40684;S.;0
15:34:29.333533;BP-Linux8;mauves.univ-st-etienne.fr.https;40684;.;0
15:34:29.335999;mauves.univ-st-etienne.fr.https;BP-Linux8;40678;.;1448
15:34:29.336303;mauves.univ-st-etienne.fr.https;BP-Linux8;40678;.;1448
15:34:29.336312;BP-Linux8;mauves.univ-st-etienne.fr.https;40678;.;0
15:34:29.336320;mauves.univ-st-etienne.fr.https;BP-Linux8;40678;.;1448
15:34:29.336323;mauves.univ-st-etienne.fr.https;BP-Linux8;40678;.;1448
15:34:29.336325;BP-Linux8;mauves.univ-st-etienne.fr.https;40678;.;0
15:34:29.336331;mauves.univ-st-etienne.fr.https;BP-Linux8;40678;.;1448
15:34:29.336333;mauves.univ-st-etienne.fr.https;BP-Linux8;40678;.;1448
15:34:29.336335;BP-Linux8;mauves.univ-st-etienne.fr.https;40678;.;0
15:34:29.336340;mauves.univ-st-etienne.fr.https;BP-Linux8;40678;.;1448
15:34:29.336343;mauves.univ-st-etienne.fr.https;BP-Linux8;40678;.;1448
15:34:29.336345;BP-Linux8;mauves.univ-st-etienne.fr.https;40678;.;0
15:34:29.336351;mauves.univ-st-etienne.fr.https;BP-Linux8;40678;.;1448
15:34:29.336353;mauves.univ-st-etienne.fr.https;BP-Linux8;40678;.;1448
15:34:29.336355;BP-Linux8;mauves.univ-st-etienne.fr.https;40678;.;0
15:34:29.336360;mauves.univ-st-etienne.fr.https;BP-Linux8;40678;.;1448
15:34:29.336362;mauves.univ-st-etienne.fr.https;BP-Linux8;40678;.;1448
15:34:29.336364;BP-Linux8;mauves.univ-st-etienne.fr.https;40678;.;0
15:34:29.336368;mauves.univ-st-etienne.fr.https;BP-Linux8;40678;.;1448
15:34:29.336371;mauves.univ-st-etienne.fr.https;BP-Linux8;40678;.;1448
15:34:29.336373;BP-Linux8;mauves.univ-st-etienne.fr.https;40678;.;0
15:34:29.336377;mauves.univ-st-etienne.fr.https;BP-Linux8;40678;.;1448
15:34:29.336379;mauves.univ-st-etienne.fr.https;BP-Linux8;40678;.;1448
15:34:29.336381;BP-Linux8;mauves.univ-st-etienne.fr.https;40678;.;0
15:34:29.336386;mauves.univ-st-etienne.fr.https;BP-Linux8;40678;.;1448
15:34:29.336388;mauves.univ-st-etienne.fr.https;BP-Linux8;40678;P.;314
15:34:29.336390;BP-Linux8;mauves.univ-st-etienne.fr.https;40678;.;0
15:34:29.337191;mauves.univ-st-etienne.fr.https;BP-Linux8;40679;P.;51
15:34:29.339443;BP-Linux8;mauves.univ-st-etienne.fr.https;40679;P.;382
15:34:29.357737;BP-Linux8;mauves.univ-st-etienne.fr.https;40680;P.;126
15:34:29.359865;mauves.univ-st-etienne.fr.https;BP-Linux8;40679;.;1448
15:34:29.360099;mauves.univ-st-etienne.fr.https;BP-Linux8;40679;.;1448
15:34:29.360107;BP-Linux8;mauves.univ-st-etienne.fr.https;40679;.;0
15:34:29.360115;mauves.univ-st-etienne.fr.https;BP-Linux8;40679;.;1448
15:34:29.360119;mauves.univ-st-etienne.fr.https;BP-Linux8;40679;.;1448
15:34:29.360122;BP-Linux8;mauves.univ-st-etienne.fr.https;40679;.;0
15:34:29.360128;mauves.univ-st-etienne.fr.https;BP-Linux8;40679;.;1448
15:34:29.360130;mauves.univ-st-etienne.fr.https;BP-Linux8;40679;.;1448
15:34:29.360133;BP-Linux8;mauves.univ-st-etienne.fr.https;40679;.;0
15:34:29.360137;mauves.univ-st-etienne.fr.https;BP-Linux8;40679;.;1448
15:34:29.360141;mauves.univ-st-etienne.fr.https;BP-Linux8;40679;.;1448
15:34:29.360143;BP-Linux8;mauves.univ-st-etienne.fr.https;40679;.;0
15:34:29.360147;mauves.univ-st-etienne.fr.https;BP-Linux8;40679;.;1448
15:34:29.360150;mauves.univ-st-etienne.fr.https;BP-Linux8;40679;.;1448
15:34:29.360152;BP-Linux8;mauves.univ-st-etienne.fr.https;40679;.;0
15:34:29.362127;mauves.univ-st-etienne.fr.https;BP-Linux8;40680;P.;51
15:34:29.363848;mauves.univ-st-etienne.fr.https;BP-Linux8;40679;.;1448
15:34:29.363856;mauves.univ-st-etienne.fr.https;BP-Linux8;40679;.;1448
15:34:29.363860;BP-Linux8;mauves.univ-st-etienne.fr.https;40679;.;0
15:34:29.363970;mauves.univ-st-etienne.fr.https;BP-Linux8;40679;.;1448
15:34:29.363976;mauves.univ-st-etienne.fr.https;BP-Linux8;40679;.;1448
15:34:29.363980;BP-Linux8;mauves.univ-st-etienne.fr.https;40679;.;0
15:34:29.364091;mauves.univ-st-etienne.fr.https;BP-Linux8;40679;.;1448
15:34:29.364095;mauves.univ-st-etienne.fr.https;BP-Linux8;40679;.;1448
15:34:29.364098;BP-Linux8;mauves.univ-st-etienne.fr.https;40679;.;0
15:34:29.364162;mauves.univ-st-etienne.fr.https;BP-Linux8;40679;.;1448
15:34:29.364166;mauves.univ-st-etienne.fr.https;BP-Linux8;40679;.;1448
15:34:29.364169;BP-Linux8;mauves.univ-st-etienne.fr.https;40679;.;0
15:34:29.364176;mauves.univ-st-etienne.fr.https;BP-Linux8;40679;.;1448
15:34:29.364179;mauves.univ-st-etienne.fr.https;BP-Linux8;40679;.;1448
15:34:29.364182;BP-Linux8;mauves.univ-st-etienne.fr.https;40679;.;0
15:34:29.364187;mauves.univ-st-etienne.fr.https;BP-Linux8;40679;.;1448
15:34:29.364205;mauves.univ-st-etienne.fr.https;BP-Linux8;40679;.;1448
15:34:29.364209;BP-Linux8;mauves.univ-st-etienne.fr.https;40679;.;0
15:34:29.364215;mauves.univ-st-etienne.fr.https;BP-Linux8;40679;P.;970
15:34:29.367773;mauves.univ-st-etienne.fr.https;BP-Linux8;40679;.;1448
15:34:29.367782;BP-Linux8;mauves.univ-st-etienne.fr.https;40679;.;0
15:34:29.367894;mauves.univ-st-etienne.fr.https;BP-Linux8;40679;.;1448
15:34:29.367899;mauves.univ-st-etienne.fr.https;BP-Linux8;40679;.;1448
15:34:29.367902;BP-Linux8;mauves.univ-st-etienne.fr.https;40679;.;0
15:34:29.368018;mauves.univ-st-etienne.fr.https;BP-Linux8;40679;.;1448
15:34:29.368023;mauves.univ-st-etienne.fr.https;BP-Linux8;40679;.;1448
15:34:29.368026;BP-Linux8;mauves.univ-st-etienne.fr.https;40679;.;0
15:34:29.368033;mauves.univ-st-etienne.fr.https;BP-Linux8;40679;.;1448
15:34:29.368037;mauves.univ-st-etienne.fr.https;BP-Linux8;40679;.;1448
15:34:29.368040;BP-Linux8;mauves.univ-st-etienne.fr.https;40679;.;0
15:34:29.368045;mauves.univ-st-etienne.fr.https;BP-Linux8;40679;.;1448
15:34:29.368047;mauves.univ-st-etienne.fr.https;BP-Linux8;40679;.;1448
15:34:29.368049;BP-Linux8;mauves.univ-st-etienne.fr.https;40679;.;0
15:34:29.368054;mauves.univ-st-etienne.fr.https;BP-Linux8;40679;.;1448
15:34:29.368056;mauves.univ-st-etienne.fr.https;BP-Linux8;40679;.;1448
15:34:29.368058;BP-Linux8;mauves.univ-st-etienne.fr.https;40679;.;0
15:34:29.369135;mauves.univ-st-etienne.fr.https;BP-Linux8;40679;.;1448
15:34:29.369142;mauves.univ-st-etienne.fr.https;BP-Linux8;40679;.;1448
15:34:29.369146;BP-Linux8;mauves.univ-st-etienne.fr.https;40679;.;0
15:34:29.369262;mauves.univ-st-etienne.fr.https;BP-Linux8;40679;.;1448
15:34:29.369267;mauves.univ-st-etienne.fr.https;BP-Linux8;40679;.;1448
15:34:29.369269;mauves.univ-st-etienne.fr.https;BP-Linux8;40679;.;1448
15:34:29.369343;mauves.univ-st-etienne.fr.https;BP-Linux8;40679;.;1448
15:34:29.369348;mauves.univ-st-etienne.fr.https;BP-Linux8;40679;.;1448
15:34:29.369350;mauves.univ-st-etienne.fr.https;BP-Linux8;40679;.;1448
15:34:29.369352;mauves.univ-st-etienne.fr.https;BP-Linux8;40679;.;1448
15:34:29.369353;mauves.univ-st-etienne.fr.https;BP-Linux8;40679;.;1448
15:34:29.369355;mauves.univ-st-etienne.fr.https;BP-Linux8;40679;.;1448
15:34:29.371231;BP-Linux8;mauves.univ-st-etienne.fr.https;40682;P.;126
15:34:29.371723;mauves.univ-st-etienne.fr.https;BP-Linux8;40679;.;1448
15:34:29.372030;mauves.univ-st-etienne.fr.https;BP-Linux8;40679;.;1448
15:34:29.372037;mauves.univ-st-etienne.fr.https;BP-Linux8;40679;.;1448
15:34:29.372039;mauves.univ-st-etienne.fr.https;BP-Linux8;40679;.;1448
15:34:29.372041;mauves.univ-st-etienne.fr.https;BP-Linux8;40679;.;1448
15:34:29.372043;mauves.univ-st-etienne.fr.https;BP-Linux8;40679;.;1448
15:34:29.372045;mauves.univ-st-etienne.fr.https;BP-Linux8;40679;.;1448
15:34:29.372048;mauves.univ-st-etienne.fr.https;BP-Linux8;40679;.;1448
15:34:29.372050;mauves.univ-st-etienne.fr.https;BP-Linux8;40679;.;1448
15:34:29.372052;mauves.univ-st-etienne.fr.https;BP-Linux8;40679;.;1448
15:34:29.372053;mauves.univ-st-etienne.fr.https;BP-Linux8;40679;.;1448
15:34:29.372055;mauves.univ-st-etienne.fr.https;BP-Linux8;40679;.;1448
15:34:29.372056;mauves.univ-st-etienne.fr.https;BP-Linux8;40679;.;1448
15:34:29.372058;mauves.univ-st-etienne.fr.https;BP-Linux8;40679;.;1448
15:34:29.372059;mauves.univ-st-etienne.fr.https;BP-Linux8;40679;.;1448
15:34:29.372061;mauves.univ-st-etienne.fr.https;BP-Linux8;40679;.;1448
15:34:29.372063;mauves.univ-st-etienne.fr.https;BP-Linux8;40679;.;1448
15:34:29.372064;mauves.univ-st-etienne.fr.https;BP-Linux8;40679;.;1448
15:34:29.372066;mauves.univ-st-etienne.fr.https;BP-Linux8;40679;.;1448
15:34:29.372149;mauves.univ-st-etienne.fr.https;BP-Linux8;40679;.;1448
15:34:29.372155;mauves.univ-st-etienne.fr.https;BP-Linux8;40679;.;1448
15:34:29.372157;mauves.univ-st-etienne.fr.https;BP-Linux8;40679;.;1448
15:34:29.372159;mauves.univ-st-etienne.fr.https;BP-Linux8;40679;.;1448
15:34:29.372161;mauves.univ-st-etienne.fr.https;BP-Linux8;40679;P.;1322
15:34:29.376019;mauves.univ-st-etienne.fr.https;BP-Linux8;40682;P.;51
15:34:29.376029;BP-Linux8;mauves.univ-st-etienne.fr.https;40682;.;0
15:34:29.384565;BP-Linux8;mauves.univ-st-etienne.fr.https;40683;P.;126
15:34:29.388686;mauves.univ-st-etienne.fr.https;BP-Linux8;40683;P.;51
15:34:29.388695;BP-Linux8;mauves.univ-st-etienne.fr.https;40683;.;0
15:34:29.390216;mauves.univ-st-etienne.fr.https;BP-Linux8;40679;P.;1322
15:34:29.390224;BP-Linux8;mauves.univ-st-etienne.fr.https;40679;.;0
15:34:29.398220;BP-Linux8;mauves.univ-st-etienne.fr.https;40678;P.;382
15:34:29.400729;BP-Linux8;mauves.univ-st-etienne.fr.https;40680;.;0
15:34:29.404692;mauves.univ-st-etienne.fr.https;BP-Linux8;40678;.;1448
15:34:29.404803;mauves.univ-st-etienne.fr.https;BP-Linux8;40678;P.;1151
15:34:29.404809;BP-Linux8;mauves.univ-st-etienne.fr.https;40678;.;0
15:34:29.420058;BP-Linux8;mauves.univ-st-etienne.fr.https;40680;P.;382
15:34:29.421334;BP-Linux8;par21s11-in-f10.1e100.net.https;34595;P.;201
15:34:29.422264;BP-Linux8;mauves.univ-st-etienne.fr.https;40682;P.;380
15:34:29.422492;BP-Linux8;mauves.univ-st-etienne.fr.https;40684;P.;242
15:34:29.422858;BP-Linux8;mauves.univ-st-etienne.fr.https;40679;P.;382
15:34:29.426251;mauves.univ-st-etienne.fr.https;BP-Linux8;40684;.;0
15:34:29.428346;mauves.univ-st-etienne.fr.https;BP-Linux8;40680;.;1448
15:34:29.428357;BP-Linux8;mauves.univ-st-etienne.fr.https;40680;.;0
15:34:29.428366;mauves.univ-st-etienne.fr.https;BP-Linux8;40680;.;1448
15:34:29.428370;BP-Linux8;mauves.univ-st-etienne.fr.https;40680;.;0
15:34:29.428409;mauves.univ-st-etienne.fr.https;BP-Linux8;40684;.;1448
15:34:29.428414;BP-Linux8;mauves.univ-st-etienne.fr.https;40684;.;0
15:34:29.428451;mauves.univ-st-etienne.fr.https;BP-Linux8;40680;.;1448
15:34:29.428455;BP-Linux8;mauves.univ-st-etienne.fr.https;40680;.;0
15:34:29.428461;mauves.univ-st-etienne.fr.https;BP-Linux8;40680;P.;16
15:34:29.428465;BP-Linux8;mauves.univ-st-etienne.fr.https;40680;.;0
15:34:29.428546;mauves.univ-st-etienne.fr.https;BP-Linux8;40684;.;1448
15:34:29.428552;BP-Linux8;mauves.univ-st-etienne.fr.https;40684;.;0
15:34:29.428559;mauves.univ-st-etienne.fr.https;BP-Linux8;40684;P.;1209
15:34:29.428562;BP-Linux8;mauves.univ-st-etienne.fr.https;40684;.;0
15:34:29.433313;par21s11-in-f10.1e100.net.https;BP-Linux8;34595;.;0
15:34:29.434152;mauves.univ-st-etienne.fr.https;BP-Linux8;40679;.;1448
15:34:29.434160;BP-Linux8;mauves.univ-st-etienne.fr.https;40679;.;0
15:34:29.434168;mauves.univ-st-etienne.fr.https;BP-Linux8;40679;.;1448
15:34:29.434173;BP-Linux8;mauves.univ-st-etienne.fr.https;40679;.;0
15:34:29.434272;mauves.univ-st-etienne.fr.https;BP-Linux8;40679;.;1448
15:34:29.434278;BP-Linux8;mauves.univ-st-etienne.fr.https;40679;.;0
15:34:29.434285;mauves.univ-st-etienne.fr.https;BP-Linux8;40679;.;1448
15:34:29.434288;BP-Linux8;mauves.univ-st-etienne.fr.https;40679;.;0
15:34:29.434318;mauves.univ-st-etienne.fr.https;BP-Linux8;40679;.;1448
15:34:29.434322;BP-Linux8;mauves.univ-st-etienne.fr.https;40679;.;0
15:34:29.434329;mauves.univ-st-etienne.fr.https;BP-Linux8;40679;.;1448
15:34:29.434332;BP-Linux8;mauves.univ-st-etienne.fr.https;40679;.;0
15:34:29.434338;mauves.univ-st-etienne.fr.https;BP-Linux8;40679;.;1448
15:34:29.434340;BP-Linux8;mauves.univ-st-etienne.fr.https;40679;.;0
15:34:29.434345;mauves.univ-st-etienne.fr.https;BP-Linux8;40679;P.;832
15:34:29.434348;BP-Linux8;mauves.univ-st-etienne.fr.https;40679;.;0
15:34:29.437261;BP-Linux8;mauves.univ-st-etienne.fr.https;40683;P.;383
15:34:29.437503;par21s11-in-f10.1e100.net.https;BP-Linux8;34595;.;1418
15:34:29.437510;BP-Linux8;par21s11-in-f10.1e100.net.https;34595;.;0
15:34:29.437517;par21s11-in-f10.1e100.net.https;BP-Linux8;34595;P.;1418
15:34:29.437521;BP-Linux8;par21s11-in-f10.1e100.net.https;34595;.;0
15:34:29.437619;par21s11-in-f10.1e100.net.https;BP-Linux8;34595;.;1418
15:34:29.437625;BP-Linux8;par21s11-in-f10.1e100.net.https;34595;.;0
15:34:29.437632;par21s11-in-f10.1e100.net.https;BP-Linux8;34595;P.;345
15:34:29.437635;BP-Linux8;par21s11-in-f10.1e100.net.https;34595;.;0
15:34:29.442927;mauves.univ-st-etienne.fr.https;BP-Linux8;40683;P.;1262
15:34:29.442936;BP-Linux8;mauves.univ-st-etienne.fr.https;40683;.;0
15:34:29.449128;mauves.univ-st-etienne.fr.https;BP-Linux8;40682;.;1448
15:34:29.449141;BP-Linux8;mauves.univ-st-etienne.fr.https;40682;.;0
15:34:29.449256;mauves.univ-st-etienne.fr.https;BP-Linux8;40682;.;1448
15:34:29.449262;BP-Linux8;mauves.univ-st-etienne.fr.https;40682;.;0
15:34:29.449269;mauves.univ-st-etienne.fr.https;BP-Linux8;40682;.;1448
15:34:29.449273;BP-Linux8;mauves.univ-st-etienne.fr.https;40682;.;0
15:34:29.449278;mauves.univ-st-etienne.fr.https;BP-Linux8;40682;.;1448
15:34:29.449281;BP-Linux8;mauves.univ-st-etienne.fr.https;40682;.;0
15:34:29.449348;mauves.univ-st-etienne.fr.https;BP-Linux8;40682;.;1448
15:34:29.449353;BP-Linux8;mauves.univ-st-etienne.fr.https;40682;.;0
15:34:29.449359;mauves.univ-st-etienne.fr.https;BP-Linux8;40682;.;1448
15:34:29.449362;BP-Linux8;mauves.univ-st-etienne.fr.https;40682;.;0
15:34:29.449367;mauves.univ-st-etienne.fr.https;BP-Linux8;40682;.;1448
15:34:29.449369;BP-Linux8;mauves.univ-st-etienne.fr.https;40682;.;0
15:34:29.449374;mauves.univ-st-etienne.fr.https;BP-Linux8;40682;.;1448
15:34:29.449377;BP-Linux8;mauves.univ-st-etienne.fr.https;40682;.;0
15:34:29.449381;mauves.univ-st-etienne.fr.https;BP-Linux8;40682;.;1448
15:34:29.449384;BP-Linux8;mauves.univ-st-etienne.fr.https;40682;.;0
15:34:29.449389;mauves.univ-st-etienne.fr.https;BP-Linux8;40682;.;1448
15:34:29.449391;BP-Linux8;mauves.univ-st-etienne.fr.https;40682;.;0
15:34:29.452925;mauves.univ-st-etienne.fr.https;BP-Linux8;40682;.;1448
15:34:29.452933;BP-Linux8;mauves.univ-st-etienne.fr.https;40682;.;0
15:34:29.453040;mauves.univ-st-etienne.fr.https;BP-Linux8;40682;.;1448
15:34:29.453045;BP-Linux8;mauves.univ-st-etienne.fr.https;40682;.;0
15:34:29.453148;mauves.univ-st-etienne.fr.https;BP-Linux8;40682;.;1448
15:34:29.453152;BP-Linux8;mauves.univ-st-etienne.fr.https;40682;.;0
15:34:29.453189;mauves.univ-st-etienne.fr.https;BP-Linux8;40682;.;1448
15:34:29.453193;BP-Linux8;mauves.univ-st-etienne.fr.https;40682;.;0
15:34:29.453200;mauves.univ-st-etienne.fr.https;BP-Linux8;40682;.;1448
15:34:29.453203;BP-Linux8;mauves.univ-st-etienne.fr.https;40682;.;0
15:34:29.453307;mauves.univ-st-etienne.fr.https;BP-Linux8;40682;.;1448
15:34:29.453312;BP-Linux8;mauves.univ-st-etienne.fr.https;40682;.;0
15:34:29.453319;mauves.univ-st-etienne.fr.https;BP-Linux8;40682;.;1448
15:34:29.453322;BP-Linux8;mauves.univ-st-etienne.fr.https;40682;.;0
15:34:29.453328;mauves.univ-st-etienne.fr.https;BP-Linux8;40682;.;1448
15:34:29.453330;BP-Linux8;mauves.univ-st-etienne.fr.https;40682;.;0
15:34:29.453453;mauves.univ-st-etienne.fr.https;BP-Linux8;40682;.;1448
15:34:29.453461;BP-Linux8;mauves.univ-st-etienne.fr.https;40682;.;0
15:34:29.453468;mauves.univ-st-etienne.fr.https;BP-Linux8;40682;.;1448
15:34:29.453471;BP-Linux8;mauves.univ-st-etienne.fr.https;40682;.;0
15:34:29.453476;mauves.univ-st-etienne.fr.https;BP-Linux8;40682;.;1448
15:34:29.453479;BP-Linux8;mauves.univ-st-etienne.fr.https;40682;.;0
15:34:29.453483;mauves.univ-st-etienne.fr.https;BP-Linux8;40682;.;1448
15:34:29.453485;BP-Linux8;mauves.univ-st-etienne.fr.https;40682;.;0
15:34:29.453490;mauves.univ-st-etienne.fr.https;BP-Linux8;40682;.;1448
15:34:29.453493;BP-Linux8;mauves.univ-st-etienne.fr.https;40682;.;0
15:34:29.453497;mauves.univ-st-etienne.fr.https;BP-Linux8;40682;.;1448
15:34:29.453500;BP-Linux8;mauves.univ-st-etienne.fr.https;40682;.;0
15:34:29.453505;mauves.univ-st-etienne.fr.https;BP-Linux8;40682;.;1448
15:34:29.453508;BP-Linux8;mauves.univ-st-etienne.fr.https;40682;.;0
15:34:29.453512;mauves.univ-st-etienne.fr.https;BP-Linux8;40682;.;1448
15:34:29.453515;BP-Linux8;mauves.univ-st-etienne.fr.https;40682;.;0
15:34:29.453519;mauves.univ-st-etienne.fr.https;BP-Linux8;40682;.;1448
15:34:29.453522;BP-Linux8;mauves.univ-st-etienne.fr.https;40682;.;0
15:34:29.453527;mauves.univ-st-etienne.fr.https;BP-Linux8;40682;.;1448
15:34:29.453529;BP-Linux8;mauves.univ-st-etienne.fr.https;40682;.;0
15:34:29.453534;mauves.univ-st-etienne.fr.https;BP-Linux8;40682;.;1448
15:34:29.453536;BP-Linux8;mauves.univ-st-etienne.fr.https;40682;.;0
15:34:29.453541;mauves.univ-st-etienne.fr.https;BP-Linux8;40682;.;1448
15:34:29.453543;BP-Linux8;mauves.univ-st-etienne.fr.https;40682;.;0
15:34:29.456653;mauves.univ-st-etienne.fr.https;BP-Linux8;40682;.;1448
15:34:29.456658;BP-Linux8;mauves.univ-st-etienne.fr.https;40682;.;0
15:34:29.456756;mauves.univ-st-etienne.fr.https;BP-Linux8;40682;P.;76
15:34:29.456760;BP-Linux8;mauves.univ-st-etienne.fr.https;40682;.;0
15:34:29.493924;BP-Linux8;par21s11-in-f10.1e100.net.https;34595;P.;93
15:34:29.506177;par21s11-in-f10.1e100.net.https;BP-Linux8;34595;P.;292
15:34:29.506187;BP-Linux8;par21s11-in-f10.1e100.net.https;34595;.;0
15:34:29.506285;par21s11-in-f10.1e100.net.https;BP-Linux8;34595;P.;69
15:34:29.506290;BP-Linux8;par21s11-in-f10.1e100.net.https;34595;.;0
15:34:29.514458;BP-Linux8;mauves.univ-st-etienne.fr.https;40684;P.;126
15:34:29.516822;BP-Linux8;mauves.univ-st-etienne.fr.https;40678;P.;379
15:34:29.516966;BP-Linux8;mauves.univ-st-etienne.fr.https;40679;P.;380
15:34:29.517143;BP-Linux8;mauves.univ-st-etienne.fr.https;40680;P.;383
15:34:29.517678;BP-Linux8;par21s05-in-f131.1e100.net.http;37231;P.;432
15:34:29.518791;mauves.univ-st-etienne.fr.https;BP-Linux8;40684;P.;51
15:34:29.518799;BP-Linux8;mauves.univ-st-etienne.fr.https;40684;.;0
15:34:29.522586;mauves.univ-st-etienne.fr.https;BP-Linux8;40678;.;1448
15:34:29.522732;mauves.univ-st-etienne.fr.https;BP-Linux8;40678;.;1448
15:34:29.522737;BP-Linux8;mauves.univ-st-etienne.fr.https;40678;.;0
15:34:29.522745;mauves.univ-st-etienne.fr.https;BP-Linux8;40678;.;1448
15:34:29.522750;mauves.univ-st-etienne.fr.https;BP-Linux8;40678;P.;1390
15:34:29.522753;BP-Linux8;mauves.univ-st-etienne.fr.https;40678;.;0
15:34:29.522804;mauves.univ-st-etienne.fr.https;BP-Linux8;40679;P.;993
15:34:29.522809;BP-Linux8;mauves.univ-st-etienne.fr.https;40679;.;0
15:34:29.527279;mauves.univ-st-etienne.fr.https;BP-Linux8;40680;.;1448
15:34:29.527288;BP-Linux8;mauves.univ-st-etienne.fr.https;40680;.;0
15:34:29.527296;mauves.univ-st-etienne.fr.https;BP-Linux8;40680;.;1448
15:34:29.527300;BP-Linux8;mauves.univ-st-etienne.fr.https;40680;.;0
15:34:29.527396;mauves.univ-st-etienne.fr.https;BP-Linux8;40680;.;1448
15:34:29.527400;BP-Linux8;mauves.univ-st-etienne.fr.https;40680;.;0
15:34:29.527407;mauves.univ-st-etienne.fr.https;BP-Linux8;40680;.;1448
15:34:29.527410;BP-Linux8;mauves.univ-st-etienne.fr.https;40680;.;0
15:34:29.527415;mauves.univ-st-etienne.fr.https;BP-Linux8;40680;.;1448
15:34:29.527418;BP-Linux8;mauves.univ-st-etienne.fr.https;40680;.;0
15:34:29.527423;mauves.univ-st-etienne.fr.https;BP-Linux8;40680;P.;1022
15:34:29.527425;BP-Linux8;mauves.univ-st-etienne.fr.https;40680;.;0
15:34:29.533798;par21s05-in-f131.1e100.net.http;BP-Linux8;37231;P.;702
15:34:29.533807;BP-Linux8;par21s05-in-f131.1e100.net.http;37231;.;0
15:34:29.540729;BP-Linux8;82.221.107.34.bc.googleusercontent.com.http;43717;.;0
15:34:29.546820;BP-Linux8;mauves.univ-st-etienne.fr.https;40684;P.;382
15:34:29.552321;mauves.univ-st-etienne.fr.https;BP-Linux8;40684;.;1448
15:34:29.552329;mauves.univ-st-etienne.fr.https;BP-Linux8;40684;P.;209
15:34:29.552332;BP-Linux8;mauves.univ-st-etienne.fr.https;40684;.;0
15:34:29.552603;82.221.107.34.bc.googleusercontent.com.http;BP-Linux8;43717;.;0
15:34:29.612859;BP-Linux8;par21s11-in-f10.1e100.net.https;34595;P.;163
15:34:29.612933;BP-Linux8;par21s11-in-f10.1e100.net.https;34595;P.;282
15:34:29.620836;BP-Linux8;par21s11-in-f10.1e100.net.https;34595;P.;38
15:34:29.624852;par21s11-in-f10.1e100.net.https;BP-Linux8;34595;.;0
15:34:29.625128;par21s11-in-f10.1e100.net.https;BP-Linux8;34595;P.;38
15:34:29.625135;BP-Linux8;par21s11-in-f10.1e100.net.https;34595;.;0
15:34:29.631405;par21s11-in-f10.1e100.net.https;BP-Linux8;34595;P.;486
15:34:29.631413;BP-Linux8;par21s11-in-f10.1e100.net.https;34595;.;0
15:34:29.631521;par21s11-in-f10.1e100.net.https;BP-Linux8;34595;P.;697
15:34:29.631527;BP-Linux8;par21s11-in-f10.1e100.net.https;34595;.;0
15:34:29.631534;par21s11-in-f10.1e100.net.https;BP-Linux8;34595;P.;275
15:34:29.631538;BP-Linux8;par21s11-in-f10.1e100.net.https;34595;.;0
15:34:29.631544;par21s11-in-f10.1e100.net.https;BP-Linux8;34595;P.;46
15:34:29.631546;BP-Linux8;par21s11-in-f10.1e100.net.https;34595;.;0
15:34:29.631837;BP-Linux8;par21s11-in-f10.1e100.net.https;34595;P.;46
15:34:29.637753;par21s11-in-f10.1e100.net.https;BP-Linux8;34595;.;0
15:34:29.637976;BP-Linux8;mauves.univ-st-etienne.fr.https;40679;P.;371
15:34:29.638210;BP-Linux8;mauves.univ-st-etienne.fr.https;40682;P.;573
15:34:29.638392;BP-Linux8;mauves.univ-st-etienne.fr.https;40678;P.;573
15:34:29.638568;BP-Linux8;mauves.univ-st-etienne.fr.https;40680;P.;571
15:34:29.638745;BP-Linux8;mauves.univ-st-etienne.fr.https;40684;P.;580
15:34:29.638919;BP-Linux8;mauves.univ-st-etienne.fr.https;40683;P.;571
15:34:29.643687;mauves.univ-st-etienne.fr.https;BP-Linux8;40679;.;1448
15:34:29.643698;BP-Linux8;mauves.univ-st-etienne.fr.https;40679;.;0
15:34:29.643706;par21s11-in-f10.1e100.net.https;BP-Linux8;34595;.;0
15:34:29.643807;mauves.univ-st-etienne.fr.https;BP-Linux8;40679;.;1448
15:34:29.643812;BP-Linux8;mauves.univ-st-etienne.fr.https;40679;.;0
15:34:29.643820;mauves.univ-st-etienne.fr.https;BP-Linux8;40679;.;1448
15:34:29.643824;BP-Linux8;mauves.univ-st-etienne.fr.https;40679;.;0
15:34:29.643887;mauves.univ-st-etienne.fr.https;BP-Linux8;40679;.;1448
15:34:29.643892;BP-Linux8;mauves.univ-st-etienne.fr.https;40679;.;0
15:34:29.643898;mauves.univ-st-etienne.fr.https;BP-Linux8;40679;.;1448
15:34:29.643902;BP-Linux8;mauves.univ-st-etienne.fr.https;40679;.;0
15:34:29.643907;mauves.univ-st-etienne.fr.https;BP-Linux8;40679;.;1448
15:34:29.643909;BP-Linux8;mauves.univ-st-etienne.fr.https;40679;.;0
15:34:29.643915;mauves.univ-st-etienne.fr.https;BP-Linux8;40679;.;1448
15:34:29.643917;BP-Linux8;mauves.univ-st-etienne.fr.https;40679;.;0
15:34:29.643922;mauves.univ-st-etienne.fr.https;BP-Linux8;40679;.;1448
15:34:29.643925;BP-Linux8;mauves.univ-st-etienne.fr.https;40679;.;0
15:34:29.643929;mauves.univ-st-etienne.fr.https;BP-Linux8;40679;P.;17
15:34:29.643932;BP-Linux8;mauves.univ-st-etienne.fr.https;40679;.;0
15:34:29.644201;mauves.univ-st-etienne.fr.https;BP-Linux8;40682;.;1448
15:34:29.644208;BP-Linux8;mauves.univ-st-etienne.fr.https;40682;.;0
15:34:29.644497;mauves.univ-st-etienne.fr.https;BP-Linux8;40682;.;1448
15:34:29.644501;BP-Linux8;mauves.univ-st-etienne.fr.https;40682;.;0
15:34:29.644507;mauves.univ-st-etienne.fr.https;BP-Linux8;40682;.;1448
15:34:29.644510;BP-Linux8;mauves.univ-st-etienne.fr.https;40682;.;0
15:34:29.644514;mauves.univ-st-etienne.fr.https;BP-Linux8;40682;.;1448
15:34:29.644516;BP-Linux8;mauves.univ-st-etienne.fr.https;40682;.;0
15:34:29.644523;mauves.univ-st-etienne.fr.https;BP-Linux8;40682;.;1448
15:34:29.644526;BP-Linux8;mauves.univ-st-etienne.fr.https;40682;.;0
15:34:29.644527;mauves.univ-st-etienne.fr.https;BP-Linux8;40682;.;1448
15:34:29.644530;BP-Linux8;mauves.univ-st-etienne.fr.https;40682;.;0
15:34:29.644531;mauves.univ-st-etienne.fr.https;BP-Linux8;40682;.;1448
15:34:29.644533;BP-Linux8;mauves.univ-st-etienne.fr.https;40682;.;0
15:34:29.644540;mauves.univ-st-etienne.fr.https;BP-Linux8;40682;.;1448
15:34:29.644543;BP-Linux8;mauves.univ-st-etienne.fr.https;40682;.;0
15:34:29.644544;mauves.univ-st-etienne.fr.https;BP-Linux8;40682;.;1448
15:34:29.644547;BP-Linux8;mauves.univ-st-etienne.fr.https;40682;.;0
15:34:29.644553;mauves.univ-st-etienne.fr.https;BP-Linux8;40682;.;1448
15:34:29.644556;BP-Linux8;mauves.univ-st-etienne.fr.https;40682;.;0
15:34:29.644557;mauves.univ-st-etienne.fr.https;BP-Linux8;40682;.;1448
15:34:29.644560;BP-Linux8;mauves.univ-st-etienne.fr.https;40682;.;0
15:34:29.644567;mauves.univ-st-etienne.fr.https;BP-Linux8;40682;P.;485
15:34:29.644570;BP-Linux8;mauves.univ-st-etienne.fr.https;40682;.;0
15:34:29.644571;mauves.univ-st-etienne.fr.https;BP-Linux8;40682;.;1448
15:34:29.644573;BP-Linux8;mauves.univ-st-etienne.fr.https;40682;.;0
15:34:29.644580;mauves.univ-st-etienne.fr.https;BP-Linux8;40682;.;1448
15:34:29.644583;BP-Linux8;mauves.univ-st-etienne.fr.https;40682;.;0
15:34:29.644584;mauves.univ-st-etienne.fr.https;BP-Linux8;40682;.;1448
15:34:29.644588;BP-Linux8;mauves.univ-st-etienne.fr.https;40682;.;0
15:34:29.644607;mauves.univ-st-etienne.fr.https;BP-Linux8;40682;.;1448
15:34:29.644610;BP-Linux8;mauves.univ-st-etienne.fr.https;40682;.;0
15:34:29.644682;mauves.univ-st-etienne.fr.https;BP-Linux8;40682;.;1448
15:34:29.644687;mauves.univ-st-etienne.fr.https;BP-Linux8;40682;.;1448
15:34:29.644688;mauves.univ-st-etienne.fr.https;BP-Linux8;40682;.;1448
15:34:29.644690;mauves.univ-st-etienne.fr.https;BP-Linux8;40682;.;1448
15:34:29.644692;mauves.univ-st-etienne.fr.https;BP-Linux8;40682;.;1448
15:34:29.644694;mauves.univ-st-etienne.fr.https;BP-Linux8;40682;.;1448
15:34:29.644695;mauves.univ-st-etienne.fr.https;BP-Linux8;40682;.;1448
15:34:29.644697;mauves.univ-st-etienne.fr.https;BP-Linux8;40682;P.;485
15:34:29.644698;mauves.univ-st-etienne.fr.https;BP-Linux8;40682;.;1448
15:34:29.644699;mauves.univ-st-etienne.fr.https;BP-Linux8;40682;.;1448
15:34:29.644701;mauves.univ-st-etienne.fr.https;BP-Linux8;40682;.;1448
15:34:29.644703;mauves.univ-st-etienne.fr.https;BP-Linux8;40682;.;1448
15:34:29.644704;mauves.univ-st-etienne.fr.https;BP-Linux8;40682;.;1448
15:34:29.644706;mauves.univ-st-etienne.fr.https;BP-Linux8;40682;.;1448
15:34:29.644707;mauves.univ-st-etienne.fr.https;BP-Linux8;40682;.;1448
15:34:29.644766;mauves.univ-st-etienne.fr.https;BP-Linux8;40682;.;1448
15:34:29.644768;mauves.univ-st-etienne.fr.https;BP-Linux8;40682;.;1448
15:34:29.644770;mauves.univ-st-etienne.fr.https;BP-Linux8;40682;.;1448
15:34:29.644771;mauves.univ-st-etienne.fr.https;BP-Linux8;40682;.;1448
15:34:29.644772;mauves.univ-st-etienne.fr.https;BP-Linux8;40682;P.;485
15:34:29.644773;mauves.univ-st-etienne.fr.https;BP-Linux8;40682;.;1448
15:34:29.644775;mauves.univ-st-etienne.fr.https;BP-Linux8;40682;.;1448
15:34:29.644776;mauves.univ-st-etienne.fr.https;BP-Linux8;40682;.;1448
15:34:29.644798;mauves.univ-st-etienne.fr.https;BP-Linux8;40682;.;1448
15:34:29.644800;mauves.univ-st-etienne.fr.https;BP-Linux8;40682;.;1448
15:34:29.644802;mauves.univ-st-etienne.fr.https;BP-Linux8;40682;.;1448
15:34:29.645012;mauves.univ-st-etienne.fr.https;BP-Linux8;40678;.;1448
15:34:29.645019;mauves.univ-st-etienne.fr.https;BP-Linux8;40678;.;1448
15:34:29.645023;BP-Linux8;mauves.univ-st-etienne.fr.https;40678;.;0
15:34:29.645128;mauves.univ-st-etienne.fr.https;BP-Linux8;40678;.;1448
15:34:29.645132;mauves.univ-st-etienne.fr.https;BP-Linux8;40678;.;1448
15:34:29.645135;BP-Linux8;mauves.univ-st-etienne.fr.https;40678;.;0
15:34:29.645249;mauves.univ-st-etienne.fr.https;BP-Linux8;40678;.;1448
15:34:29.645253;mauves.univ-st-etienne.fr.https;BP-Linux8;40678;.;1448
15:34:29.645256;BP-Linux8;mauves.univ-st-etienne.fr.https;40678;.;0
15:34:29.645263;mauves.univ-st-etienne.fr.https;BP-Linux8;40678;.;1448
15:34:29.645264;mauves.univ-st-etienne.fr.https;BP-Linux8;40678;.;1448
15:34:29.645266;mauves.univ-st-etienne.fr.https;BP-Linux8;40678;.;1448
15:34:29.645267;mauves.univ-st-etienne.fr.https;BP-Linux8;40678;.;1448
15:34:29.645268;mauves.univ-st-etienne.fr.https;BP-Linux8;40678;.;1448
15:34:29.645270;mauves.univ-st-etienne.fr.https;BP-Linux8;40678;P.;485
15:34:29.645271;mauves.univ-st-etienne.fr.https;BP-Linux8;40678;.;1448
15:34:29.645371;mauves.univ-st-etienne.fr.https;BP-Linux8;40678;.;1448
15:34:29.645376;mauves.univ-st-etienne.fr.https;BP-Linux8;40678;.;1448
15:34:29.645378;mauves.univ-st-etienne.fr.https;BP-Linux8;40678;.;1448
15:34:29.645380;mauves.univ-st-etienne.fr.https;BP-Linux8;40678;.;1448
15:34:29.645381;mauves.univ-st-etienne.fr.https;BP-Linux8;40678;.;1448
15:34:29.645382;mauves.univ-st-etienne.fr.https;BP-Linux8;40678;.;1448
15:34:29.645384;mauves.univ-st-etienne.fr.https;BP-Linux8;40678;.;1448
15:34:29.645385;mauves.univ-st-etienne.fr.https;BP-Linux8;40678;.;1448
15:34:29.645387;mauves.univ-st-etienne.fr.https;BP-Linux8;40678;.;1448
15:34:29.645388;mauves.univ-st-etienne.fr.https;BP-Linux8;40680;.;1448
15:34:29.645393;BP-Linux8;mauves.univ-st-etienne.fr.https;40680;.;0
15:34:29.645516;mauves.univ-st-etienne.fr.https;BP-Linux8;40680;.;1448
15:34:29.645521;BP-Linux8;mauves.univ-st-etienne.fr.https;40680;.;0
15:34:29.645527;mauves.univ-st-etienne.fr.https;BP-Linux8;40678;.;1448
15:34:29.645530;mauves.univ-st-etienne.fr.https;BP-Linux8;40678;P.;485
15:34:29.645531;mauves.univ-st-etienne.fr.https;BP-Linux8;40680;.;1448
15:34:29.645532;BP-Linux8;mauves.univ-st-etienne.fr.https;40680;.;0
15:34:29.645537;mauves.univ-st-etienne.fr.https;BP-Linux8;40680;.;1448
15:34:29.645538;BP-Linux8;mauves.univ-st-etienne.fr.https;40680;.;0
15:34:29.645542;mauves.univ-st-etienne.fr.https;BP-Linux8;40680;.;1448
15:34:29.645544;BP-Linux8;mauves.univ-st-etienne.fr.https;40680;.;0
15:34:29.645548;mauves.univ-st-etienne.fr.https;BP-Linux8;40680;.;1448
15:34:29.645549;BP-Linux8;mauves.univ-st-etienne.fr.https;40680;.;0
15:34:29.645554;mauves.univ-st-etienne.fr.https;BP-Linux8;40680;.;1448
15:34:29.645555;BP-Linux8;mauves.univ-st-etienne.fr.https;40680;.;0
15:34:29.645559;mauves.univ-st-etienne.fr.https;BP-Linux8;40680;.;1448
15:34:29.645561;BP-Linux8;mauves.univ-st-etienne.fr.https;40680;.;0
15:34:29.645565;mauves.univ-st-etienne.fr.https;BP-Linux8;40680;.;1448
15:34:29.645566;BP-Linux8;mauves.univ-st-etienne.fr.https;40680;.;0
15:34:29.645572;mauves.univ-st-etienne.fr.https;BP-Linux8;40680;.;1448
15:34:29.645575;BP-Linux8;mauves.univ-st-etienne.fr.https;40680;.;0
15:34:29.645579;mauves.univ-st-etienne.fr.https;BP-Linux8;40680;.;1448
15:34:29.645582;BP-Linux8;mauves.univ-st-etienne.fr.https;40680;.;0
15:34:29.645588;mauves.univ-st-etienne.fr.https;BP-Linux8;40678;.;1448
15:34:29.645590;mauves.univ-st-etienne.fr.https;BP-Linux8;40678;.;1448
15:34:29.645592;mauves.univ-st-etienne.fr.https;BP-Linux8;40678;.;1448
15:34:29.645593;mauves.univ-st-etienne.fr.https;BP-Linux8;40678;.;1448
15:34:29.645595;mauves.univ-st-etienne.fr.https;BP-Linux8;40678;.;1448
15:34:29.645596;mauves.univ-st-etienne.fr.https;BP-Linux8;40680;P.;485
15:34:29.645598;BP-Linux8;mauves.univ-st-etienne.fr.https;40680;.;0
15:34:29.645602;mauves.univ-st-etienne.fr.https;BP-Linux8;40678;.;1448
15:34:29.645672;mauves.univ-st-etienne.fr.https;BP-Linux8;40678;.;1448
15:34:29.645677;mauves.univ-st-etienne.fr.https;BP-Linux8;40678;.;1448
15:34:29.645679;mauves.univ-st-etienne.fr.https;BP-Linux8;40678;.;1448
15:34:29.645680;mauves.univ-st-etienne.fr.https;BP-Linux8;40678;.;1448
15:34:29.645682;mauves.univ-st-etienne.fr.https;BP-Linux8;40678;.;1448
15:34:29.645683;mauves.univ-st-etienne.fr.https;BP-Linux8;40678;P.;485
15:34:29.645822;mauves.univ-st-etienne.fr.https;BP-Linux8;40684;.;1448
15:34:29.646088;mauves.univ-st-etienne.fr.https;BP-Linux8;40684;.;1448
15:34:29.646095;BP-Linux8;mauves.univ-st-etienne.fr.https;40684;.;0
15:34:29.646102;mauves.univ-st-etienne.fr.https;BP-Linux8;40684;.;1448
15:34:29.646105;mauves.univ-st-etienne.fr.https;BP-Linux8;40684;.;1448
15:34:29.646107;BP-Linux8;mauves.univ-st-etienne.fr.https;40684;.;0
15:34:29.646111;mauves.univ-st-etienne.fr.https;BP-Linux8;40684;.;1448
15:34:29.646113;mauves.univ-st-etienne.fr.https;BP-Linux8;40684;.;1448
15:34:29.646114;BP-Linux8;mauves.univ-st-etienne.fr.https;40684;.;0
15:34:29.646118;mauves.univ-st-etienne.fr.https;BP-Linux8;40684;.;1448
15:34:29.646120;mauves.univ-st-etienne.fr.https;BP-Linux8;40684;.;1448
15:34:29.646121;BP-Linux8;mauves.univ-st-etienne.fr.https;40684;.;0
15:34:29.646125;mauves.univ-st-etienne.fr.https;BP-Linux8;40684;.;1448
15:34:29.646127;mauves.univ-st-etienne.fr.https;BP-Linux8;40684;.;1448
15:34:29.646128;BP-Linux8;mauves.univ-st-etienne.fr.https;40684;.;0
15:34:29.646133;mauves.univ-st-etienne.fr.https;BP-Linux8;40683;.;1448
15:34:29.646136;BP-Linux8;mauves.univ-st-etienne.fr.https;40683;.;0
15:34:29.646139;mauves.univ-st-etienne.fr.https;BP-Linux8;40683;.;1448
15:34:29.646141;BP-Linux8;mauves.univ-st-etienne.fr.https;40683;.;0
15:34:29.646251;mauves.univ-st-etienne.fr.https;BP-Linux8;40683;.;1448
15:34:29.646257;BP-Linux8;mauves.univ-st-etienne.fr.https;40683;.;0
15:34:29.646263;mauves.univ-st-etienne.fr.https;BP-Linux8;40683;.;1448
15:34:29.646265;BP-Linux8;mauves.univ-st-etienne.fr.https;40683;.;0
15:34:29.646270;mauves.univ-st-etienne.fr.https;BP-Linux8;40683;.;1448
15:34:29.646271;BP-Linux8;mauves.univ-st-etienne.fr.https;40683;.;0
15:34:29.646276;mauves.univ-st-etienne.fr.https;BP-Linux8;40683;.;1448
15:34:29.646277;BP-Linux8;mauves.univ-st-etienne.fr.https;40683;.;0
15:34:29.646281;mauves.univ-st-etienne.fr.https;BP-Linux8;40683;.;1448
15:34:29.646283;BP-Linux8;mauves.univ-st-etienne.fr.https;40683;.;0
15:34:29.646287;mauves.univ-st-etienne.fr.https;BP-Linux8;40683;.;1448
15:34:29.646288;BP-Linux8;mauves.univ-st-etienne.fr.https;40683;.;0
15:34:29.646292;mauves.univ-st-etienne.fr.https;BP-Linux8;40683;.;1448
15:34:29.646294;BP-Linux8;mauves.univ-st-etienne.fr.https;40683;.;0
15:34:29.646298;mauves.univ-st-etienne.fr.https;BP-Linux8;40683;.;1448
15:34:29.646299;BP-Linux8;mauves.univ-st-etienne.fr.https;40683;.;0
15:34:29.648054;mauves.univ-st-etienne.fr.https;BP-Linux8;40682;.;1448
15:34:29.648176;mauves.univ-st-etienne.fr.https;BP-Linux8;40682;.;1448
15:34:29.648447;mauves.univ-st-etienne.fr.https;BP-Linux8;40682;.;1448
15:34:29.648630;mauves.univ-st-etienne.fr.https;BP-Linux8;40682;.;1448
15:34:29.648632;mauves.univ-st-etienne.fr.https;BP-Linux8;40682;.;1448
15:34:29.648634;mauves.univ-st-etienne.fr.https;BP-Linux8;40682;.;1448
15:34:29.648635;mauves.univ-st-etienne.fr.https;BP-Linux8;40682;.;1448
15:34:29.648636;mauves.univ-st-etienne.fr.https;BP-Linux8;40682;.;1448
15:34:29.648701;mauves.univ-st-etienne.fr.https;BP-Linux8;40682;.;1448
15:34:29.649013;mauves.univ-st-etienne.fr.https;BP-Linux8;40682;.;1448
15:34:29.649017;mauves.univ-st-etienne.fr.https;BP-Linux8;40682;.;1448
15:34:29.649018;mauves.univ-st-etienne.fr.https;BP-Linux8;40682;.;1448
15:34:29.649019;mauves.univ-st-etienne.fr.https;BP-Linux8;40682;.;1448
15:34:29.649021;mauves.univ-st-etienne.fr.https;BP-Linux8;40682;.;1448
15:34:29.649022;mauves.univ-st-etienne.fr.https;BP-Linux8;40682;.;1448
15:34:29.649024;mauves.univ-st-etienne.fr.https;BP-Linux8;40682;.;1448
15:34:29.649025;mauves.univ-st-etienne.fr.https;BP-Linux8;40682;.;1448
15:34:29.649026;mauves.univ-st-etienne.fr.https;BP-Linux8;40682;.;1448
15:34:29.649027;mauves.univ-st-etienne.fr.https;BP-Linux8;40682;.;1448
15:34:29.649029;mauves.univ-st-etienne.fr.https;BP-Linux8;40682;.;1448
15:34:29.649031;mauves.univ-st-etienne.fr.https;BP-Linux8;40682;.;1448
15:34:29.649032;mauves.univ-st-etienne.fr.https;BP-Linux8;40682;.;1448
15:34:29.649033;mauves.univ-st-etienne.fr.https;BP-Linux8;40682;.;1448
15:34:29.649034;mauves.univ-st-etienne.fr.https;BP-Linux8;40682;.;1448
15:34:29.649112;mauves.univ-st-etienne.fr.https;BP-Linux8;40682;.;1448
15:34:29.649114;mauves.univ-st-etienne.fr.https;BP-Linux8;40682;.;1448
15:34:29.649116;mauves.univ-st-etienne.fr.https;BP-Linux8;40682;.;1448
15:34:29.649117;mauves.univ-st-etienne.fr.https;BP-Linux8;40678;.;1448
15:34:29.649118;mauves.univ-st-etienne.fr.https;BP-Linux8;40682;.;1448
15:34:29.649120;mauves.univ-st-etienne.fr.https;BP-Linux8;40678;.;1448
15:34:29.649121;mauves.univ-st-etienne.fr.https;BP-Linux8;40678;.;1448
15:34:29.649123;mauves.univ-st-etienne.fr.https;BP-Linux8;40678;.;1448
15:34:29.649308;mauves.univ-st-etienne.fr.https;BP-Linux8;40680;.;1448
15:34:29.649312;BP-Linux8;mauves.univ-st-etienne.fr.https;40680;.;0
15:34:29.649318;mauves.univ-st-etienne.fr.https;BP-Linux8;40680;.;1448
15:34:29.649321;BP-Linux8;mauves.univ-st-etienne.fr.https;40680;.;0
15:34:29.649322;mauves.univ-st-etienne.fr.https;BP-Linux8;40678;.;1448
15:34:29.649323;mauves.univ-st-etienne.fr.https;BP-Linux8;40678;.;1448
15:34:29.649414;mauves.univ-st-etienne.fr.https;BP-Linux8;40678;.;1448
15:34:29.649417;mauves.univ-st-etienne.fr.https;BP-Linux8;40678;.;1448
15:34:29.649478;mauves.univ-st-etienne.fr.https;BP-Linux8;40678;.;1448
15:34:29.649480;mauves.univ-st-etienne.fr.https;BP-Linux8;40678;.;1448
15:34:29.649481;mauves.univ-st-etienne.fr.https;BP-Linux8;40678;.;1448
15:34:29.649483;mauves.univ-st-etienne.fr.https;BP-Linux8;40678;.;1448
15:34:29.649532;mauves.univ-st-etienne.fr.https;BP-Linux8;40680;.;1448
15:34:29.649535;BP-Linux8;mauves.univ-st-etienne.fr.https;40680;.;0
15:34:29.649834;mauves.univ-st-etienne.fr.https;BP-Linux8;40680;.;1448
15:34:29.649839;BP-Linux8;mauves.univ-st-etienne.fr.https;40680;.;0
15:34:29.649843;mauves.univ-st-etienne.fr.https;BP-Linux8;40680;.;1448
15:34:29.649846;BP-Linux8;mauves.univ-st-etienne.fr.https;40680;.;0
15:34:29.649850;mauves.univ-st-etienne.fr.https;BP-Linux8;40680;.;1448
15:34:29.649852;BP-Linux8;mauves.univ-st-etienne.fr.https;40680;.;0
15:34:29.649856;mauves.univ-st-etienne.fr.https;BP-Linux8;40680;.;1448
15:34:29.649857;BP-Linux8;mauves.univ-st-etienne.fr.https;40680;.;0
15:34:29.649861;mauves.univ-st-etienne.fr.https;BP-Linux8;40680;.;1448
15:34:29.649863;BP-Linux8;mauves.univ-st-etienne.fr.https;40680;.;0
15:34:29.649867;mauves.univ-st-etienne.fr.https;BP-Linux8;40680;.;1448
15:34:29.649868;BP-Linux8;mauves.univ-st-etienne.fr.https;40680;.;0
15:34:29.649872;mauves.univ-st-etienne.fr.https;BP-Linux8;40680;.;1448
15:34:29.649874;BP-Linux8;mauves.univ-st-etienne.fr.https;40680;.;0
15:34:29.649878;mauves.univ-st-etienne.fr.https;BP-Linux8;40680;.;1448
15:34:29.649879;BP-Linux8;mauves.univ-st-etienne.fr.https;40680;.;0
15:34:29.649883;mauves.univ-st-etienne.fr.https;BP-Linux8;40680;.;1448
15:34:29.649884;BP-Linux8;mauves.univ-st-etienne.fr.https;40680;.;0
15:34:29.649888;mauves.univ-st-etienne.fr.https;BP-Linux8;40680;.;1448
15:34:29.649890;BP-Linux8;mauves.univ-st-etienne.fr.https;40680;.;0
15:34:29.649893;mauves.univ-st-etienne.fr.https;BP-Linux8;40680;.;1448
15:34:29.649895;BP-Linux8;mauves.univ-st-etienne.fr.https;40680;.;0
15:34:29.649899;mauves.univ-st-etienne.fr.https;BP-Linux8;40680;.;1448
15:34:29.649900;BP-Linux8;mauves.univ-st-etienne.fr.https;40680;.;0
15:34:29.649905;mauves.univ-st-etienne.fr.https;BP-Linux8;40680;.;1448
15:34:29.649906;BP-Linux8;mauves.univ-st-etienne.fr.https;40680;.;0
15:34:29.649910;mauves.univ-st-etienne.fr.https;BP-Linux8;40680;.;1448
15:34:29.649912;BP-Linux8;mauves.univ-st-etienne.fr.https;40680;.;0
15:34:29.649916;mauves.univ-st-etienne.fr.https;BP-Linux8;40680;.;1448
15:34:29.649917;BP-Linux8;mauves.univ-st-etienne.fr.https;40680;.;0
15:34:29.649948;mauves.univ-st-etienne.fr.https;BP-Linux8;40680;.;1448
15:34:29.649953;mauves.univ-st-etienne.fr.https;BP-Linux8;40680;.;1448
15:34:29.649956;mauves.univ-st-etienne.fr.https;BP-Linux8;40680;.;1448
15:34:29.649958;mauves.univ-st-etienne.fr.https;BP-Linux8;40680;.;1448
15:34:29.649960;mauves.univ-st-etienne.fr.https;BP-Linux8;40683;.;1448
15:34:29.649962;BP-Linux8;mauves.univ-st-etienne.fr.https;40683;.;0
15:34:29.649966;mauves.univ-st-etienne.fr.https;BP-Linux8;40684;.;1448
15:34:29.649968;mauves.univ-st-etienne.fr.https;BP-Linux8;40680;.;1448
15:34:29.649969;mauves.univ-st-etienne.fr.https;BP-Linux8;40680;.;1448
15:34:29.649971;mauves.univ-st-etienne.fr.https;BP-Linux8;40684;.;1448
15:34:29.649973;BP-Linux8;mauves.univ-st-etienne.fr.https;40684;.;0
15:34:29.649978;mauves.univ-st-etienne.fr.https;BP-Linux8;40683;.;1448
15:34:29.649981;BP-Linux8;mauves.univ-st-etienne.fr.https;40683;.;0
15:34:29.650039;mauves.univ-st-etienne.fr.https;BP-Linux8;40684;.;1448
15:34:29.650040;mauves.univ-st-etienne.fr.https;BP-Linux8;40684;.;1448
15:34:29.650042;BP-Linux8;mauves.univ-st-etienne.fr.https;40684;.;0
15:34:29.650171;mauves.univ-st-etienne.fr.https;BP-Linux8;40684;.;1448
15:34:29.650174;mauves.univ-st-etienne.fr.https;BP-Linux8;40684;.;1448
15:34:29.650177;BP-Linux8;mauves.univ-st-etienne.fr.https;40684;.;0
15:34:29.650268;mauves.univ-st-etienne.fr.https;BP-Linux8;40684;.;1448
15:34:29.650471;mauves.univ-st-etienne.fr.https;BP-Linux8;40684;.;1448
15:34:29.650475;BP-Linux8;mauves.univ-st-etienne.fr.https;40684;.;0
15:34:29.650480;mauves.univ-st-etienne.fr.https;BP-Linux8;40683;.;1448
15:34:29.650483;BP-Linux8;mauves.univ-st-etienne.fr.https;40683;.;0
15:34:29.650487;mauves.univ-st-etienne.fr.https;BP-Linux8;40684;.;1448
15:34:29.650489;mauves.univ-st-etienne.fr.https;BP-Linux8;40683;.;1448
15:34:29.650491;BP-Linux8;mauves.univ-st-etienne.fr.https;40683;.;0
15:34:29.650495;mauves.univ-st-etienne.fr.https;BP-Linux8;40684;.;1448
15:34:29.650497;BP-Linux8;mauves.univ-st-etienne.fr.https;40684;.;0
15:34:29.650501;mauves.univ-st-etienne.fr.https;BP-Linux8;40684;.;1448
15:34:29.650502;mauves.univ-st-etienne.fr.https;BP-Linux8;40684;.;1448
15:34:29.650504;BP-Linux8;mauves.univ-st-etienne.fr.https;40684;.;0
15:34:29.650508;mauves.univ-st-etienne.fr.https;BP-Linux8;40684;.;1448
15:34:29.650509;mauves.univ-st-etienne.fr.https;BP-Linux8;40684;.;1448
15:34:29.650511;BP-Linux8;mauves.univ-st-etienne.fr.https;40684;.;0
15:34:29.650515;mauves.univ-st-etienne.fr.https;BP-Linux8;40684;.;1448
15:34:29.650516;mauves.univ-st-etienne.fr.https;BP-Linux8;40684;.;1448
15:34:29.650517;BP-Linux8;mauves.univ-st-etienne.fr.https;40684;.;0
15:34:29.650521;mauves.univ-st-etienne.fr.https;BP-Linux8;40684;.;1448
15:34:29.650522;mauves.univ-st-etienne.fr.https;BP-Linux8;40683;.;1448
15:34:29.650524;BP-Linux8;mauves.univ-st-etienne.fr.https;40683;.;0
15:34:29.650528;mauves.univ-st-etienne.fr.https;BP-Linux8;40684;.;1448
15:34:29.650529;BP-Linux8;mauves.univ-st-etienne.fr.https;40684;.;0
15:34:29.650533;mauves.univ-st-etienne.fr.https;BP-Linux8;40683;.;1448
15:34:29.650535;BP-Linux8;mauves.univ-st-etienne.fr.https;40683;.;0
15:34:29.650649;mauves.univ-st-etienne.fr.https;BP-Linux8;40684;.;1448
15:34:29.650652;mauves.univ-st-etienne.fr.https;BP-Linux8;40683;.;1448
15:34:29.650654;BP-Linux8;mauves.univ-st-etienne.fr.https;40683;.;0
15:34:29.650659;mauves.univ-st-etienne.fr.https;BP-Linux8;40683;.;1448
15:34:29.650661;BP-Linux8;mauves.univ-st-etienne.fr.https;40683;.;0
15:34:29.650666;mauves.univ-st-etienne.fr.https;BP-Linux8;40684;.;1448
15:34:29.650667;BP-Linux8;mauves.univ-st-etienne.fr.https;40684;.;0
15:34:29.650671;mauves.univ-st-etienne.fr.https;BP-Linux8;40683;.;1448
15:34:29.650673;BP-Linux8;mauves.univ-st-etienne.fr.https;40683;.;0
15:34:29.650677;mauves.univ-st-etienne.fr.https;BP-Linux8;40683;.;1448
15:34:29.650678;BP-Linux8;mauves.univ-st-etienne.fr.https;40683;.;0
15:34:29.650682;mauves.univ-st-etienne.fr.https;BP-Linux8;40683;.;1448
15:34:29.650684;BP-Linux8;mauves.univ-st-etienne.fr.https;40683;.;0
15:34:29.650688;mauves.univ-st-etienne.fr.https;BP-Linux8;40683;.;1448
15:34:29.650689;BP-Linux8;mauves.univ-st-etienne.fr.https;40683;.;0
15:34:29.650693;mauves.univ-st-etienne.fr.https;BP-Linux8;40683;.;1448
15:34:29.650694;BP-Linux8;mauves.univ-st-etienne.fr.https;40683;.;0
15:34:29.650698;mauves.univ-st-etienne.fr.https;BP-Linux8;40683;.;1448
15:34:29.650700;BP-Linux8;mauves.univ-st-etienne.fr.https;40683;.;0
15:34:29.650704;mauves.univ-st-etienne.fr.https;BP-Linux8;40682;.;1448
15:34:29.650706;mauves.univ-st-etienne.fr.https;BP-Linux8;40683;.;1448
15:34:29.650708;BP-Linux8;mauves.univ-st-etienne.fr.https;40683;.;0
15:34:29.650713;mauves.univ-st-etienne.fr.https;BP-Linux8;40683;.;1448
15:34:29.650715;BP-Linux8;mauves.univ-st-etienne.fr.https;40683;.;0
15:34:29.650721;mauves.univ-st-etienne.fr.https;BP-Linux8;40683;.;1448
15:34:29.650723;BP-Linux8;mauves.univ-st-etienne.fr.https;40683;.;0
15:34:29.650728;mauves.univ-st-etienne.fr.https;BP-Linux8;40683;.;1448
15:34:29.650729;BP-Linux8;mauves.univ-st-etienne.fr.https;40683;.;0
15:34:29.650733;mauves.univ-st-etienne.fr.https;BP-Linux8;40683;.;1448
15:34:29.650735;BP-Linux8;mauves.univ-st-etienne.fr.https;40683;.;0
15:34:29.650739;mauves.univ-st-etienne.fr.https;BP-Linux8;40683;.;1448
15:34:29.650740;BP-Linux8;mauves.univ-st-etienne.fr.https;40683;.;0
15:34:29.650744;mauves.univ-st-etienne.fr.https;BP-Linux8;40682;.;1448
15:34:29.650746;mauves.univ-st-etienne.fr.https;BP-Linux8;40682;.;1448
15:34:29.650747;mauves.univ-st-etienne.fr.https;BP-Linux8;40682;.;1448
15:34:29.651138;BP-Linux8;mauves.univ-st-etienne.fr.https;40679;P.;566
15:34:29.652803;BP-Linux8;mauves.univ-st-etienne.fr.https;40678;.;0
15:34:29.653068;mauves.univ-st-etienne.fr.https;BP-Linux8;40680;.;1448
15:34:29.653094;mauves.univ-st-etienne.fr.https;BP-Linux8;40680;.;1448
15:34:29.653818;mauves.univ-st-etienne.fr.https;BP-Linux8;40680;.;1448
15:34:29.654130;mauves.univ-st-etienne.fr.https;BP-Linux8;40680;.;1448
15:34:29.654132;mauves.univ-st-etienne.fr.https;BP-Linux8;40680;.;1448
15:34:29.654140;mauves.univ-st-etienne.fr.https;BP-Linux8;40680;.;1448
15:34:29.654142;mauves.univ-st-etienne.fr.https;BP-Linux8;40680;.;1448
15:34:29.654149;mauves.univ-st-etienne.fr.https;BP-Linux8;40680;.;1448
15:34:29.654151;mauves.univ-st-etienne.fr.https;BP-Linux8;40680;.;1448
15:34:29.654152;mauves.univ-st-etienne.fr.https;BP-Linux8;40680;.;1448
15:34:29.654153;mauves.univ-st-etienne.fr.https;BP-Linux8;40680;.;1448
15:34:29.654154;mauves.univ-st-etienne.fr.https;BP-Linux8;40680;.;1448
15:34:29.654161;mauves.univ-st-etienne.fr.https;BP-Linux8;40680;.;1448
15:34:29.654163;mauves.univ-st-etienne.fr.https;BP-Linux8;40680;.;1448
15:34:29.654170;mauves.univ-st-etienne.fr.https;BP-Linux8;40680;.;1448
15:34:29.654172;mauves.univ-st-etienne.fr.https;BP-Linux8;40680;.;1448
15:34:29.654173;mauves.univ-st-etienne.fr.https;BP-Linux8;40680;.;1448
15:34:29.654180;mauves.univ-st-etienne.fr.https;BP-Linux8;40680;.;1448
15:34:29.654295;mauves.univ-st-etienne.fr.https;BP-Linux8;40680;.;1448
15:34:29.654307;mauves.univ-st-etienne.fr.https;BP-Linux8;40680;.;1448
15:34:29.654309;mauves.univ-st-etienne.fr.https;BP-Linux8;40680;.;1448
15:34:29.654316;mauves.univ-st-etienne.fr.https;BP-Linux8;40680;.;1448
15:34:29.654318;mauves.univ-st-etienne.fr.https;BP-Linux8;40680;.;1448
15:34:29.654320;mauves.univ-st-etienne.fr.https;BP-Linux8;40680;.;1448
15:34:29.654321;mauves.univ-st-etienne.fr.https;BP-Linux8;40680;.;1448
15:34:29.654322;mauves.univ-st-etienne.fr.https;BP-Linux8;40680;.;1448
15:34:29.654324;mauves.univ-st-etienne.fr.https;BP-Linux8;40680;.;1448
15:34:29.654325;mauves.univ-st-etienne.fr.https;BP-Linux8;40680;.;1448
15:34:29.654327;mauves.univ-st-etienne.fr.https;BP-Linux8;40684;.;1448
15:34:29.654329;mauves.univ-st-etienne.fr.https;BP-Linux8;40680;.;1448
15:34:29.654336;mauves.univ-st-etienne.fr.https;BP-Linux8;40680;.;1448
15:34:29.654337;mauves.univ-st-etienne.fr.https;BP-Linux8;40684;.;1448
15:34:29.654340;BP-Linux8;mauves.univ-st-etienne.fr.https;40684;.;0
15:34:29.654464;mauves.univ-st-etienne.fr.https;BP-Linux8;40680;.;1448
15:34:29.654466;mauves.univ-st-etienne.fr.https;BP-Linux8;40680;.;1448
15:34:29.654467;mauves.univ-st-etienne.fr.https;BP-Linux8;40680;.;1448
15:34:29.654474;mauves.univ-st-etienne.fr.https;BP-Linux8;40680;.;1448
15:34:29.654475;mauves.univ-st-etienne.fr.https;BP-Linux8;40684;.;1448
15:34:29.654482;mauves.univ-st-etienne.fr.https;BP-Linux8;40683;.;1448
15:34:29.654485;BP-Linux8;mauves.univ-st-etienne.fr.https;40683;.;0
15:34:29.654490;mauves.univ-st-etienne.fr.https;BP-Linux8;40684;.;1448
15:34:29.654492;BP-Linux8;mauves.univ-st-etienne.fr.https;40684;.;0
15:34:29.654502;mauves.univ-st-etienne.fr.https;BP-Linux8;40684;.;1448
15:34:29.654503;mauves.univ-st-etienne.fr.https;BP-Linux8;40684;.;1448
15:34:29.654511;mauves.univ-st-etienne.fr.https;BP-Linux8;40684;.;1448
15:34:29.654513;mauves.univ-st-etienne.fr.https;BP-Linux8;40684;.;1448
15:34:29.654523;mauves.univ-st-etienne.fr.https;BP-Linux8;40684;.;1448
15:34:29.654526;mauves.univ-st-etienne.fr.https;BP-Linux8;40684;.;1448
15:34:29.654527;mauves.univ-st-etienne.fr.https;BP-Linux8;40684;.;1448
15:34:29.654535;mauves.univ-st-etienne.fr.https;BP-Linux8;40683;.;1448
15:34:29.654537;BP-Linux8;mauves.univ-st-etienne.fr.https;40683;.;0
15:34:29.654542;mauves.univ-st-etienne.fr.https;BP-Linux8;40683;.;1448
15:34:29.654543;BP-Linux8;mauves.univ-st-etienne.fr.https;40683;.;0
15:34:29.654553;mauves.univ-st-etienne.fr.https;BP-Linux8;40683;.;1448
15:34:29.654555;BP-Linux8;mauves.univ-st-etienne.fr.https;40683;.;0
15:34:29.654559;mauves.univ-st-etienne.fr.https;BP-Linux8;40683;.;1448
15:34:29.654560;BP-Linux8;mauves.univ-st-etienne.fr.https;40683;.;0
15:34:29.654570;mauves.univ-st-etienne.fr.https;BP-Linux8;40683;.;1448
15:34:29.654572;BP-Linux8;mauves.univ-st-etienne.fr.https;40683;.;0
15:34:29.654681;mauves.univ-st-etienne.fr.https;BP-Linux8;40684;.;1448
15:34:29.654683;mauves.univ-st-etienne.fr.https;BP-Linux8;40684;.;1448
15:34:29.654696;mauves.univ-st-etienne.fr.https;BP-Linux8;40684;.;1448
15:34:29.654699;mauves.univ-st-etienne.fr.https;BP-Linux8;40684;.;1448
15:34:29.654714;mauves.univ-st-etienne.fr.https;BP-Linux8;40684;.;1448
15:34:29.654717;mauves.univ-st-etienne.fr.https;BP-Linux8;40684;.;1448
15:34:29.654723;mauves.univ-st-etienne.fr.https;BP-Linux8;40684;.;1448
15:34:29.654724;mauves.univ-st-etienne.fr.https;BP-Linux8;40684;.;1448
15:34:29.654865;mauves.univ-st-etienne.fr.https;BP-Linux8;40684;.;1448
15:34:29.654868;mauves.univ-st-etienne.fr.https;BP-Linux8;40684;.;1448
15:34:29.654872;mauves.univ-st-etienne.fr.https;BP-Linux8;40683;.;1448
15:34:29.654876;BP-Linux8;mauves.univ-st-etienne.fr.https;40683;.;0
15:34:29.654881;mauves.univ-st-etienne.fr.https;BP-Linux8;40684;.;1448
15:34:29.654882;mauves.univ-st-etienne.fr.https;BP-Linux8;40683;P.;200
15:34:29.654884;BP-Linux8;mauves.univ-st-etienne.fr.https;40683;.;0
15:34:29.654899;mauves.univ-st-etienne.fr.https;BP-Linux8;40684;.;1448
15:34:29.654900;mauves.univ-st-etienne.fr.https;BP-Linux8;40684;.;1448
15:34:29.654902;mauves.univ-st-etienne.fr.https;BP-Linux8;40684;.;1448
15:34:29.654903;mauves.univ-st-etienne.fr.https;BP-Linux8;40684;.;1448
15:34:29.654905;mauves.univ-st-etienne.fr.https;BP-Linux8;40684;.;1448
15:34:29.654906;mauves.univ-st-etienne.fr.https;BP-Linux8;40684;.;1448
15:34:29.654907;mauves.univ-st-etienne.fr.https;BP-Linux8;40684;.;1448
15:34:29.654911;mauves.univ-st-etienne.fr.https;BP-Linux8;40684;.;1448
15:34:29.654912;mauves.univ-st-etienne.fr.https;BP-Linux8;40684;.;1448
15:34:29.654918;mauves.univ-st-etienne.fr.https;BP-Linux8;40684;.;1448
15:34:29.654962;mauves.univ-st-etienne.fr.https;BP-Linux8;40684;.;1448
15:34:29.654968;mauves.univ-st-etienne.fr.https;BP-Linux8;40684;.;1448
15:34:29.654970;mauves.univ-st-etienne.fr.https;BP-Linux8;40684;.;1448
15:34:29.654974;mauves.univ-st-etienne.fr.https;BP-Linux8;40684;.;1448
15:34:29.654975;mauves.univ-st-etienne.fr.https;BP-Linux8;40684;.;1448
15:34:29.654979;mauves.univ-st-etienne.fr.https;BP-Linux8;40684;.;1448
15:34:29.654980;mauves.univ-st-etienne.fr.https;BP-Linux8;40684;.;1448
15:34:29.654982;mauves.univ-st-etienne.fr.https;BP-Linux8;40684;.;1448
15:34:29.656270;mauves.univ-st-etienne.fr.https;BP-Linux8;40679;.;1448
15:34:29.656527;mauves.univ-st-etienne.fr.https;BP-Linux8;40679;.;1448
15:34:29.656534;BP-Linux8;mauves.univ-st-etienne.fr.https;40679;.;0
15:34:29.656545;mauves.univ-st-etienne.fr.https;BP-Linux8;40679;.;1448
15:34:29.656547;mauves.univ-st-etienne.fr.https;BP-Linux8;40679;.;1448
15:34:29.656548;BP-Linux8;mauves.univ-st-etienne.fr.https;40679;.;0
15:34:29.656553;mauves.univ-st-etienne.fr.https;BP-Linux8;40679;.;1448
15:34:29.656554;mauves.univ-st-etienne.fr.https;BP-Linux8;40679;.;1448
15:34:29.656555;BP-Linux8;mauves.univ-st-etienne.fr.https;40679;.;0
15:34:29.656560;mauves.univ-st-etienne.fr.https;BP-Linux8;40679;.;1448
15:34:29.656564;mauves.univ-st-etienne.fr.https;BP-Linux8;40679;.;1448
15:34:29.656565;BP-Linux8;mauves.univ-st-etienne.fr.https;40679;.;0
15:34:29.656569;mauves.univ-st-etienne.fr.https;BP-Linux8;40679;.;1448
15:34:29.656571;mauves.univ-st-etienne.fr.https;BP-Linux8;40679;.;1448
15:34:29.656572;BP-Linux8;mauves.univ-st-etienne.fr.https;40679;.;0
15:34:29.656576;mauves.univ-st-etienne.fr.https;BP-Linux8;40679;.;1448
15:34:29.656577;mauves.univ-st-etienne.fr.https;BP-Linux8;40679;P.;485
15:34:29.656579;BP-Linux8;mauves.univ-st-etienne.fr.https;40679;.;0
15:34:29.656583;mauves.univ-st-etienne.fr.https;BP-Linux8;40679;P.;103
15:34:29.656664;mauves.univ-st-etienne.fr.https;BP-Linux8;40678;.;1448
15:34:29.656987;mauves.univ-st-etienne.fr.https;BP-Linux8;40678;.;1448
15:34:29.656992;BP-Linux8;mauves.univ-st-etienne.fr.https;40678;.;0
15:34:29.656999;mauves.univ-st-etienne.fr.https;BP-Linux8;40678;.;1448
15:34:29.657000;mauves.univ-st-etienne.fr.https;BP-Linux8;40678;.;1448
15:34:29.657001;mauves.univ-st-etienne.fr.https;BP-Linux8;40678;.;1448
15:34:29.657003;mauves.univ-st-etienne.fr.https;BP-Linux8;40678;.;1448
15:34:29.657004;mauves.univ-st-etienne.fr.https;BP-Linux8;40678;.;1448
15:34:29.657005;mauves.univ-st-etienne.fr.https;BP-Linux8;40678;.;1448
15:34:29.657006;mauves.univ-st-etienne.fr.https;BP-Linux8;40678;.;1448
15:34:29.657007;mauves.univ-st-etienne.fr.https;BP-Linux8;40678;.;1448
15:34:29.657009;mauves.univ-st-etienne.fr.https;BP-Linux8;40678;.;1448
15:34:29.657010;mauves.univ-st-etienne.fr.https;BP-Linux8;40678;.;1448
15:34:29.657011;mauves.univ-st-etienne.fr.https;BP-Linux8;40678;.;1448
15:34:29.657012;mauves.univ-st-etienne.fr.https;BP-Linux8;40678;.;1448
15:34:29.657019;mauves.univ-st-etienne.fr.https;BP-Linux8;40678;.;1448
15:34:29.657020;mauves.univ-st-etienne.fr.https;BP-Linux8;40678;.;1448
15:34:29.657108;mauves.univ-st-etienne.fr.https;BP-Linux8;40678;.;1448
15:34:29.657111;mauves.univ-st-etienne.fr.https;BP-Linux8;40678;.;1448
15:34:29.657112;mauves.univ-st-etienne.fr.https;BP-Linux8;40678;.;1448
15:34:29.657114;mauves.univ-st-etienne.fr.https;BP-Linux8;40678;.;1448
15:34:29.657118;mauves.univ-st-etienne.fr.https;BP-Linux8;40678;.;1448
15:34:29.657119;mauves.univ-st-etienne.fr.https;BP-Linux8;40678;.;1448
15:34:29.657120;mauves.univ-st-etienne.fr.https;BP-Linux8;40678;.;1448
15:34:29.657121;mauves.univ-st-etienne.fr.https;BP-Linux8;40678;.;1448
15:34:29.657123;mauves.univ-st-etienne.fr.https;BP-Linux8;40678;.;1448
15:34:29.657127;mauves.univ-st-etienne.fr.https;BP-Linux8;40678;.;1448
15:34:29.657295;mauves.univ-st-etienne.fr.https;BP-Linux8;40678;.;1448
15:34:29.657297;mauves.univ-st-etienne.fr.https;BP-Linux8;40678;.;1448
15:34:29.657299;mauves.univ-st-etienne.fr.https;BP-Linux8;40678;.;1448
15:34:29.657300;mauves.univ-st-etienne.fr.https;BP-Linux8;40678;.;1448
15:34:29.657305;mauves.univ-st-etienne.fr.https;BP-Linux8;40678;.;1448
15:34:29.657306;mauves.univ-st-etienne.fr.https;BP-Linux8;40678;.;1448
15:34:29.657311;mauves.univ-st-etienne.fr.https;BP-Linux8;40678;.;1448
15:34:29.657313;mauves.univ-st-etienne.fr.https;BP-Linux8;40678;.;1448
15:34:29.657317;mauves.univ-st-etienne.fr.https;BP-Linux8;40678;.;1448
15:34:29.657318;mauves.univ-st-etienne.fr.https;BP-Linux8;40678;.;1448
15:34:29.657322;mauves.univ-st-etienne.fr.https;BP-Linux8;40678;.;1448
15:34:29.657323;mauves.univ-st-etienne.fr.https;BP-Linux8;40678;.;1448
15:34:29.657338;mauves.univ-st-etienne.fr.https;BP-Linux8;40678;.;1448
15:34:29.657339;mauves.univ-st-etienne.fr.https;BP-Linux8;40678;.;1448
15:34:29.657340;mauves.univ-st-etienne.fr.https;BP-Linux8;40678;.;1448
15:34:29.657488;mauves.univ-st-etienne.fr.https;BP-Linux8;40678;.;1448
15:34:29.657491;mauves.univ-st-etienne.fr.https;BP-Linux8;40678;.;1448
15:34:29.657495;mauves.univ-st-etienne.fr.https;BP-Linux8;40678;.;1448
15:34:29.657496;mauves.univ-st-etienne.fr.https;BP-Linux8;40678;.;1448
15:34:29.657501;mauves.univ-st-etienne.fr.https;BP-Linux8;40678;.;1448
15:34:29.657502;mauves.univ-st-etienne.fr.https;BP-Linux8;40678;.;1448
15:34:29.657503;mauves.univ-st-etienne.fr.https;BP-Linux8;40678;.;1448
15:34:29.657507;mauves.univ-st-etienne.fr.https;BP-Linux8;40678;.;1448
15:34:29.657508;mauves.univ-st-etienne.fr.https;BP-Linux8;40678;.;1448
15:34:29.657514;mauves.univ-st-etienne.fr.https;BP-Linux8;40678;.;1448
15:34:29.657516;mauves.univ-st-etienne.fr.https;BP-Linux8;40678;.;1448
15:34:29.657520;mauves.univ-st-etienne.fr.https;BP-Linux8;40678;.;1448
15:34:29.657524;BP-Linux8;mauves.univ-st-etienne.fr.https;40678;.;0
15:34:29.657529;mauves.univ-st-etienne.fr.https;BP-Linux8;40678;.;1448
15:34:29.657532;BP-Linux8;mauves.univ-st-etienne.fr.https;40678;.;0
15:34:29.657539;mauves.univ-st-etienne.fr.https;BP-Linux8;40678;.;1448
15:34:29.657541;BP-Linux8;mauves.univ-st-etienne.fr.https;40678;.;0
15:34:29.660702;mauves.univ-st-etienne.fr.https;BP-Linux8;40678;.;1448
15:34:29.660708;BP-Linux8;mauves.univ-st-etienne.fr.https;40678;.;0
15:34:29.660815;mauves.univ-st-etienne.fr.https;BP-Linux8;40678;.;1448
15:34:29.660819;BP-Linux8;mauves.univ-st-etienne.fr.https;40678;.;0
15:34:29.660844;mauves.univ-st-etienne.fr.https;BP-Linux8;40678;.;1448
15:34:29.660848;BP-Linux8;mauves.univ-st-etienne.fr.https;40678;.;0
15:34:29.660852;mauves.univ-st-etienne.fr.https;BP-Linux8;40678;.;1448
15:34:29.660854;BP-Linux8;mauves.univ-st-etienne.fr.https;40678;.;0
15:34:29.661253;mauves.univ-st-etienne.fr.https;BP-Linux8;40678;.;1448
15:34:29.661258;BP-Linux8;mauves.univ-st-etienne.fr.https;40678;.;0
15:34:29.661355;mauves.univ-st-etienne.fr.https;BP-Linux8;40678;.;1448
15:34:29.661359;BP-Linux8;mauves.univ-st-etienne.fr.https;40678;.;0
15:34:29.661479;mauves.univ-st-etienne.fr.https;BP-Linux8;40678;.;1448
15:34:29.661483;BP-Linux8;mauves.univ-st-etienne.fr.https;40678;.;0
15:34:29.661488;mauves.univ-st-etienne.fr.https;BP-Linux8;40678;.;1448
15:34:29.661489;BP-Linux8;mauves.univ-st-etienne.fr.https;40678;.;0
15:34:29.661496;mauves.univ-st-etienne.fr.https;BP-Linux8;40678;.;1448
15:34:29.661498;BP-Linux8;mauves.univ-st-etienne.fr.https;40678;.;0
15:34:29.661502;mauves.univ-st-etienne.fr.https;BP-Linux8;40678;.;1448
15:34:29.661504;BP-Linux8;mauves.univ-st-etienne.fr.https;40678;.;0
15:34:29.661505;mauves.univ-st-etienne.fr.https;BP-Linux8;40678;.;1448
15:34:29.661507;BP-Linux8;mauves.univ-st-etienne.fr.https;40678;.;0
15:34:29.661511;mauves.univ-st-etienne.fr.https;BP-Linux8;40678;.;1448
15:34:29.661512;BP-Linux8;mauves.univ-st-etienne.fr.https;40678;.;0
15:34:29.661517;mauves.univ-st-etienne.fr.https;BP-Linux8;40678;.;1448
15:34:29.661518;BP-Linux8;mauves.univ-st-etienne.fr.https;40678;.;0
15:34:29.661523;mauves.univ-st-etienne.fr.https;BP-Linux8;40678;.;1448
15:34:29.661525;BP-Linux8;mauves.univ-st-etienne.fr.https;40678;.;0
15:34:29.661644;mauves.univ-st-etienne.fr.https;BP-Linux8;40678;.;1448
15:34:29.661648;BP-Linux8;mauves.univ-st-etienne.fr.https;40678;.;0
15:34:29.661659;mauves.univ-st-etienne.fr.https;BP-Linux8;40678;.;1448
15:34:29.661660;BP-Linux8;mauves.univ-st-etienne.fr.https;40678;.;0
15:34:29.661665;mauves.univ-st-etienne.fr.https;BP-Linux8;40678;.;1448
15:34:29.661667;BP-Linux8;mauves.univ-st-etienne.fr.https;40678;.;0
15:34:29.661671;mauves.univ-st-etienne.fr.https;BP-Linux8;40678;.;1448
15:34:29.661672;BP-Linux8;mauves.univ-st-etienne.fr.https;40678;.;0
15:34:29.661676;mauves.univ-st-etienne.fr.https;BP-Linux8;40678;.;1448
15:34:29.661678;BP-Linux8;mauves.univ-st-etienne.fr.https;40678;.;0
15:34:29.661682;mauves.univ-st-etienne.fr.https;BP-Linux8;40678;.;1448
15:34:29.661683;BP-Linux8;mauves.univ-st-etienne.fr.https;40678;.;0
15:34:29.661687;mauves.univ-st-etienne.fr.https;BP-Linux8;40678;.;1448
15:34:29.661689;BP-Linux8;mauves.univ-st-etienne.fr.https;40678;.;0
15:34:29.661693;mauves.univ-st-etienne.fr.https;BP-Linux8;40678;.;1448
15:34:29.661695;BP-Linux8;mauves.univ-st-etienne.fr.https;40678;.;0
15:34:29.661702;mauves.univ-st-etienne.fr.https;BP-Linux8;40678;.;1448
15:34:29.661704;BP-Linux8;mauves.univ-st-etienne.fr.https;40678;.;0
15:34:29.661708;mauves.univ-st-etienne.fr.https;BP-Linux8;40678;.;1448
15:34:29.661716;BP-Linux8;mauves.univ-st-etienne.fr.https;40678;.;0
15:34:29.661740;mauves.univ-st-etienne.fr.https;BP-Linux8;40678;.;1448
15:34:29.661744;BP-Linux8;mauves.univ-st-etienne.fr.https;40678;.;0
15:34:29.661749;mauves.univ-st-etienne.fr.https;BP-Linux8;40678;.;1448
15:34:29.661751;BP-Linux8;mauves.univ-st-etienne.fr.https;40678;.;0
15:34:29.661758;mauves.univ-st-etienne.fr.https;BP-Linux8;40678;.;1448
15:34:29.661760;BP-Linux8;mauves.univ-st-etienne.fr.https;40678;.;0
15:34:29.661764;mauves.univ-st-etienne.fr.https;BP-Linux8;40678;.;1448
15:34:29.661766;BP-Linux8;mauves.univ-st-etienne.fr.https;40678;.;0
15:34:29.661767;mauves.univ-st-etienne.fr.https;BP-Linux8;40678;.;1448
15:34:29.661768;BP-Linux8;mauves.univ-st-etienne.fr.https;40678;.;0
15:34:29.661772;mauves.univ-st-etienne.fr.https;BP-Linux8;40678;.;1448
15:34:29.661774;BP-Linux8;mauves.univ-st-etienne.fr.https;40678;.;0
15:34:29.661778;mauves.univ-st-etienne.fr.https;BP-Linux8;40678;.;1448
15:34:29.661780;BP-Linux8;mauves.univ-st-etienne.fr.https;40678;.;0
15:34:29.661782;mauves.univ-st-etienne.fr.https;BP-Linux8;40678;.;1448
15:34:29.661783;BP-Linux8;mauves.univ-st-etienne.fr.https;40678;.;0
15:34:29.661784;mauves.univ-st-etienne.fr.https;BP-Linux8;40678;.;1448
15:34:29.661786;BP-Linux8;mauves.univ-st-etienne.fr.https;40678;.;0
15:34:29.661797;mauves.univ-st-etienne.fr.https;BP-Linux8;40678;.;1448
15:34:29.661799;BP-Linux8;mauves.univ-st-etienne.fr.https;40678;.;0
15:34:29.661800;mauves.univ-st-etienne.fr.https;BP-Linux8;40678;.;1448
15:34:29.661802;BP-Linux8;mauves.univ-st-etienne.fr.https;40678;.;0
15:34:29.664454;mauves.univ-st-etienne.fr.https;BP-Linux8;40678;.;1448
15:34:29.664461;BP-Linux8;mauves.univ-st-etienne.fr.https;40678;.;0
15:34:29.664559;mauves.univ-st-etienne.fr.https;BP-Linux8;40678;.;1448
15:34:29.664563;BP-Linux8;mauves.univ-st-etienne.fr.https;40678;.;0
15:34:29.664703;mauves.univ-st-etienne.fr.https;BP-Linux8;40678;.;1448
15:34:29.664707;BP-Linux8;mauves.univ-st-etienne.fr.https;40678;.;0
15:34:29.664833;mauves.univ-st-etienne.fr.https;BP-Linux8;40678;.;1448
15:34:29.664839;BP-Linux8;mauves.univ-st-etienne.fr.https;40678;.;0
15:34:29.665051;mauves.univ-st-etienne.fr.https;BP-Linux8;40678;.;1448
15:34:29.665056;BP-Linux8;mauves.univ-st-etienne.fr.https;40678;.;0
15:34:29.665062;mauves.univ-st-etienne.fr.https;BP-Linux8;40678;.;1448
15:34:29.665064;BP-Linux8;mauves.univ-st-etienne.fr.https;40678;.;0
15:34:29.665162;mauves.univ-st-etienne.fr.https;BP-Linux8;40678;.;1448
15:34:29.665166;BP-Linux8;mauves.univ-st-etienne.fr.https;40678;.;0
15:34:29.665172;mauves.univ-st-etienne.fr.https;BP-Linux8;40678;.;1448
15:34:29.665174;BP-Linux8;mauves.univ-st-etienne.fr.https;40678;.;0
15:34:29.665282;mauves.univ-st-etienne.fr.https;BP-Linux8;40678;.;1448
15:34:29.665286;BP-Linux8;mauves.univ-st-etienne.fr.https;40678;.;0
15:34:29.665292;mauves.univ-st-etienne.fr.https;BP-Linux8;40678;.;1448
15:34:29.665293;BP-Linux8;mauves.univ-st-etienne.fr.https;40678;.;0
15:34:29.665297;mauves.univ-st-etienne.fr.https;BP-Linux8;40678;.;1448
15:34:29.665299;BP-Linux8;mauves.univ-st-etienne.fr.https;40678;.;0
15:34:29.665303;mauves.univ-st-etienne.fr.https;BP-Linux8;40678;.;1448
15:34:29.665305;BP-Linux8;mauves.univ-st-etienne.fr.https;40678;.;0
15:34:29.665309;mauves.univ-st-etienne.fr.https;BP-Linux8;40678;.;1448
15:34:29.665310;BP-Linux8;mauves.univ-st-etienne.fr.https;40678;.;0
15:34:29.665314;mauves.univ-st-etienne.fr.https;BP-Linux8;40678;.;1448
15:34:29.665316;BP-Linux8;mauves.univ-st-etienne.fr.https;40678;.;0
15:34:29.665320;mauves.univ-st-etienne.fr.https;BP-Linux8;40678;.;1448
15:34:29.665322;BP-Linux8;mauves.univ-st-etienne.fr.https;40678;.;0
15:34:29.665325;mauves.univ-st-etienne.fr.https;BP-Linux8;40678;.;1448
15:34:29.665328;BP-Linux8;mauves.univ-st-etienne.fr.https;40678;.;0
15:34:29.665332;mauves.univ-st-etienne.fr.https;BP-Linux8;40678;.;1448
15:34:29.665333;BP-Linux8;mauves.univ-st-etienne.fr.https;40678;.;0
15:34:29.665463;mauves.univ-st-etienne.fr.https;BP-Linux8;40678;.;1448
15:34:29.665467;BP-Linux8;mauves.univ-st-etienne.fr.https;40678;.;0
15:34:29.665473;mauves.univ-st-etienne.fr.https;BP-Linux8;40678;.;1448
15:34:29.665475;BP-Linux8;mauves.univ-st-etienne.fr.https;40678;.;0
15:34:29.665479;mauves.univ-st-etienne.fr.https;BP-Linux8;40678;.;1448
15:34:29.665481;BP-Linux8;mauves.univ-st-etienne.fr.https;40678;.;0
15:34:29.665485;mauves.univ-st-etienne.fr.https;BP-Linux8;40678;.;1448
15:34:29.665486;BP-Linux8;mauves.univ-st-etienne.fr.https;40678;.;0
15:34:29.665490;mauves.univ-st-etienne.fr.https;BP-Linux8;40678;.;1448
15:34:29.665492;BP-Linux8;mauves.univ-st-etienne.fr.https;40678;.;0
15:34:29.665496;mauves.univ-st-etienne.fr.https;BP-Linux8;40678;.;1448
15:34:29.665498;mauves.univ-st-etienne.fr.https;BP-Linux8;40678;.;1448
15:34:29.665499;mauves.univ-st-etienne.fr.https;BP-Linux8;40678;.;1448
15:34:29.665501;mauves.univ-st-etienne.fr.https;BP-Linux8;40678;.;1448
15:34:29.665502;mauves.univ-st-etienne.fr.https;BP-Linux8;40678;.;1448
15:34:29.665503;mauves.univ-st-etienne.fr.https;BP-Linux8;40678;.;1448
15:34:29.665505;mauves.univ-st-etienne.fr.https;BP-Linux8;40678;.;1448
15:34:29.665506;mauves.univ-st-etienne.fr.https;BP-Linux8;40678;.;1448
15:34:29.665566;mauves.univ-st-etienne.fr.https;BP-Linux8;40678;.;1448
15:34:29.665567;mauves.univ-st-etienne.fr.https;BP-Linux8;40678;.;1448
15:34:29.665570;mauves.univ-st-etienne.fr.https;BP-Linux8;40678;.;1448
15:34:29.665571;mauves.univ-st-etienne.fr.https;BP-Linux8;40678;.;1448
15:34:29.665572;mauves.univ-st-etienne.fr.https;BP-Linux8;40678;.;1448
15:34:29.665574;mauves.univ-st-etienne.fr.https;BP-Linux8;40678;.;1448
15:34:29.665575;mauves.univ-st-etienne.fr.https;BP-Linux8;40678;.;1448
15:34:29.665576;mauves.univ-st-etienne.fr.https;BP-Linux8;40678;.;1448
15:34:29.665578;mauves.univ-st-etienne.fr.https;BP-Linux8;40678;.;1448
15:34:29.669115;BP-Linux8;mauves.univ-st-etienne.fr.https;40678;.;0
15:34:29.669185;mauves.univ-st-etienne.fr.https;BP-Linux8;40678;.;1448
15:34:29.669189;mauves.univ-st-etienne.fr.https;BP-Linux8;40678;.;32
15:34:29.670213;mauves.univ-st-etienne.fr.https;BP-Linux8;40682;.;1448
15:34:29.673006;mauves.univ-st-etienne.fr.https;BP-Linux8;40678;.;1448
15:34:29.673309;mauves.univ-st-etienne.fr.https;BP-Linux8;40678;.;1448
15:34:29.673313;mauves.univ-st-etienne.fr.https;BP-Linux8;40678;.;1448
15:34:29.673315;mauves.univ-st-etienne.fr.https;BP-Linux8;40678;.;1448
15:34:29.673316;mauves.univ-st-etienne.fr.https;BP-Linux8;40678;.;1416
15:34:29.673317;mauves.univ-st-etienne.fr.https;BP-Linux8;40678;.;1448
15:34:29.673319;mauves.univ-st-etienne.fr.https;BP-Linux8;40678;.;1448
15:34:29.673321;mauves.univ-st-etienne.fr.https;BP-Linux8;40678;.;1448
15:34:29.673323;mauves.univ-st-etienne.fr.https;BP-Linux8;40678;.;1448
15:34:29.673324;mauves.univ-st-etienne.fr.https;BP-Linux8;40678;.;1448
15:34:29.673325;mauves.univ-st-etienne.fr.https;BP-Linux8;40678;.;1448
15:34:29.673327;mauves.univ-st-etienne.fr.https;BP-Linux8;40678;.;1448
15:34:29.673328;mauves.univ-st-etienne.fr.https;BP-Linux8;40678;.;1448
15:34:29.673330;mauves.univ-st-etienne.fr.https;BP-Linux8;40678;.;1448
15:34:29.673331;mauves.univ-st-etienne.fr.https;BP-Linux8;40678;.;1448
15:34:29.673332;mauves.univ-st-etienne.fr.https;BP-Linux8;40678;.;1448
15:34:29.673495;mauves.univ-st-etienne.fr.https;BP-Linux8;40678;.;1448
15:34:29.673497;mauves.univ-st-etienne.fr.https;BP-Linux8;40678;.;1448
15:34:29.673498;mauves.univ-st-etienne.fr.https;BP-Linux8;40678;.;1448
15:34:29.673499;mauves.univ-st-etienne.fr.https;BP-Linux8;40678;.;1448
15:34:29.673501;mauves.univ-st-etienne.fr.https;BP-Linux8;40678;.;1448
15:34:29.673502;mauves.univ-st-etienne.fr.https;BP-Linux8;40678;.;1448
15:34:29.673504;mauves.univ-st-etienne.fr.https;BP-Linux8;40678;.;1448
15:34:29.673505;mauves.univ-st-etienne.fr.https;BP-Linux8;40678;.;1448
15:34:29.673506;mauves.univ-st-etienne.fr.https;BP-Linux8;40678;.;1448
15:34:29.673507;mauves.univ-st-etienne.fr.https;BP-Linux8;40678;.;1448
15:34:29.673509;mauves.univ-st-etienne.fr.https;BP-Linux8;40678;.;1448
15:34:29.673510;mauves.univ-st-etienne.fr.https;BP-Linux8;40678;.;1448
15:34:29.673512;mauves.univ-st-etienne.fr.https;BP-Linux8;40678;.;1448
15:34:29.673513;mauves.univ-st-etienne.fr.https;BP-Linux8;40678;.;1448
15:34:29.673514;mauves.univ-st-etienne.fr.https;BP-Linux8;40678;.;1448
15:34:29.673580;BP-Linux8;mauves.univ-st-etienne.fr.https;40678;.;0
15:34:29.673677;mauves.univ-st-etienne.fr.https;BP-Linux8;40678;.;1448
15:34:29.673681;mauves.univ-st-etienne.fr.https;BP-Linux8;40678;.;1448
15:34:29.673683;BP-Linux8;mauves.univ-st-etienne.fr.https;40678;.;0
15:34:29.673689;mauves.univ-st-etienne.fr.https;BP-Linux8;40678;.;1448
15:34:29.673690;mauves.univ-st-etienne.fr.https;BP-Linux8;40678;.;1448
15:34:29.673692;mauves.univ-st-etienne.fr.https;BP-Linux8;40678;.;1448
15:34:29.673693;mauves.univ-st-etienne.fr.https;BP-Linux8;40678;.;1448
15:34:29.673695;mauves.univ-st-etienne.fr.https;BP-Linux8;40678;.;1448
15:34:29.673696;mauves.univ-st-etienne.fr.https;BP-Linux8;40678;.;1448
15:34:29.673697;mauves.univ-st-etienne.fr.https;BP-Linux8;40678;.;1448
15:34:29.673698;mauves.univ-st-etienne.fr.https;BP-Linux8;40678;.;1448
15:34:29.673699;mauves.univ-st-etienne.fr.https;BP-Linux8;40678;.;1448
15:34:29.673700;mauves.univ-st-etienne.fr.https;BP-Linux8;40678;.;1448
15:34:29.673702;mauves.univ-st-etienne.fr.https;BP-Linux8;40678;.;1448
15:34:29.673703;mauves.univ-st-etienne.fr.https;BP-Linux8;40678;.;1448
15:34:29.673705;mauves.univ-st-etienne.fr.https;BP-Linux8;40678;.;1448
15:34:29.673721;mauves.univ-st-etienne.fr.https;BP-Linux8;40678;.;1448
15:34:29.673722;mauves.univ-st-etienne.fr.https;BP-Linux8;40678;.;1448
15:34:29.673724;mauves.univ-st-etienne.fr.https;BP-Linux8;40678;.;1448
15:34:29.673725;mauves.univ-st-etienne.fr.https;BP-Linux8;40678;.;1448
15:34:29.676828;BP-Linux8;mauves.univ-st-etienne.fr.https;40678;.;0
15:34:29.677411;mauves.univ-st-etienne.fr.https;BP-Linux8;40678;.;1448
15:34:29.677716;mauves.univ-st-etienne.fr.https;BP-Linux8;40678;.;1448
15:34:29.677719;mauves.univ-st-etienne.fr.https;BP-Linux8;40678;.;1448
15:34:29.677720;mauves.univ-st-etienne.fr.https;BP-Linux8;40678;.;1448
15:34:29.677721;mauves.univ-st-etienne.fr.https;BP-Linux8;40678;.;1448
15:34:29.677723;mauves.univ-st-etienne.fr.https;BP-Linux8;40678;.;1448
15:34:29.677724;mauves.univ-st-etienne.fr.https;BP-Linux8;40678;.;1448
15:34:29.677725;mauves.univ-st-etienne.fr.https;BP-Linux8;40678;.;1448
15:34:29.677726;mauves.univ-st-etienne.fr.https;BP-Linux8;40678;.;1448
15:34:29.677728;mauves.univ-st-etienne.fr.https;BP-Linux8;40678;.;1448
15:34:29.677729;mauves.univ-st-etienne.fr.https;BP-Linux8;40678;.;1448
15:34:29.677730;mauves.univ-st-etienne.fr.https;BP-Linux8;40678;.;1448
15:34:29.677732;mauves.univ-st-etienne.fr.https;BP-Linux8;40678;.;1448
15:34:29.677733;mauves.univ-st-etienne.fr.https;BP-Linux8;40678;.;1448
15:34:29.677735;mauves.univ-st-etienne.fr.https;BP-Linux8;40678;.;1448
15:34:29.677736;mauves.univ-st-etienne.fr.https;BP-Linux8;40678;.;1448
15:34:29.677786;mauves.univ-st-etienne.fr.https;BP-Linux8;40678;.;1448
15:34:29.677788;mauves.univ-st-etienne.fr.https;BP-Linux8;40678;.;1448
15:34:29.677790;mauves.univ-st-etienne.fr.https;BP-Linux8;40678;.;1448
15:34:29.677791;mauves.univ-st-etienne.fr.https;BP-Linux8;40678;.;1448
15:34:29.677792;mauves.univ-st-etienne.fr.https;BP-Linux8;40678;.;1448
15:34:29.677793;mauves.univ-st-etienne.fr.https;BP-Linux8;40678;.;1448
15:34:29.677794;mauves.univ-st-etienne.fr.https;BP-Linux8;40678;P.;51
15:34:29.677822;BP-Linux8;mauves.univ-st-etienne.fr.https;40678;.;0
15:34:29.680725;BP-Linux8;mauves.univ-st-etienne.fr.https;40682;.;0
15:34:29.684585;mauves.univ-st-etienne.fr.https;BP-Linux8;40682;.;1448
15:34:29.684893;mauves.univ-st-etienne.fr.https;BP-Linux8;40682;.;1448
15:34:29.684897;mauves.univ-st-etienne.fr.https;BP-Linux8;40682;.;1448
15:34:29.684899;mauves.univ-st-etienne.fr.https;BP-Linux8;40682;.;1448
15:34:29.684900;mauves.univ-st-etienne.fr.https;BP-Linux8;40682;.;1448
15:34:29.684901;mauves.univ-st-etienne.fr.https;BP-Linux8;40682;.;1448
15:34:29.684903;mauves.univ-st-etienne.fr.https;BP-Linux8;40682;.;1448
15:34:29.684905;mauves.univ-st-etienne.fr.https;BP-Linux8;40682;.;1448
15:34:29.684906;mauves.univ-st-etienne.fr.https;BP-Linux8;40682;.;1448
15:34:29.684907;mauves.univ-st-etienne.fr.https;BP-Linux8;40682;.;1448
15:34:29.684909;mauves.univ-st-etienne.fr.https;BP-Linux8;40682;.;1448
15:34:29.684910;mauves.univ-st-etienne.fr.https;BP-Linux8;40682;.;1448
15:34:29.684911;mauves.univ-st-etienne.fr.https;BP-Linux8;40682;.;1448
15:34:29.684913;mauves.univ-st-etienne.fr.https;BP-Linux8;40682;.;1448
15:34:29.684914;mauves.univ-st-etienne.fr.https;BP-Linux8;40682;.;1448
15:34:29.684915;mauves.univ-st-etienne.fr.https;BP-Linux8;40682;.;1448
15:34:29.685089;mauves.univ-st-etienne.fr.https;BP-Linux8;40682;.;1448
15:34:29.685093;mauves.univ-st-etienne.fr.https;BP-Linux8;40682;.;1448
15:34:29.685094;mauves.univ-st-etienne.fr.https;BP-Linux8;40682;.;1448
15:34:29.685096;mauves.univ-st-etienne.fr.https;BP-Linux8;40682;.;1448
15:34:29.685097;mauves.univ-st-etienne.fr.https;BP-Linux8;40682;.;1448
15:34:29.685098;mauves.univ-st-etienne.fr.https;BP-Linux8;40682;.;1448
15:34:29.685100;mauves.univ-st-etienne.fr.https;BP-Linux8;40682;.;1448
15:34:29.685101;mauves.univ-st-etienne.fr.https;BP-Linux8;40682;.;1448
15:34:29.685102;mauves.univ-st-etienne.fr.https;BP-Linux8;40682;.;1448
15:34:29.685118;mauves.univ-st-etienne.fr.https;BP-Linux8;40682;.;1448
15:34:29.685120;mauves.univ-st-etienne.fr.https;BP-Linux8;40682;.;1448
15:34:29.685128;mauves.univ-st-etienne.fr.https;BP-Linux8;40682;.;1448
15:34:29.685129;mauves.univ-st-etienne.fr.https;BP-Linux8;40682;.;1448
15:34:29.685136;mauves.univ-st-etienne.fr.https;BP-Linux8;40682;.;1448
15:34:29.685138;mauves.univ-st-etienne.fr.https;BP-Linux8;40682;.;1448
15:34:29.685286;mauves.univ-st-etienne.fr.https;BP-Linux8;40682;.;1448
15:34:29.685289;mauves.univ-st-etienne.fr.https;BP-Linux8;40682;.;1448
15:34:29.685291;mauves.univ-st-etienne.fr.https;BP-Linux8;40682;.;1448
15:34:29.685298;mauves.univ-st-etienne.fr.https;BP-Linux8;40682;.;1448
15:34:29.685300;mauves.univ-st-etienne.fr.https;BP-Linux8;40682;.;1448
15:34:29.685307;mauves.univ-st-etienne.fr.https;BP-Linux8;40682;.;1448
15:34:29.685308;mauves.univ-st-etienne.fr.https;BP-Linux8;40682;.;1448
15:34:29.685315;mauves.univ-st-etienne.fr.https;BP-Linux8;40682;.;1448
15:34:29.685317;mauves.univ-st-etienne.fr.https;BP-Linux8;40682;.;1448
15:34:29.685318;mauves.univ-st-etienne.fr.https;BP-Linux8;40682;.;1448
15:34:29.685319;mauves.univ-st-etienne.fr.https;BP-Linux8;40682;.;1448
15:34:29.685321;mauves.univ-st-etienne.fr.https;BP-Linux8;40682;.;1448
15:34:29.685322;mauves.univ-st-etienne.fr.https;BP-Linux8;40682;.;1448
15:34:29.685324;mauves.univ-st-etienne.fr.https;BP-Linux8;40682;.;1448
15:34:29.685325;mauves.univ-st-etienne.fr.https;BP-Linux8;40682;.;1448
15:34:29.685357;mauves.univ-st-etienne.fr.https;BP-Linux8;40682;.;1448
15:34:29.685360;mauves.univ-st-etienne.fr.https;BP-Linux8;40682;.;1448
15:34:29.685362;mauves.univ-st-etienne.fr.https;BP-Linux8;40682;.;1448
15:34:29.685363;mauves.univ-st-etienne.fr.https;BP-Linux8;40682;.;1448
15:34:29.685365;mauves.univ-st-etienne.fr.https;BP-Linux8;40682;.;1448
15:34:29.685366;mauves.univ-st-etienne.fr.https;BP-Linux8;40682;.;1448
15:34:29.685367;mauves.univ-st-etienne.fr.https;BP-Linux8;40682;.;1448
15:34:29.685370;BP-Linux8;mauves.univ-st-etienne.fr.https;40682;.;0
15:34:29.685376;mauves.univ-st-etienne.fr.https;BP-Linux8;40682;.;1448
15:34:29.685379;BP-Linux8;mauves.univ-st-etienne.fr.https;40682;.;0
15:34:29.688728;BP-Linux8;mauves.univ-st-etienne.fr.https;40680;.;0
15:34:29.689286;mauves.univ-st-etienne.fr.https;BP-Linux8;40682;.;1448
15:34:29.689292;BP-Linux8;mauves.univ-st-etienne.fr.https;40682;.;0
15:34:29.689303;mauves.univ-st-etienne.fr.https;BP-Linux8;40682;.;1448
15:34:29.689305;BP-Linux8;mauves.univ-st-etienne.fr.https;40682;.;0
15:34:29.689401;mauves.univ-st-etienne.fr.https;BP-Linux8;40682;.;1448
15:34:29.689403;BP-Linux8;mauves.univ-st-etienne.fr.https;40682;.;0
15:34:29.689407;mauves.univ-st-etienne.fr.https;BP-Linux8;40682;.;1448
15:34:29.689409;BP-Linux8;mauves.univ-st-etienne.fr.https;40682;.;0
15:34:29.689413;mauves.univ-st-etienne.fr.https;BP-Linux8;40682;.;1448
15:34:29.689415;BP-Linux8;mauves.univ-st-etienne.fr.https;40682;.;0
15:34:29.689526;mauves.univ-st-etienne.fr.https;BP-Linux8;40682;.;1448
15:34:29.689528;BP-Linux8;mauves.univ-st-etienne.fr.https;40682;.;0
15:34:29.689533;mauves.univ-st-etienne.fr.https;BP-Linux8;40682;.;1448
15:34:29.689535;BP-Linux8;mauves.univ-st-etienne.fr.https;40682;.;0
15:34:29.689539;mauves.univ-st-etienne.fr.https;BP-Linux8;40682;.;1448
15:34:29.689541;BP-Linux8;mauves.univ-st-etienne.fr.https;40682;.;0
15:34:29.689545;mauves.univ-st-etienne.fr.https;BP-Linux8;40682;.;1448
15:34:29.689546;BP-Linux8;mauves.univ-st-etienne.fr.https;40682;.;0
15:34:29.689551;mauves.univ-st-etienne.fr.https;BP-Linux8;40682;.;1448
15:34:29.689552;BP-Linux8;mauves.univ-st-etienne.fr.https;40682;.;0
15:34:29.689556;mauves.univ-st-etienne.fr.https;BP-Linux8;40682;.;1448
15:34:29.689557;BP-Linux8;mauves.univ-st-etienne.fr.https;40682;.;0
15:34:29.689561;mauves.univ-st-etienne.fr.https;BP-Linux8;40682;.;1448
15:34:29.689563;BP-Linux8;mauves.univ-st-etienne.fr.https;40682;.;0
15:34:29.689567;mauves.univ-st-etienne.fr.https;BP-Linux8;40682;.;1448
15:34:29.689568;BP-Linux8;mauves.univ-st-etienne.fr.https;40682;.;0
15:34:29.689572;mauves.univ-st-etienne.fr.https;BP-Linux8;40682;.;1448
15:34:29.689574;BP-Linux8;mauves.univ-st-etienne.fr.https;40682;.;0
15:34:29.689631;mauves.univ-st-etienne.fr.https;BP-Linux8;40682;.;1448
15:34:29.689635;BP-Linux8;mauves.univ-st-etienne.fr.https;40682;.;0
15:34:29.689642;mauves.univ-st-etienne.fr.https;BP-Linux8;40682;.;1448
15:34:29.689643;BP-Linux8;mauves.univ-st-etienne.fr.https;40682;.;0
15:34:29.689647;mauves.univ-st-etienne.fr.https;BP-Linux8;40682;.;1448
15:34:29.689649;BP-Linux8;mauves.univ-st-etienne.fr.https;40682;.;0
15:34:29.689652;mauves.univ-st-etienne.fr.https;BP-Linux8;40682;.;1448
15:34:29.689654;BP-Linux8;mauves.univ-st-etienne.fr.https;40682;.;0
15:34:29.689658;mauves.univ-st-etienne.fr.https;BP-Linux8;40682;.;1448
15:34:29.689659;BP-Linux8;mauves.univ-st-etienne.fr.https;40682;.;0
15:34:29.689663;mauves.univ-st-etienne.fr.https;BP-Linux8;40682;.;1448
15:34:29.689665;BP-Linux8;mauves.univ-st-etienne.fr.https;40682;.;0
15:34:29.689668;mauves.univ-st-etienne.fr.https;BP-Linux8;40682;.;1448
15:34:29.689670;BP-Linux8;mauves.univ-st-etienne.fr.https;40682;.;0
15:34:29.692513;mauves.univ-st-etienne.fr.https;BP-Linux8;40680;.;1448
15:34:29.692729;BP-Linux8;mauves.univ-st-etienne.fr.https;40684;.;0
15:34:29.692739;BP-Linux8;mauves.univ-st-etienne.fr.https;40679;.;0
15:34:29.692821;mauves.univ-st-etienne.fr.https;BP-Linux8;40680;.;1448
15:34:29.692824;mauves.univ-st-etienne.fr.https;BP-Linux8;40680;.;1448
15:34:29.692826;mauves.univ-st-etienne.fr.https;BP-Linux8;40680;.;1448
15:34:29.692844;mauves.univ-st-etienne.fr.https;BP-Linux8;40680;.;1448
15:34:29.692847;mauves.univ-st-etienne.fr.https;BP-Linux8;40680;.;1448
15:34:29.692859;mauves.univ-st-etienne.fr.https;BP-Linux8;40680;.;1448
15:34:29.692861;mauves.univ-st-etienne.fr.https;BP-Linux8;40680;.;1448
15:34:29.692869;mauves.univ-st-etienne.fr.https;BP-Linux8;40680;.;1448
15:34:29.692871;mauves.univ-st-etienne.fr.https;BP-Linux8;40680;.;1448
15:34:29.692879;mauves.univ-st-etienne.fr.https;BP-Linux8;40680;.;1448
15:34:29.692881;mauves.univ-st-etienne.fr.https;BP-Linux8;40680;.;1448
15:34:29.692882;mauves.univ-st-etienne.fr.https;BP-Linux8;40680;.;1448
15:34:29.692890;mauves.univ-st-etienne.fr.https;BP-Linux8;40680;.;1448
15:34:29.692891;mauves.univ-st-etienne.fr.https;BP-Linux8;40680;.;1448
15:34:29.692900;mauves.univ-st-etienne.fr.https;BP-Linux8;40680;.;1448
15:34:29.692901;mauves.univ-st-etienne.fr.https;BP-Linux8;40680;.;1448
15:34:29.692909;mauves.univ-st-etienne.fr.https;BP-Linux8;40680;.;1448
15:34:29.692910;mauves.univ-st-etienne.fr.https;BP-Linux8;40680;.;1448
15:34:29.692912;mauves.univ-st-etienne.fr.https;BP-Linux8;40680;.;1448
15:34:29.693075;mauves.univ-st-etienne.fr.https;BP-Linux8;40680;.;1448
15:34:29.693078;mauves.univ-st-etienne.fr.https;BP-Linux8;40680;.;1448
15:34:29.693080;mauves.univ-st-etienne.fr.https;BP-Linux8;40680;.;1448
15:34:29.693081;mauves.univ-st-etienne.fr.https;BP-Linux8;40680;.;1448
15:34:29.693082;mauves.univ-st-etienne.fr.https;BP-Linux8;40680;.;1448
15:34:29.693084;mauves.univ-st-etienne.fr.https;BP-Linux8;40680;.;1448
15:34:29.693085;mauves.univ-st-etienne.fr.https;BP-Linux8;40680;.;1448
15:34:29.693087;mauves.univ-st-etienne.fr.https;BP-Linux8;40680;.;1448
15:34:29.693088;mauves.univ-st-etienne.fr.https;BP-Linux8;40680;.;1448
15:34:29.693090;mauves.univ-st-etienne.fr.https;BP-Linux8;40680;.;1448
15:34:29.693091;mauves.univ-st-etienne.fr.https;BP-Linux8;40680;.;1448
15:34:29.693093;mauves.univ-st-etienne.fr.https;BP-Linux8;40680;.;1448
15:34:29.693094;mauves.univ-st-etienne.fr.https;BP-Linux8;40680;.;1448
15:34:29.693096;mauves.univ-st-etienne.fr.https;BP-Linux8;40680;.;1448
15:34:29.693097;mauves.univ-st-etienne.fr.https;BP-Linux8;40680;.;1448
15:34:29.693255;mauves.univ-st-etienne.fr.https;BP-Linux8;40680;.;1448
15:34:29.693257;mauves.univ-st-etienne.fr.https;BP-Linux8;40680;.;1448
15:34:29.693258;mauves.univ-st-etienne.fr.https;BP-Linux8;40680;.;1448
15:34:29.693260;mauves.univ-st-etienne.fr.https;BP-Linux8;40680;.;1448
15:34:29.693261;mauves.univ-st-etienne.fr.https;BP-Linux8;40680;.;1448
15:34:29.693263;mauves.univ-st-etienne.fr.https;BP-Linux8;40680;.;1448
15:34:29.693264;mauves.univ-st-etienne.fr.https;BP-Linux8;40680;.;1448
15:34:29.693270;mauves.univ-st-etienne.fr.https;BP-Linux8;40680;.;1448
15:34:29.693271;mauves.univ-st-etienne.fr.https;BP-Linux8;40680;.;1448
15:34:29.693275;mauves.univ-st-etienne.fr.https;BP-Linux8;40680;.;1448
15:34:29.693277;mauves.univ-st-etienne.fr.https;BP-Linux8;40680;.;1448
15:34:29.693281;mauves.univ-st-etienne.fr.https;BP-Linux8;40680;.;1448
15:34:29.693282;mauves.univ-st-etienne.fr.https;BP-Linux8;40680;.;1448
15:34:29.693284;mauves.univ-st-etienne.fr.https;BP-Linux8;40680;.;1448
15:34:29.693285;mauves.univ-st-etienne.fr.https;BP-Linux8;40680;.;1448
15:34:29.693425;mauves.univ-st-etienne.fr.https;BP-Linux8;40680;.;1448
15:34:29.693427;mauves.univ-st-etienne.fr.https;BP-Linux8;40680;.;1448
15:34:29.693428;mauves.univ-st-etienne.fr.https;BP-Linux8;40680;.;1448
15:34:29.693433;mauves.univ-st-etienne.fr.https;BP-Linux8;40680;.;1448
15:34:29.693435;mauves.univ-st-etienne.fr.https;BP-Linux8;40680;.;1448
15:34:29.693436;mauves.univ-st-etienne.fr.https;BP-Linux8;40680;.;1448
15:34:29.693440;mauves.univ-st-etienne.fr.https;BP-Linux8;40680;.;1448
15:34:29.693442;mauves.univ-st-etienne.fr.https;BP-Linux8;40682;.;1448
15:34:29.693445;BP-Linux8;mauves.univ-st-etienne.fr.https;40682;.;0
15:34:29.693451;mauves.univ-st-etienne.fr.https;BP-Linux8;40680;.;1448
15:34:29.693453;BP-Linux8;mauves.univ-st-etienne.fr.https;40680;.;0
15:34:29.693457;mauves.univ-st-etienne.fr.https;BP-Linux8;40680;.;1448
15:34:29.693459;BP-Linux8;mauves.univ-st-etienne.fr.https;40680;.;0
15:34:29.693463;mauves.univ-st-etienne.fr.https;BP-Linux8;40680;.;624
15:34:29.693464;BP-Linux8;mauves.univ-st-etienne.fr.https;40680;.;0
15:34:29.693468;mauves.univ-st-etienne.fr.https;BP-Linux8;40682;.;1448
15:34:29.693470;BP-Linux8;mauves.univ-st-etienne.fr.https;40682;.;0
15:34:29.693474;mauves.univ-st-etienne.fr.https;BP-Linux8;40682;.;1448
15:34:29.693476;BP-Linux8;mauves.univ-st-etienne.fr.https;40682;.;0
15:34:29.693480;mauves.univ-st-etienne.fr.https;BP-Linux8;40682;.;1448
15:34:29.693481;BP-Linux8;mauves.univ-st-etienne.fr.https;40682;.;0
15:34:29.693485;mauves.univ-st-etienne.fr.https;BP-Linux8;40682;.;1448
15:34:29.693486;BP-Linux8;mauves.univ-st-etienne.fr.https;40682;.;0
15:34:29.693540;mauves.univ-st-etienne.fr.https;BP-Linux8;40682;.;1448
15:34:29.693542;BP-Linux8;mauves.univ-st-etienne.fr.https;40682;.;0
15:34:29.693547;mauves.univ-st-etienne.fr.https;BP-Linux8;40682;.;1448
15:34:29.693549;BP-Linux8;mauves.univ-st-etienne.fr.https;40682;.;0
15:34:29.693553;mauves.univ-st-etienne.fr.https;BP-Linux8;40682;.;1448
15:34:29.693554;BP-Linux8;mauves.univ-st-etienne.fr.https;40682;.;0
15:34:29.693558;mauves.univ-st-etienne.fr.https;BP-Linux8;40682;.;1448
15:34:29.693559;BP-Linux8;mauves.univ-st-etienne.fr.https;40682;.;0
15:34:29.693563;mauves.univ-st-etienne.fr.https;BP-Linux8;40682;.;1448
15:34:29.693565;BP-Linux8;mauves.univ-st-etienne.fr.https;40682;.;0
15:34:29.693569;mauves.univ-st-etienne.fr.https;BP-Linux8;40682;.;1448
15:34:29.693570;BP-Linux8;mauves.univ-st-etienne.fr.https;40682;.;0
15:34:29.693585;mauves.univ-st-etienne.fr.https;BP-Linux8;40682;.;1448
15:34:29.693587;BP-Linux8;mauves.univ-st-etienne.fr.https;40682;.;0
15:34:29.693591;mauves.univ-st-etienne.fr.https;BP-Linux8;40682;.;1448
15:34:29.693593;BP-Linux8;mauves.univ-st-etienne.fr.https;40682;.;0
15:34:29.693596;mauves.univ-st-etienne.fr.https;BP-Linux8;40682;.;1448
15:34:29.693598;BP-Linux8;mauves.univ-st-etienne.fr.https;40682;.;0
15:34:29.693602;mauves.univ-st-etienne.fr.https;BP-Linux8;40682;.;488
15:34:29.696725;mauves.univ-st-etienne.fr.https;BP-Linux8;40684;.;1448
15:34:29.696732;BP-Linux8;mauves.univ-st-etienne.fr.https;40684;.;0
15:34:29.696747;mauves.univ-st-etienne.fr.https;BP-Linux8;40684;.;1448
15:34:29.696750;BP-Linux8;mauves.univ-st-etienne.fr.https;40684;.;0
15:34:29.696859;mauves.univ-st-etienne.fr.https;BP-Linux8;40684;.;1448
15:34:29.696863;BP-Linux8;mauves.univ-st-etienne.fr.https;40684;.;0
15:34:29.696873;mauves.univ-st-etienne.fr.https;BP-Linux8;40684;.;1448
15:34:29.696875;mauves.univ-st-etienne.fr.https;BP-Linux8;40684;.;1448
15:34:29.696880;mauves.univ-st-etienne.fr.https;BP-Linux8;40684;.;1448
15:34:29.696974;mauves.univ-st-etienne.fr.https;BP-Linux8;40684;.;1448
15:34:29.696980;mauves.univ-st-etienne.fr.https;BP-Linux8;40684;.;1448
15:34:29.696982;mauves.univ-st-etienne.fr.https;BP-Linux8;40684;.;1448
15:34:29.696984;mauves.univ-st-etienne.fr.https;BP-Linux8;40684;.;1448
15:34:29.696985;mauves.univ-st-etienne.fr.https;BP-Linux8;40684;.;1448
15:34:29.696986;mauves.univ-st-etienne.fr.https;BP-Linux8;40684;.;1448
15:34:29.696988;mauves.univ-st-etienne.fr.https;BP-Linux8;40684;.;1448
15:34:29.696989;mauves.univ-st-etienne.fr.https;BP-Linux8;40684;.;1448
15:34:29.696991;mauves.univ-st-etienne.fr.https;BP-Linux8;40684;.;1448
15:34:29.697175;mauves.univ-st-etienne.fr.https;BP-Linux8;40684;.;1448
15:34:29.697179;mauves.univ-st-etienne.fr.https;BP-Linux8;40684;.;1448
15:34:29.697180;mauves.univ-st-etienne.fr.https;BP-Linux8;40684;.;1448
15:34:29.697182;mauves.univ-st-etienne.fr.https;BP-Linux8;40684;.;1448
15:34:29.697189;mauves.univ-st-etienne.fr.https;BP-Linux8;40684;.;1448
15:34:29.697190;mauves.univ-st-etienne.fr.https;BP-Linux8;40684;.;1448
15:34:29.697195;mauves.univ-st-etienne.fr.https;BP-Linux8;40684;.;1448
15:34:29.697196;mauves.univ-st-etienne.fr.https;BP-Linux8;40684;.;1448
15:34:29.697201;mauves.univ-st-etienne.fr.https;BP-Linux8;40684;.;1448
15:34:29.697202;mauves.univ-st-etienne.fr.https;BP-Linux8;40684;.;1448
15:34:29.697207;mauves.univ-st-etienne.fr.https;BP-Linux8;40684;.;1448
15:34:29.697208;mauves.univ-st-etienne.fr.https;BP-Linux8;40684;.;1448
15:34:29.697209;mauves.univ-st-etienne.fr.https;BP-Linux8;40684;.;1448
15:34:29.697211;mauves.univ-st-etienne.fr.https;BP-Linux8;40684;.;1448
15:34:29.697212;mauves.univ-st-etienne.fr.https;BP-Linux8;40684;.;1448
15:34:29.697213;mauves.univ-st-etienne.fr.https;BP-Linux8;40684;.;1448
15:34:29.697389;mauves.univ-st-etienne.fr.https;BP-Linux8;40684;.;1448
15:34:29.697392;mauves.univ-st-etienne.fr.https;BP-Linux8;40684;.;1448
15:34:29.697393;mauves.univ-st-etienne.fr.https;BP-Linux8;40684;.;1448
15:34:29.697395;mauves.univ-st-etienne.fr.https;BP-Linux8;40684;.;1448
15:34:29.697401;mauves.univ-st-etienne.fr.https;BP-Linux8;40684;.;1448
15:34:29.697402;mauves.univ-st-etienne.fr.https;BP-Linux8;40684;.;1448
15:34:29.697413;mauves.univ-st-etienne.fr.https;BP-Linux8;40684;.;1448
15:34:29.697415;mauves.univ-st-etienne.fr.https;BP-Linux8;40684;.;1448
15:34:29.697416;mauves.univ-st-etienne.fr.https;BP-Linux8;40684;.;1448
15:34:29.697418;mauves.univ-st-etienne.fr.https;BP-Linux8;40684;.;1448
15:34:29.697419;mauves.univ-st-etienne.fr.https;BP-Linux8;40684;.;1448
15:34:29.697420;mauves.univ-st-etienne.fr.https;BP-Linux8;40684;.;1448
15:34:29.697427;mauves.univ-st-etienne.fr.https;BP-Linux8;40684;.;1448
15:34:29.697429;mauves.univ-st-etienne.fr.https;BP-Linux8;40684;.;1448
15:34:29.697430;mauves.univ-st-etienne.fr.https;BP-Linux8;40684;.;1448
15:34:29.697575;mauves.univ-st-etienne.fr.https;BP-Linux8;40684;.;1448
15:34:29.697578;mauves.univ-st-etienne.fr.https;BP-Linux8;40684;.;1448
15:34:29.697585;mauves.univ-st-etienne.fr.https;BP-Linux8;40684;.;1448
15:34:29.697586;mauves.univ-st-etienne.fr.https;BP-Linux8;40684;.;1448
15:34:29.697588;mauves.univ-st-etienne.fr.https;BP-Linux8;40684;.;1448
15:34:29.697589;mauves.univ-st-etienne.fr.https;BP-Linux8;40684;.;1448
15:34:29.697590;mauves.univ-st-etienne.fr.https;BP-Linux8;40684;.;1448
15:34:29.697597;mauves.univ-st-etienne.fr.https;BP-Linux8;40684;.;1448
15:34:29.697599;mauves.univ-st-etienne.fr.https;BP-Linux8;40684;.;1448
15:34:29.697606;mauves.univ-st-etienne.fr.https;BP-Linux8;40684;.;1448
15:34:29.697607;mauves.univ-st-etienne.fr.https;BP-Linux8;40684;.;1448
15:34:29.697614;mauves.univ-st-etienne.fr.https;BP-Linux8;40684;.;1448
15:34:29.697616;mauves.univ-st-etienne.fr.https;BP-Linux8;40680;.;1448
15:34:29.697619;BP-Linux8;mauves.univ-st-etienne.fr.https;40680;.;0
15:34:29.697631;mauves.univ-st-etienne.fr.https;BP-Linux8;40684;.;1448
15:34:29.697632;mauves.univ-st-etienne.fr.https;BP-Linux8;40680;.;1448
15:34:29.697634;BP-Linux8;mauves.univ-st-etienne.fr.https;40680;.;0
15:34:29.697756;mauves.univ-st-etienne.fr.https;BP-Linux8;40684;.;1448
15:34:29.697760;mauves.univ-st-etienne.fr.https;BP-Linux8;40684;.;1448
15:34:29.697762;BP-Linux8;mauves.univ-st-etienne.fr.https;40684;.;0
15:34:29.697768;mauves.univ-st-etienne.fr.https;BP-Linux8;40680;.;1448
15:34:29.697771;BP-Linux8;mauves.univ-st-etienne.fr.https;40680;.;0
15:34:29.697788;mauves.univ-st-etienne.fr.https;BP-Linux8;40684;.;624
15:34:29.697791;BP-Linux8;mauves.univ-st-etienne.fr.https;40684;.;0
15:34:29.697796;mauves.univ-st-etienne.fr.https;BP-Linux8;40680;.;1448
15:34:29.697797;BP-Linux8;mauves.univ-st-etienne.fr.https;40680;.;0
15:34:29.697810;mauves.univ-st-etienne.fr.https;BP-Linux8;40680;.;1448
15:34:29.697812;BP-Linux8;mauves.univ-st-etienne.fr.https;40680;.;0
15:34:29.697816;mauves.univ-st-etienne.fr.https;BP-Linux8;40680;.;1448
15:34:29.697818;BP-Linux8;mauves.univ-st-etienne.fr.https;40680;.;0
15:34:29.697828;mauves.univ-st-etienne.fr.https;BP-Linux8;40680;.;1448
15:34:29.697830;BP-Linux8;mauves.univ-st-etienne.fr.https;40680;.;0
15:34:29.697834;mauves.univ-st-etienne.fr.https;BP-Linux8;40680;.;1448
15:34:29.697836;BP-Linux8;mauves.univ-st-etienne.fr.https;40680;.;0
15:34:29.697840;mauves.univ-st-etienne.fr.https;BP-Linux8;40680;.;1448
15:34:29.697842;BP-Linux8;mauves.univ-st-etienne.fr.https;40680;.;0
15:34:29.697852;mauves.univ-st-etienne.fr.https;BP-Linux8;40680;.;1448
15:34:29.697853;BP-Linux8;mauves.univ-st-etienne.fr.https;40680;.;0
15:34:29.697857;mauves.univ-st-etienne.fr.https;BP-Linux8;40680;.;1448
15:34:29.697859;BP-Linux8;mauves.univ-st-etienne.fr.https;40680;.;0
15:34:29.697869;mauves.univ-st-etienne.fr.https;BP-Linux8;40680;.;1448
15:34:29.697872;BP-Linux8;mauves.univ-st-etienne.fr.https;40680;.;0
15:34:29.697876;mauves.univ-st-etienne.fr.https;BP-Linux8;40680;.;1448
15:34:29.697878;BP-Linux8;mauves.univ-st-etienne.fr.https;40680;.;0
15:34:29.697888;mauves.univ-st-etienne.fr.https;BP-Linux8;40680;.;1448
15:34:29.697890;BP-Linux8;mauves.univ-st-etienne.fr.https;40680;.;0
15:34:29.697893;mauves.univ-st-etienne.fr.https;BP-Linux8;40680;.;1448
15:34:29.697895;BP-Linux8;mauves.univ-st-etienne.fr.https;40680;.;0
15:34:29.697904;mauves.univ-st-etienne.fr.https;BP-Linux8;40680;.;1448
15:34:29.697907;BP-Linux8;mauves.univ-st-etienne.fr.https;40680;.;0
15:34:29.697911;mauves.univ-st-etienne.fr.https;BP-Linux8;40682;.;1448
15:34:29.697918;mauves.univ-st-etienne.fr.https;BP-Linux8;40682;.;24
15:34:29.697919;mauves.univ-st-etienne.fr.https;BP-Linux8;40680;.;1448
15:34:29.697921;BP-Linux8;mauves.univ-st-etienne.fr.https;40680;.;0
15:34:29.700733;mauves.univ-st-etienne.fr.https;BP-Linux8;40684;.;1448
15:34:29.700740;BP-Linux8;mauves.univ-st-etienne.fr.https;40684;.;0
15:34:29.700829;mauves.univ-st-etienne.fr.https;BP-Linux8;40684;.;208
15:34:29.700834;BP-Linux8;mauves.univ-st-etienne.fr.https;40684;.;0
15:34:29.701331;mauves.univ-st-etienne.fr.https;BP-Linux8;40680;.;1448
15:34:29.701337;BP-Linux8;mauves.univ-st-etienne.fr.https;40680;.;0
15:34:29.701655;mauves.univ-st-etienne.fr.https;BP-Linux8;40680;.;1448
15:34:29.701660;BP-Linux8;mauves.univ-st-etienne.fr.https;40680;.;0
15:34:29.701666;mauves.univ-st-etienne.fr.https;BP-Linux8;40680;.;1448
15:34:29.701668;BP-Linux8;mauves.univ-st-etienne.fr.https;40680;.;0
15:34:29.701672;mauves.univ-st-etienne.fr.https;BP-Linux8;40680;.;1448
15:34:29.701673;BP-Linux8;mauves.univ-st-etienne.fr.https;40680;.;0
15:34:29.701679;mauves.univ-st-etienne.fr.https;BP-Linux8;40680;.;1448
15:34:29.701681;BP-Linux8;mauves.univ-st-etienne.fr.https;40680;.;0
15:34:29.701685;mauves.univ-st-etienne.fr.https;BP-Linux8;40680;.;1448
15:34:29.701688;BP-Linux8;mauves.univ-st-etienne.fr.https;40680;.;0
15:34:29.701701;mauves.univ-st-etienne.fr.https;BP-Linux8;40680;.;1448
15:34:29.701703;BP-Linux8;mauves.univ-st-etienne.fr.https;40680;.;0
15:34:29.701708;mauves.univ-st-etienne.fr.https;BP-Linux8;40680;.;1448
15:34:29.701717;BP-Linux8;mauves.univ-st-etienne.fr.https;40680;.;0
15:34:29.701727;mauves.univ-st-etienne.fr.https;BP-Linux8;40680;.;1448
15:34:29.701730;BP-Linux8;mauves.univ-st-etienne.fr.https;40680;.;0
15:34:29.701735;mauves.univ-st-etienne.fr.https;BP-Linux8;40680;.;1448
15:34:29.701737;BP-Linux8;mauves.univ-st-etienne.fr.https;40680;.;0
15:34:29.701746;mauves.univ-st-etienne.fr.https;BP-Linux8;40680;.;1448
15:34:29.701749;BP-Linux8;mauves.univ-st-etienne.fr.https;40680;.;0
15:34:29.701753;mauves.univ-st-etienne.fr.https;BP-Linux8;40680;.;1448
15:34:29.701760;mauves.univ-st-etienne.fr.https;BP-Linux8;40680;.;1448
15:34:29.701762;mauves.univ-st-etienne.fr.https;BP-Linux8;40680;.;1448
15:34:29.701767;mauves.univ-st-etienne.fr.https;BP-Linux8;40680;.;1448
15:34:29.701769;mauves.univ-st-etienne.fr.https;BP-Linux8;40680;.;1448
15:34:29.701771;mauves.univ-st-etienne.fr.https;BP-Linux8;40680;.;1448
15:34:29.701777;mauves.univ-st-etienne.fr.https;BP-Linux8;40680;.;1448
15:34:29.701779;mauves.univ-st-etienne.fr.https;BP-Linux8;40684;.;1448
15:34:29.701781;BP-Linux8;mauves.univ-st-etienne.fr.https;40684;.;0
15:34:29.701790;mauves.univ-st-etienne.fr.https;BP-Linux8;40680;.;1096
15:34:29.701792;mauves.univ-st-etienne.fr.https;BP-Linux8;40684;.;1448
15:34:29.701794;BP-Linux8;mauves.univ-st-etienne.fr.https;40684;.;0
15:34:29.701904;mauves.univ-st-etienne.fr.https;BP-Linux8;40684;.;1448
15:34:29.701908;BP-Linux8;mauves.univ-st-etienne.fr.https;40684;.;0
15:34:29.701913;mauves.univ-st-etienne.fr.https;BP-Linux8;40684;.;1448
15:34:29.701915;BP-Linux8;mauves.univ-st-etienne.fr.https;40684;.;0
15:34:29.701919;mauves.univ-st-etienne.fr.https;BP-Linux8;40684;.;1448
15:34:29.701920;BP-Linux8;mauves.univ-st-etienne.fr.https;40684;.;0
15:34:29.701927;mauves.univ-st-etienne.fr.https;BP-Linux8;40684;.;1448
15:34:29.701929;BP-Linux8;mauves.univ-st-etienne.fr.https;40684;.;0
15:34:29.701932;mauves.univ-st-etienne.fr.https;BP-Linux8;40684;.;616
15:34:29.701934;BP-Linux8;mauves.univ-st-etienne.fr.https;40684;.;0
15:34:29.701939;mauves.univ-st-etienne.fr.https;BP-Linux8;40684;.;1448
15:34:29.701940;BP-Linux8;mauves.univ-st-etienne.fr.https;40684;.;0
15:34:29.701944;mauves.univ-st-etienne.fr.https;BP-Linux8;40684;.;1448
15:34:29.701945;BP-Linux8;mauves.univ-st-etienne.fr.https;40684;.;0
15:34:29.701949;mauves.univ-st-etienne.fr.https;BP-Linux8;40684;.;1448
15:34:29.701951;BP-Linux8;mauves.univ-st-etienne.fr.https;40684;.;0
15:34:29.701954;mauves.univ-st-etienne.fr.https;BP-Linux8;40684;.;1448
15:34:29.701956;BP-Linux8;mauves.univ-st-etienne.fr.https;40684;.;0
15:34:29.701964;mauves.univ-st-etienne.fr.https;BP-Linux8;40684;.;1448
15:34:29.701965;BP-Linux8;mauves.univ-st-etienne.fr.https;40684;.;0
15:34:29.701969;mauves.univ-st-etienne.fr.https;BP-Linux8;40684;.;1448
15:34:29.701971;BP-Linux8;mauves.univ-st-etienne.fr.https;40684;.;0
15:34:29.701978;mauves.univ-st-etienne.fr.https;BP-Linux8;40684;.;1448
15:34:29.701980;BP-Linux8;mauves.univ-st-etienne.fr.https;40684;.;0
15:34:29.701984;mauves.univ-st-etienne.fr.https;BP-Linux8;40684;.;1448
15:34:29.701986;BP-Linux8;mauves.univ-st-etienne.fr.https;40684;.;0
15:34:29.701991;mauves.univ-st-etienne.fr.https;BP-Linux8;40684;.;1448
15:34:29.701993;BP-Linux8;mauves.univ-st-etienne.fr.https;40684;.;0
15:34:29.702003;mauves.univ-st-etienne.fr.https;BP-Linux8;40684;.;1448
15:34:29.702006;BP-Linux8;mauves.univ-st-etienne.fr.https;40684;.;0
15:34:29.702011;mauves.univ-st-etienne.fr.https;BP-Linux8;40684;.;1448
15:34:29.702012;BP-Linux8;mauves.univ-st-etienne.fr.https;40684;.;0
15:34:29.702021;mauves.univ-st-etienne.fr.https;BP-Linux8;40684;.;1448
15:34:29.702023;BP-Linux8;mauves.univ-st-etienne.fr.https;40684;.;0
15:34:29.702028;mauves.univ-st-etienne.fr.https;BP-Linux8;40684;.;1448
15:34:29.702031;BP-Linux8;mauves.univ-st-etienne.fr.https;40684;.;0
15:34:29.702038;mauves.univ-st-etienne.fr.https;BP-Linux8;40684;.;1448
15:34:29.702040;BP-Linux8;mauves.univ-st-etienne.fr.https;40684;.;0
15:34:29.702045;mauves.univ-st-etienne.fr.https;BP-Linux8;40684;.;1448
15:34:29.702047;BP-Linux8;mauves.univ-st-etienne.fr.https;40684;.;0
15:34:29.702051;mauves.univ-st-etienne.fr.https;BP-Linux8;40684;.;1448
15:34:29.702052;BP-Linux8;mauves.univ-st-etienne.fr.https;40684;.;0
15:34:29.702061;mauves.univ-st-etienne.fr.https;BP-Linux8;40684;.;1448
15:34:29.702062;BP-Linux8;mauves.univ-st-etienne.fr.https;40684;.;0
15:34:29.702067;mauves.univ-st-etienne.fr.https;BP-Linux8;40684;.;1448
15:34:29.702069;BP-Linux8;mauves.univ-st-etienne.fr.https;40684;.;0
15:34:29.702077;mauves.univ-st-etienne.fr.https;BP-Linux8;40684;.;1448
15:34:29.702079;BP-Linux8;mauves.univ-st-etienne.fr.https;40684;.;0
15:34:29.704451;mauves.univ-st-etienne.fr.https;BP-Linux8;40684;.;1448
15:34:29.704457;BP-Linux8;mauves.univ-st-etienne.fr.https;40684;.;0
15:34:29.704576;mauves.univ-st-etienne.fr.https;BP-Linux8;40684;.;1448
15:34:29.704580;BP-Linux8;mauves.univ-st-etienne.fr.https;40684;.;0
15:34:29.705811;mauves.univ-st-etienne.fr.https;BP-Linux8;40684;.;1448
15:34:29.705817;BP-Linux8;mauves.univ-st-etienne.fr.https;40684;.;0
15:34:29.705830;mauves.univ-st-etienne.fr.https;BP-Linux8;40684;.;1448
15:34:29.705832;BP-Linux8;mauves.univ-st-etienne.fr.https;40684;.;0
15:34:29.705938;mauves.univ-st-etienne.fr.https;BP-Linux8;40684;.;1448
15:34:29.705945;BP-Linux8;mauves.univ-st-etienne.fr.https;40684;.;0
15:34:29.705959;mauves.univ-st-etienne.fr.https;BP-Linux8;40684;.;1448
15:34:29.705962;BP-Linux8;mauves.univ-st-etienne.fr.https;40684;.;0
15:34:29.705966;mauves.univ-st-etienne.fr.https;BP-Linux8;40684;.;1448
15:34:29.705968;BP-Linux8;mauves.univ-st-etienne.fr.https;40684;.;0
15:34:29.705971;mauves.univ-st-etienne.fr.https;BP-Linux8;40684;.;1448
15:34:29.706524;BP-Linux8;mauves.univ-st-etienne.fr.https;40678;.;0
15:34:29.724929;BP-Linux8.ssh;192.168.190.130;50245;P.;100
15:34:29.732728;BP-Linux8;mauves.univ-st-etienne.fr.https;40682;.;0
15:34:29.736524;mauves.univ-st-etienne.fr.https;BP-Linux8;40682;.;1448
15:34:29.736824;mauves.univ-st-etienne.fr.https;BP-Linux8;40682;.;1448
15:34:29.736829;mauves.univ-st-etienne.fr.https;BP-Linux8;40682;.;1448
15:34:29.736834;mauves.univ-st-etienne.fr.https;BP-Linux8;40682;.;1448
15:34:29.736836;mauves.univ-st-etienne.fr.https;BP-Linux8;40682;.;1448
15:34:29.736838;mauves.univ-st-etienne.fr.https;BP-Linux8;40682;.;1448
15:34:29.736843;mauves.univ-st-etienne.fr.https;BP-Linux8;40682;.;1448
15:34:29.736844;mauves.univ-st-etienne.fr.https;BP-Linux8;40682;.;1448
15:34:29.736846;mauves.univ-st-etienne.fr.https;BP-Linux8;40682;.;1448
15:34:29.736848;mauves.univ-st-etienne.fr.https;BP-Linux8;40682;.;1448
15:34:29.736849;mauves.univ-st-etienne.fr.https;BP-Linux8;40682;.;1448
15:34:29.736851;mauves.univ-st-etienne.fr.https;BP-Linux8;40682;.;1448
15:34:29.736852;mauves.univ-st-etienne.fr.https;BP-Linux8;40682;.;1448
15:34:29.736853;mauves.univ-st-etienne.fr.https;BP-Linux8;40682;.;1272
15:34:29.740729;BP-Linux8;mauves.univ-st-etienne.fr.https;40680;.;0
15:34:29.744520;mauves.univ-st-etienne.fr.https;BP-Linux8;40680;.;1448
15:34:29.744729;BP-Linux8;mauves.univ-st-etienne.fr.https;40684;.;0
15:34:29.744812;mauves.univ-st-etienne.fr.https;BP-Linux8;40680;.;1448
15:34:29.744817;mauves.univ-st-etienne.fr.https;BP-Linux8;40680;.;1448
15:34:29.744819;mauves.univ-st-etienne.fr.https;BP-Linux8;40680;.;1448
15:34:29.744820;mauves.univ-st-etienne.fr.https;BP-Linux8;40680;.;1448
15:34:29.744822;mauves.univ-st-etienne.fr.https;BP-Linux8;40680;.;1448
15:34:29.744823;mauves.univ-st-etienne.fr.https;BP-Linux8;40680;.;1448
15:34:29.744825;mauves.univ-st-etienne.fr.https;BP-Linux8;40680;.;1448
15:34:29.744826;mauves.univ-st-etienne.fr.https;BP-Linux8;40680;.;1448
15:34:29.744828;mauves.univ-st-etienne.fr.https;BP-Linux8;40680;.;1448
15:34:29.744829;mauves.univ-st-etienne.fr.https;BP-Linux8;40680;.;1448
15:34:29.744830;mauves.univ-st-etienne.fr.https;BP-Linux8;40680;.;1448
15:34:29.744833;mauves.univ-st-etienne.fr.https;BP-Linux8;40680;.;1448
15:34:29.744834;mauves.univ-st-etienne.fr.https;BP-Linux8;40680;.;1448
15:34:29.745253;192.168.190.130;BP-Linux8.ssh;50245;.;0
15:34:29.748728;mauves.univ-st-etienne.fr.https;BP-Linux8;40684;.;1448
15:34:29.748987;mauves.univ-st-etienne.fr.https;BP-Linux8;40684;.;1448
15:34:29.748990;mauves.univ-st-etienne.fr.https;BP-Linux8;40684;.;1448
15:34:29.748993;mauves.univ-st-etienne.fr.https;BP-Linux8;40684;.;1448
15:34:29.748994;mauves.univ-st-etienne.fr.https;BP-Linux8;40684;.;1448
15:34:29.748996;mauves.univ-st-etienne.fr.https;BP-Linux8;40684;.;1448
15:34:29.748997;mauves.univ-st-etienne.fr.https;BP-Linux8;40684;.;1448
15:34:29.748998;mauves.univ-st-etienne.fr.https;BP-Linux8;40684;.;1448
15:34:29.749000;mauves.univ-st-etienne.fr.https;BP-Linux8;40684;.;1448
15:34:29.749001;mauves.univ-st-etienne.fr.https;BP-Linux8;40684;.;1448
15:34:29.749003;mauves.univ-st-etienne.fr.https;BP-Linux8;40684;.;1448
15:34:29.749004;mauves.univ-st-etienne.fr.https;BP-Linux8;40684;.;1448
15:34:29.749006;mauves.univ-st-etienne.fr.https;BP-Linux8;40684;.;1448
15:34:29.749007;mauves.univ-st-etienne.fr.https;BP-Linux8;40684;.;376
15:34:29.758701;BP-Linux8;mauves.univ-st-etienne.fr.https;40680;.;0
15:34:29.759677;BP-Linux8;mauves.univ-st-etienne.fr.https;40680;.;0
15:34:29.763478;mauves.univ-st-etienne.fr.https;BP-Linux8;40680;.;1176
15:34:29.763484;mauves.univ-st-etienne.fr.https;BP-Linux8;40680;.;1448
15:34:29.763768;mauves.univ-st-etienne.fr.https;BP-Linux8;40680;.;1448
15:34:29.763773;mauves.univ-st-etienne.fr.https;BP-Linux8;40680;.;1448
15:34:29.763774;mauves.univ-st-etienne.fr.https;BP-Linux8;40680;.;1448
15:34:29.763776;mauves.univ-st-etienne.fr.https;BP-Linux8;40680;.;1448
15:34:29.763777;mauves.univ-st-etienne.fr.https;BP-Linux8;40680;.;1448
15:34:29.763778;mauves.univ-st-etienne.fr.https;BP-Linux8;40680;.;1448
15:34:29.763780;mauves.univ-st-etienne.fr.https;BP-Linux8;40680;.;1448
15:34:29.763781;mauves.univ-st-etienne.fr.https;BP-Linux8;40680;.;1448
15:34:29.763783;mauves.univ-st-etienne.fr.https;BP-Linux8;40680;.;1448
15:34:29.763784;mauves.univ-st-etienne.fr.https;BP-Linux8;40680;.;1448
15:34:29.763785;mauves.univ-st-etienne.fr.https;BP-Linux8;40680;.;1448
15:34:29.763786;mauves.univ-st-etienne.fr.https;BP-Linux8;40680;.;1448
15:34:29.763788;mauves.univ-st-etienne.fr.https;BP-Linux8;40680;.;1448
15:34:29.763789;mauves.univ-st-etienne.fr.https;BP-Linux8;40680;.;1448
15:34:29.763791;mauves.univ-st-etienne.fr.https;BP-Linux8;40680;.;1448
15:34:29.763792;mauves.univ-st-etienne.fr.https;BP-Linux8;40680;.;360
15:34:29.770237;BP-Linux8;mauves.univ-st-etienne.fr.https;40680;.;0
15:34:29.772729;BP-Linux8;mauves.univ-st-etienne.fr.https;40682;.;0
15:34:29.774041;mauves.univ-st-etienne.fr.https;BP-Linux8;40680;.;1448
15:34:29.774355;mauves.univ-st-etienne.fr.https;BP-Linux8;40680;.;1448
15:34:29.774360;BP-Linux8;mauves.univ-st-etienne.fr.https;40680;.;0
15:34:29.774367;mauves.univ-st-etienne.fr.https;BP-Linux8;40680;.;1448
15:34:29.774370;mauves.univ-st-etienne.fr.https;BP-Linux8;40680;.;1448
15:34:29.774371;mauves.univ-st-etienne.fr.https;BP-Linux8;40680;.;1448
15:34:29.774373;mauves.univ-st-etienne.fr.https;BP-Linux8;40680;.;1448
15:34:29.774374;mauves.univ-st-etienne.fr.https;BP-Linux8;40680;.;1448
15:34:29.774375;mauves.univ-st-etienne.fr.https;BP-Linux8;40680;.;1448
15:34:29.774377;mauves.univ-st-etienne.fr.https;BP-Linux8;40680;.;1448
15:34:29.774378;mauves.univ-st-etienne.fr.https;BP-Linux8;40680;.;1448
15:34:29.774379;mauves.univ-st-etienne.fr.https;BP-Linux8;40680;.;1448
15:34:29.774381;mauves.univ-st-etienne.fr.https;BP-Linux8;40680;.;1448
15:34:29.774382;mauves.univ-st-etienne.fr.https;BP-Linux8;40680;.;1448
15:34:29.774384;mauves.univ-st-etienne.fr.https;BP-Linux8;40680;.;1448
15:34:29.774385;mauves.univ-st-etienne.fr.https;BP-Linux8;40680;.;1448
15:34:29.774386;mauves.univ-st-etienne.fr.https;BP-Linux8;40680;.;1448
15:34:29.774486;mauves.univ-st-etienne.fr.https;BP-Linux8;40680;.;1448
15:34:29.774489;mauves.univ-st-etienne.fr.https;BP-Linux8;40680;.;1448
15:34:29.774490;mauves.univ-st-etienne.fr.https;BP-Linux8;40680;.;1448
15:34:29.774492;mauves.univ-st-etienne.fr.https;BP-Linux8;40680;.;1448
15:34:29.774494;mauves.univ-st-etienne.fr.https;BP-Linux8;40680;.;1448
15:34:29.774495;mauves.univ-st-etienne.fr.https;BP-Linux8;40680;.;1448
15:34:29.774496;mauves.univ-st-etienne.fr.https;BP-Linux8;40680;.;1448
15:34:29.774497;mauves.univ-st-etienne.fr.https;BP-Linux8;40680;.;1448
15:34:29.774499;mauves.univ-st-etienne.fr.https;BP-Linux8;40680;.;1448
15:34:29.774500;mauves.univ-st-etienne.fr.https;BP-Linux8;40680;.;1448
15:34:29.774502;mauves.univ-st-etienne.fr.https;BP-Linux8;40680;.;1448
15:34:29.774660;mauves.univ-st-etienne.fr.https;BP-Linux8;40680;.;1448
15:34:29.774663;mauves.univ-st-etienne.fr.https;BP-Linux8;40680;P.;1088
15:34:29.774665;mauves.univ-st-etienne.fr.https;BP-Linux8;40680;.;1448
15:34:29.774666;mauves.univ-st-etienne.fr.https;BP-Linux8;40680;.;1448
15:34:29.774667;mauves.univ-st-etienne.fr.https;BP-Linux8;40680;.;1448
15:34:29.774668;mauves.univ-st-etienne.fr.https;BP-Linux8;40680;.;1448
15:34:29.774670;mauves.univ-st-etienne.fr.https;BP-Linux8;40680;.;1448
15:34:29.774671;mauves.univ-st-etienne.fr.https;BP-Linux8;40680;.;1448
15:34:29.774672;mauves.univ-st-etienne.fr.https;BP-Linux8;40680;.;1448
15:34:29.774673;mauves.univ-st-etienne.fr.https;BP-Linux8;40680;.;1448
15:34:29.774675;mauves.univ-st-etienne.fr.https;BP-Linux8;40680;.;1448
15:34:29.774677;mauves.univ-st-etienne.fr.https;BP-Linux8;40680;.;1448
15:34:29.774679;mauves.univ-st-etienne.fr.https;BP-Linux8;40680;.;1448
15:34:29.774680;mauves.univ-st-etienne.fr.https;BP-Linux8;40680;.;1448
15:34:29.774682;mauves.univ-st-etienne.fr.https;BP-Linux8;40680;.;1448
15:34:29.774833;mauves.univ-st-etienne.fr.https;BP-Linux8;40680;.;1448
15:34:29.774836;mauves.univ-st-etienne.fr.https;BP-Linux8;40680;.;1448
15:34:29.774838;mauves.univ-st-etienne.fr.https;BP-Linux8;40680;.;1448
15:34:29.774839;mauves.univ-st-etienne.fr.https;BP-Linux8;40680;.;1448
15:34:29.774841;mauves.univ-st-etienne.fr.https;BP-Linux8;40680;.;1448
15:34:29.774842;mauves.univ-st-etienne.fr.https;BP-Linux8;40680;.;1448
15:34:29.774843;mauves.univ-st-etienne.fr.https;BP-Linux8;40680;.;1448
15:34:29.774844;mauves.univ-st-etienne.fr.https;BP-Linux8;40680;.;1448
15:34:29.774846;mauves.univ-st-etienne.fr.https;BP-Linux8;40680;.;1448
15:34:29.774847;mauves.univ-st-etienne.fr.https;BP-Linux8;40680;.;1448
15:34:29.774848;mauves.univ-st-etienne.fr.https;BP-Linux8;40680;.;1448
15:34:29.774850;mauves.univ-st-etienne.fr.https;BP-Linux8;40680;.;1448
15:34:29.774852;mauves.univ-st-etienne.fr.https;BP-Linux8;40680;.;1448
15:34:29.774853;mauves.univ-st-etienne.fr.https;BP-Linux8;40680;.;1448
15:34:29.774855;mauves.univ-st-etienne.fr.https;BP-Linux8;40680;.;808
15:34:29.778159;mauves.univ-st-etienne.fr.https;BP-Linux8;40680;.;1448
15:34:29.778271;mauves.univ-st-etienne.fr.https;BP-Linux8;40680;.;1448
15:34:29.778619;BP-Linux8;mauves.univ-st-etienne.fr.https;40680;.;0
15:34:29.782358;mauves.univ-st-etienne.fr.https;BP-Linux8;40680;.;1448
15:34:29.782459;mauves.univ-st-etienne.fr.https;BP-Linux8;40680;P.;450
15:34:29.782466;BP-Linux8;mauves.univ-st-etienne.fr.https;40680;.;0
15:34:29.788729;BP-Linux8;mauves.univ-st-etienne.fr.https;40684;.;0
15:34:29.857714;BP-Linux8;mauves.univ-st-etienne.fr.https;40682;.;0
15:34:29.861531;mauves.univ-st-etienne.fr.https;BP-Linux8;40682;.;1448
15:34:29.861826;mauves.univ-st-etienne.fr.https;BP-Linux8;40682;.;1448
15:34:29.861832;BP-Linux8;mauves.univ-st-etienne.fr.https;40682;.;0
15:34:29.861839;mauves.univ-st-etienne.fr.https;BP-Linux8;40682;.;1448
15:34:29.861841;mauves.univ-st-etienne.fr.https;BP-Linux8;40682;.;1448
15:34:29.861843;mauves.univ-st-etienne.fr.https;BP-Linux8;40682;.;1448
15:34:29.861844;mauves.univ-st-etienne.fr.https;BP-Linux8;40682;.;1112
15:34:29.861846;mauves.univ-st-etienne.fr.https;BP-Linux8;40682;.;1448
15:34:29.861847;mauves.univ-st-etienne.fr.https;BP-Linux8;40682;.;1448
15:34:29.861848;mauves.univ-st-etienne.fr.https;BP-Linux8;40682;.;1448
15:34:29.861850;mauves.univ-st-etienne.fr.https;BP-Linux8;40682;.;1448
15:34:29.861851;mauves.univ-st-etienne.fr.https;BP-Linux8;40682;.;1448
15:34:29.861852;mauves.univ-st-etienne.fr.https;BP-Linux8;40682;.;1448
15:34:29.861855;mauves.univ-st-etienne.fr.https;BP-Linux8;40682;.;1448
15:34:29.861856;mauves.univ-st-etienne.fr.https;BP-Linux8;40682;.;1448
15:34:29.861858;mauves.univ-st-etienne.fr.https;BP-Linux8;40682;.;1448
15:34:29.861859;mauves.univ-st-etienne.fr.https;BP-Linux8;40682;.;1448
15:34:29.861860;mauves.univ-st-etienne.fr.https;BP-Linux8;40682;.;848
15:34:29.865630;mauves.univ-st-etienne.fr.https;BP-Linux8;40682;.;1448
15:34:29.865899;mauves.univ-st-etienne.fr.https;BP-Linux8;40682;.;1448
15:34:29.865902;mauves.univ-st-etienne.fr.https;BP-Linux8;40682;.;1448
15:34:29.865903;mauves.univ-st-etienne.fr.https;BP-Linux8;40682;.;1448
15:34:29.865905;mauves.univ-st-etienne.fr.https;BP-Linux8;40682;.;1448
15:34:29.865906;mauves.univ-st-etienne.fr.https;BP-Linux8;40682;.;1448
15:34:29.865908;mauves.univ-st-etienne.fr.https;BP-Linux8;40682;.;1448
15:34:29.865909;mauves.univ-st-etienne.fr.https;BP-Linux8;40682;.;1448
15:34:29.865910;mauves.univ-st-etienne.fr.https;BP-Linux8;40682;.;1448
15:34:29.865911;mauves.univ-st-etienne.fr.https;BP-Linux8;40682;.;1448
15:34:29.865913;mauves.univ-st-etienne.fr.https;BP-Linux8;40682;.;1448
15:34:29.865914;mauves.univ-st-etienne.fr.https;BP-Linux8;40682;.;1432
15:34:29.868751;BP-Linux8;mauves.univ-st-etienne.fr.https;40682;.;0
15:34:29.872578;mauves.univ-st-etienne.fr.https;BP-Linux8;40682;.;1448
15:34:29.872890;mauves.univ-st-etienne.fr.https;BP-Linux8;40682;.;1448
15:34:29.872896;BP-Linux8;mauves.univ-st-etienne.fr.https;40682;.;0
15:34:29.872903;mauves.univ-st-etienne.fr.https;BP-Linux8;40682;.;1448
15:34:29.872907;mauves.univ-st-etienne.fr.https;BP-Linux8;40682;.;1448
15:34:29.872908;mauves.univ-st-etienne.fr.https;BP-Linux8;40682;.;1448
15:34:29.872910;mauves.univ-st-etienne.fr.https;BP-Linux8;40682;.;1448
15:34:29.872911;mauves.univ-st-etienne.fr.https;BP-Linux8;40682;.;1448
15:34:29.872913;mauves.univ-st-etienne.fr.https;BP-Linux8;40682;.;1448
15:34:29.872914;mauves.univ-st-etienne.fr.https;BP-Linux8;40682;.;1448
15:34:29.872915;mauves.univ-st-etienne.fr.https;BP-Linux8;40682;.;1448
15:34:29.872917;mauves.univ-st-etienne.fr.https;BP-Linux8;40682;.;1448
15:34:29.872918;mauves.univ-st-etienne.fr.https;BP-Linux8;40682;.;1448
15:34:29.872919;mauves.univ-st-etienne.fr.https;BP-Linux8;40682;.;1448
15:34:29.872921;mauves.univ-st-etienne.fr.https;BP-Linux8;40682;.;1448
15:34:29.872922;mauves.univ-st-etienne.fr.https;BP-Linux8;40682;.;1448
15:34:29.872924;mauves.univ-st-etienne.fr.https;BP-Linux8;40682;.;1448
15:34:29.873024;mauves.univ-st-etienne.fr.https;BP-Linux8;40682;.;1448
15:34:29.873028;mauves.univ-st-etienne.fr.https;BP-Linux8;40682;.;1448
15:34:29.873029;mauves.univ-st-etienne.fr.https;BP-Linux8;40682;.;1448
15:34:29.873031;mauves.univ-st-etienne.fr.https;BP-Linux8;40682;.;1448
15:34:29.873032;mauves.univ-st-etienne.fr.https;BP-Linux8;40682;.;1448
15:34:29.873034;mauves.univ-st-etienne.fr.https;BP-Linux8;40682;.;1448
15:34:29.873035;mauves.univ-st-etienne.fr.https;BP-Linux8;40682;.;616
15:34:29.873036;mauves.univ-st-etienne.fr.https;BP-Linux8;40682;.;1448
15:34:29.873038;mauves.univ-st-etienne.fr.https;BP-Linux8;40682;.;1448
15:34:29.873039;mauves.univ-st-etienne.fr.https;BP-Linux8;40682;.;1448
15:34:29.873041;mauves.univ-st-etienne.fr.https;BP-Linux8;40682;.;1448
15:34:29.873043;mauves.univ-st-etienne.fr.https;BP-Linux8;40682;.;1448
15:34:29.873204;mauves.univ-st-etienne.fr.https;BP-Linux8;40682;.;1448
15:34:29.873208;mauves.univ-st-etienne.fr.https;BP-Linux8;40682;.;1448
15:34:29.873210;mauves.univ-st-etienne.fr.https;BP-Linux8;40682;.;1448
15:34:29.873211;mauves.univ-st-etienne.fr.https;BP-Linux8;40682;.;1448
15:34:29.873213;mauves.univ-st-etienne.fr.https;BP-Linux8;40682;.;1448
15:34:29.873214;mauves.univ-st-etienne.fr.https;BP-Linux8;40682;.;1448
15:34:29.873216;mauves.univ-st-etienne.fr.https;BP-Linux8;40682;.;1448
15:34:29.873217;mauves.univ-st-etienne.fr.https;BP-Linux8;40682;.;1448
15:34:29.873218;mauves.univ-st-etienne.fr.https;BP-Linux8;40682;.;1448
15:34:29.873221;mauves.univ-st-etienne.fr.https;BP-Linux8;40682;.;1448
15:34:29.873222;mauves.univ-st-etienne.fr.https;BP-Linux8;40682;.;1448
15:34:29.873223;mauves.univ-st-etienne.fr.https;BP-Linux8;40682;.;1448
15:34:29.873225;mauves.univ-st-etienne.fr.https;BP-Linux8;40682;.;1448
15:34:29.873226;mauves.univ-st-etienne.fr.https;BP-Linux8;40682;.;1448
15:34:29.873228;mauves.univ-st-etienne.fr.https;BP-Linux8;40682;.;1448
15:34:29.873388;mauves.univ-st-etienne.fr.https;BP-Linux8;40682;.;1448
15:34:29.873392;mauves.univ-st-etienne.fr.https;BP-Linux8;40682;.;1448
15:34:29.873394;mauves.univ-st-etienne.fr.https;BP-Linux8;40682;.;1448
15:34:29.873395;mauves.univ-st-etienne.fr.https;BP-Linux8;40682;.;1448
15:34:29.873397;mauves.univ-st-etienne.fr.https;BP-Linux8;40682;.;1448
15:34:29.873398;mauves.univ-st-etienne.fr.https;BP-Linux8;40682;.;1448
15:34:29.873400;mauves.univ-st-etienne.fr.https;BP-Linux8;40682;.;1448
15:34:29.873402;mauves.univ-st-etienne.fr.https;BP-Linux8;40682;.;1448
15:34:29.873404;mauves.univ-st-etienne.fr.https;BP-Linux8;40682;.;1448
15:34:29.873406;mauves.univ-st-etienne.fr.https;BP-Linux8;40682;.;1448
15:34:29.873408;mauves.univ-st-etienne.fr.https;BP-Linux8;40682;.;1448
15:34:29.873410;mauves.univ-st-etienne.fr.https;BP-Linux8;40682;.;1448
15:34:29.873413;mauves.univ-st-etienne.fr.https;BP-Linux8;40682;.;1448
15:34:29.873415;mauves.univ-st-etienne.fr.https;BP-Linux8;40682;.;1448
15:34:29.873416;mauves.univ-st-etienne.fr.https;BP-Linux8;40682;.;1448
15:34:29.873418;mauves.univ-st-etienne.fr.https;BP-Linux8;40682;.;1448
15:34:29.873419;mauves.univ-st-etienne.fr.https;BP-Linux8;40682;.;1448
15:34:29.873421;mauves.univ-st-etienne.fr.https;BP-Linux8;40682;.;736
15:34:29.873696;BP-Linux8;mauves.univ-st-etienne.fr.https;40682;.;0
15:34:29.876688;mauves.univ-st-etienne.fr.https;BP-Linux8;40682;.;1448
15:34:29.876693;mauves.univ-st-etienne.fr.https;BP-Linux8;40682;.;1448
15:34:29.876697;BP-Linux8;mauves.univ-st-etienne.fr.https;40682;.;0
15:34:29.876808;mauves.univ-st-etienne.fr.https;BP-Linux8;40682;.;1448
15:34:29.876811;mauves.univ-st-etienne.fr.https;BP-Linux8;40682;.;1448
15:34:29.876812;mauves.univ-st-etienne.fr.https;BP-Linux8;40682;.;1448
15:34:29.876909;mauves.univ-st-etienne.fr.https;BP-Linux8;40682;.;1448
15:34:29.876911;mauves.univ-st-etienne.fr.https;BP-Linux8;40682;.;1448
15:34:29.876912;mauves.univ-st-etienne.fr.https;BP-Linux8;40682;P.;712
15:34:29.876914;mauves.univ-st-etienne.fr.https;BP-Linux8;40682;.;1448
15:34:29.876915;mauves.univ-st-etienne.fr.https;BP-Linux8;40682;.;1448
15:34:29.876917;mauves.univ-st-etienne.fr.https;BP-Linux8;40682;.;1448
15:34:29.876918;mauves.univ-st-etienne.fr.https;BP-Linux8;40682;.;1448
15:34:29.876920;mauves.univ-st-etienne.fr.https;BP-Linux8;40682;.;720
15:34:29.877457;mauves.univ-st-etienne.fr.https;BP-Linux8;40682;.;1448
15:34:29.877773;mauves.univ-st-etienne.fr.https;BP-Linux8;40682;.;1448
15:34:29.877777;mauves.univ-st-etienne.fr.https;BP-Linux8;40682;.;1448
15:34:29.877779;mauves.univ-st-etienne.fr.https;BP-Linux8;40682;.;1448
15:34:29.877780;mauves.univ-st-etienne.fr.https;BP-Linux8;40682;.;1448
15:34:29.877781;mauves.univ-st-etienne.fr.https;BP-Linux8;40682;.;1448
15:34:29.877783;mauves.univ-st-etienne.fr.https;BP-Linux8;40682;.;1448
15:34:29.877784;mauves.univ-st-etienne.fr.https;BP-Linux8;40682;.;1448
15:34:29.877786;mauves.univ-st-etienne.fr.https;BP-Linux8;40682;.;1448
15:34:29.877787;mauves.univ-st-etienne.fr.https;BP-Linux8;40682;.;1448
15:34:29.877789;mauves.univ-st-etienne.fr.https;BP-Linux8;40682;.;1448
15:34:29.877790;mauves.univ-st-etienne.fr.https;BP-Linux8;40682;.;1448
15:34:29.877791;mauves.univ-st-etienne.fr.https;BP-Linux8;40682;.;1448
15:34:29.877792;mauves.univ-st-etienne.fr.https;BP-Linux8;40682;.;1448
15:34:29.877794;mauves.univ-st-etienne.fr.https;BP-Linux8;40682;.;1448
15:34:29.877795;mauves.univ-st-etienne.fr.https;BP-Linux8;40682;.;1448
15:34:29.877834;mauves.univ-st-etienne.fr.https;BP-Linux8;40682;.;1448
15:34:29.877837;mauves.univ-st-etienne.fr.https;BP-Linux8;40682;.;1448
15:34:29.877839;mauves.univ-st-etienne.fr.https;BP-Linux8;40682;.;1448
15:34:29.877840;mauves.univ-st-etienne.fr.https;BP-Linux8;40682;.;1448
15:34:29.877842;mauves.univ-st-etienne.fr.https;BP-Linux8;40682;.;1448
15:34:29.877844;mauves.univ-st-etienne.fr.https;BP-Linux8;40682;.;360
15:34:29.880464;mauves.univ-st-etienne.fr.https;BP-Linux8;40682;.;1448
15:34:29.880737;mauves.univ-st-etienne.fr.https;BP-Linux8;40682;.;1448
15:34:29.880741;mauves.univ-st-etienne.fr.https;BP-Linux8;40682;.;1448
15:34:29.880742;mauves.univ-st-etienne.fr.https;BP-Linux8;40682;.;1448
15:34:29.880744;mauves.univ-st-etienne.fr.https;BP-Linux8;40682;.;1448
15:34:29.880745;mauves.univ-st-etienne.fr.https;BP-Linux8;40682;.;1448
15:34:29.880746;mauves.univ-st-etienne.fr.https;BP-Linux8;40682;.;1448
15:34:29.880748;mauves.univ-st-etienne.fr.https;BP-Linux8;40682;.;1448
15:34:29.880749;mauves.univ-st-etienne.fr.https;BP-Linux8;40682;.;1448
15:34:29.880751;mauves.univ-st-etienne.fr.https;BP-Linux8;40682;.;1448
15:34:29.880752;mauves.univ-st-etienne.fr.https;BP-Linux8;40682;.;1448
15:34:29.880753;mauves.univ-st-etienne.fr.https;BP-Linux8;40682;.;1432
15:34:29.880780;BP-Linux8;mauves.univ-st-etienne.fr.https;40682;.;0
15:34:29.884534;mauves.univ-st-etienne.fr.https;BP-Linux8;40682;.;1448
15:34:29.884709;mauves.univ-st-etienne.fr.https;BP-Linux8;40682;.;1448
15:34:29.884715;BP-Linux8;mauves.univ-st-etienne.fr.https;40682;.;0
15:34:29.884731;mauves.univ-st-etienne.fr.https;BP-Linux8;40682;.;1448
15:34:29.884732;mauves.univ-st-etienne.fr.https;BP-Linux8;40682;.;1448
15:34:29.884734;mauves.univ-st-etienne.fr.https;BP-Linux8;40682;.;1448
15:34:29.884735;mauves.univ-st-etienne.fr.https;BP-Linux8;40682;.;1448
15:34:29.884737;mauves.univ-st-etienne.fr.https;BP-Linux8;40682;P.;110
15:34:29.888783;BP-Linux8;mauves.univ-st-etienne.fr.https;40682;.;0
15:34:29.900799;BP-Linux8;mauves.univ-st-etienne.fr.https;40682;.;0
15:34:29.935827;BP-Linux8;mauves.univ-st-etienne.fr.https;40682;.;0
15:34:30.020047;mauves.univ-st-etienne.fr.https;BP-Linux8;40684;.;0
15:34:30.020060;BP-Linux8;mauves.univ-st-etienne.fr.https;40684;.;0
15:34:30.032750;BP-Linux8;mauves.univ-st-etienne.fr.https;40684;.;0
15:34:30.036534;mauves.univ-st-etienne.fr.https;BP-Linux8;40684;.;1448
15:34:30.036545;BP-Linux8;mauves.univ-st-etienne.fr.https;40684;.;0
15:34:30.036646;mauves.univ-st-etienne.fr.https;BP-Linux8;40684;.;1448
15:34:30.036838;mauves.univ-st-etienne.fr.https;BP-Linux8;40684;.;1448
15:34:30.036844;BP-Linux8;mauves.univ-st-etienne.fr.https;40684;.;0
15:34:30.036861;mauves.univ-st-etienne.fr.https;BP-Linux8;40684;.;1448
15:34:30.036863;mauves.univ-st-etienne.fr.https;BP-Linux8;40684;.;1448
15:34:30.036865;mauves.univ-st-etienne.fr.https;BP-Linux8;40684;.;1448
15:34:30.036866;mauves.univ-st-etienne.fr.https;BP-Linux8;40684;.;1448
15:34:30.036867;mauves.univ-st-etienne.fr.https;BP-Linux8;40684;.;1448
15:34:30.036869;mauves.univ-st-etienne.fr.https;BP-Linux8;40684;.;1448
15:34:30.036870;mauves.univ-st-etienne.fr.https;BP-Linux8;40684;.;1448
15:34:30.036871;mauves.univ-st-etienne.fr.https;BP-Linux8;40684;.;1448
15:34:30.036873;mauves.univ-st-etienne.fr.https;BP-Linux8;40684;.;1072
15:34:30.036875;mauves.univ-st-etienne.fr.https;BP-Linux8;40684;.;1448
15:34:30.036877;mauves.univ-st-etienne.fr.https;BP-Linux8;40684;.;1448
15:34:30.036878;mauves.univ-st-etienne.fr.https;BP-Linux8;40684;.;1448
15:34:30.036879;mauves.univ-st-etienne.fr.https;BP-Linux8;40684;.;1440
15:34:30.037687;BP-Linux8;mauves.univ-st-etienne.fr.https;40684;.;0
15:34:30.040590;mauves.univ-st-etienne.fr.https;BP-Linux8;40684;.;1448
15:34:30.040764;mauves.univ-st-etienne.fr.https;BP-Linux8;40684;.;1448
15:34:30.040770;BP-Linux8;mauves.univ-st-etienne.fr.https;40684;.;0
15:34:30.040804;mauves.univ-st-etienne.fr.https;BP-Linux8;40684;.;1448
15:34:30.040807;mauves.univ-st-etienne.fr.https;BP-Linux8;40684;.;1448
15:34:30.040809;mauves.univ-st-etienne.fr.https;BP-Linux8;40684;.;1448
15:34:30.040810;mauves.univ-st-etienne.fr.https;BP-Linux8;40684;.;1448
15:34:30.041230;mauves.univ-st-etienne.fr.https;BP-Linux8;40684;.;1448
15:34:30.041408;mauves.univ-st-etienne.fr.https;BP-Linux8;40684;.;1448
15:34:30.041412;mauves.univ-st-etienne.fr.https;BP-Linux8;40684;.;1448
15:34:30.041413;mauves.univ-st-etienne.fr.https;BP-Linux8;40684;.;1448
15:34:30.041414;mauves.univ-st-etienne.fr.https;BP-Linux8;40684;.;1448
15:34:30.041416;mauves.univ-st-etienne.fr.https;BP-Linux8;40684;.;1448
15:34:30.041535;mauves.univ-st-etienne.fr.https;BP-Linux8;40684;.;1448
15:34:30.041539;mauves.univ-st-etienne.fr.https;BP-Linux8;40684;.;1448
15:34:30.041541;mauves.univ-st-etienne.fr.https;BP-Linux8;40684;.;1448
15:34:30.041542;mauves.univ-st-etienne.fr.https;BP-Linux8;40684;.;1448
15:34:30.041543;mauves.univ-st-etienne.fr.https;BP-Linux8;40684;.;1448
15:34:30.044546;mauves.univ-st-etienne.fr.https;BP-Linux8;40684;.;1448
15:34:30.044802;mauves.univ-st-etienne.fr.https;BP-Linux8;40684;.;1448
15:34:30.044807;mauves.univ-st-etienne.fr.https;BP-Linux8;40684;.;1448
15:34:30.044809;mauves.univ-st-etienne.fr.https;BP-Linux8;40684;.;1448
15:34:30.044810;mauves.univ-st-etienne.fr.https;BP-Linux8;40684;.;1448
15:34:30.044811;mauves.univ-st-etienne.fr.https;BP-Linux8;40684;.;1448
15:34:30.044812;mauves.univ-st-etienne.fr.https;BP-Linux8;40684;.;1448
15:34:30.044815;mauves.univ-st-etienne.fr.https;BP-Linux8;40684;.;1448
15:34:30.044816;mauves.univ-st-etienne.fr.https;BP-Linux8;40684;.;1448
15:34:30.044817;mauves.univ-st-etienne.fr.https;BP-Linux8;40684;.;1448
15:34:30.044818;mauves.univ-st-etienne.fr.https;BP-Linux8;40684;.;1448
15:34:30.044820;mauves.univ-st-etienne.fr.https;BP-Linux8;40684;.;1392
15:34:30.047322;BP-Linux8;mauves.univ-st-etienne.fr.https;40684;.;0
15:34:30.048236;BP-Linux8;mauves.univ-st-etienne.fr.https;40684;.;0
15:34:30.051105;mauves.univ-st-etienne.fr.https;BP-Linux8;40684;.;1448
15:34:30.051336;mauves.univ-st-etienne.fr.https;BP-Linux8;40684;.;1448
15:34:30.051339;mauves.univ-st-etienne.fr.https;BP-Linux8;40684;.;1448
15:34:30.051340;mauves.univ-st-etienne.fr.https;BP-Linux8;40684;.;1448
15:34:30.051341;mauves.univ-st-etienne.fr.https;BP-Linux8;40684;.;1448
15:34:30.051343;mauves.univ-st-etienne.fr.https;BP-Linux8;40684;.;1448
15:34:30.051344;mauves.univ-st-etienne.fr.https;BP-Linux8;40684;.;1448
15:34:30.051346;mauves.univ-st-etienne.fr.https;BP-Linux8;40684;.;1448
15:34:30.051347;mauves.univ-st-etienne.fr.https;BP-Linux8;40684;.;1448
15:34:30.051349;mauves.univ-st-etienne.fr.https;BP-Linux8;40684;.;1448
15:34:30.051350;mauves.univ-st-etienne.fr.https;BP-Linux8;40684;.;240
15:34:30.051952;mauves.univ-st-etienne.fr.https;BP-Linux8;40684;.;1448
15:34:30.052201;mauves.univ-st-etienne.fr.https;BP-Linux8;40684;P.;1272
15:34:30.052203;mauves.univ-st-etienne.fr.https;BP-Linux8;40684;.;1448
15:34:30.052205;mauves.univ-st-etienne.fr.https;BP-Linux8;40684;.;1448
15:34:30.052206;mauves.univ-st-etienne.fr.https;BP-Linux8;40684;.;1448
15:34:30.052207;mauves.univ-st-etienne.fr.https;BP-Linux8;40684;.;1448
15:34:30.052209;mauves.univ-st-etienne.fr.https;BP-Linux8;40684;.;1448
15:34:30.052210;mauves.univ-st-etienne.fr.https;BP-Linux8;40684;.;1448
15:34:30.052212;mauves.univ-st-etienne.fr.https;BP-Linux8;40684;.;1448
15:34:30.052214;mauves.univ-st-etienne.fr.https;BP-Linux8;40684;.;1448
15:34:30.052216;mauves.univ-st-etienne.fr.https;BP-Linux8;40684;.;1448
15:34:30.052217;mauves.univ-st-etienne.fr.https;BP-Linux8;40684;.;504
15:34:30.057042;BP-Linux8;mauves.univ-st-etienne.fr.https;40684;.;0
15:34:30.057073;BP-Linux8;mauves.univ-st-etienne.fr.https;40684;.;0
15:34:30.060894;mauves.univ-st-etienne.fr.https;BP-Linux8;40684;.;1448
15:34:30.061052;mauves.univ-st-etienne.fr.https;BP-Linux8;40684;.;1448
15:34:30.061056;BP-Linux8;mauves.univ-st-etienne.fr.https;40684;.;0
15:34:30.061072;mauves.univ-st-etienne.fr.https;BP-Linux8;40684;.;1448
15:34:30.061074;mauves.univ-st-etienne.fr.https;BP-Linux8;40684;.;1448
15:34:30.061076;mauves.univ-st-etienne.fr.https;BP-Linux8;40684;P.;1259
15:34:30.061665;BP-Linux8;mauves.univ-st-etienne.fr.https;40684;.;0
15:34:30.079470;BP-Linux8;mauves.univ-st-etienne.fr.https;40684;.;0
15:34:30.127844;BP-Linux8;mauves.univ-st-etienne.fr.https;40678;P.;572
15:34:30.128315;BP-Linux8;mauves.univ-st-etienne.fr.https;40680;P.;703
15:34:30.128661;BP-Linux8;mauves.univ-st-etienne.fr.https;40682;P.;570
15:34:30.129075;BP-Linux8;mauves.univ-st-etienne.fr.https;40683;P.;606
15:34:30.129210;BP-Linux8;par10s28-in-f14.1e100.net.https;55209;P.;46
15:34:30.131083;BP-Linux8;mauves.univ-st-etienne.fr.https;40684;P.;570
15:34:30.133525;mauves.univ-st-etienne.fr.https;BP-Linux8;40678;.;1448
15:34:30.133539;BP-Linux8;mauves.univ-st-etienne.fr.https;40678;.;0
15:34:30.133547;mauves.univ-st-etienne.fr.https;BP-Linux8;40678;.;1448
15:34:30.133550;BP-Linux8;mauves.univ-st-etienne.fr.https;40678;.;0
15:34:30.133653;mauves.univ-st-etienne.fr.https;BP-Linux8;40678;.;1448
15:34:30.133659;BP-Linux8;mauves.univ-st-etienne.fr.https;40678;.;0
15:34:30.133665;mauves.univ-st-etienne.fr.https;BP-Linux8;40678;.;1448
15:34:30.133667;BP-Linux8;mauves.univ-st-etienne.fr.https;40678;.;0
15:34:30.133671;mauves.univ-st-etienne.fr.https;BP-Linux8;40678;.;1448
15:34:30.133673;BP-Linux8;mauves.univ-st-etienne.fr.https;40678;.;0
15:34:30.133687;mauves.univ-st-etienne.fr.https;BP-Linux8;40678;.;1448
15:34:30.133688;BP-Linux8;mauves.univ-st-etienne.fr.https;40678;.;0
15:34:30.133693;mauves.univ-st-etienne.fr.https;BP-Linux8;40678;.;1448
15:34:30.133695;BP-Linux8;mauves.univ-st-etienne.fr.https;40678;.;0
15:34:30.133699;mauves.univ-st-etienne.fr.https;BP-Linux8;40678;P.;1288
15:34:30.133700;BP-Linux8;mauves.univ-st-etienne.fr.https;40678;.;0
15:34:30.133895;mauves.univ-st-etienne.fr.https;BP-Linux8;40680;.;1448
15:34:30.133902;BP-Linux8;mauves.univ-st-etienne.fr.https;40680;.;0
15:34:30.134147;mauves.univ-st-etienne.fr.https;BP-Linux8;40680;.;1448
15:34:30.134152;BP-Linux8;mauves.univ-st-etienne.fr.https;40680;.;0
15:34:30.134160;mauves.univ-st-etienne.fr.https;BP-Linux8;40680;.;1448
15:34:30.134162;BP-Linux8;mauves.univ-st-etienne.fr.https;40680;.;0
15:34:30.134166;mauves.univ-st-etienne.fr.https;BP-Linux8;40680;.;1448
15:34:30.134168;BP-Linux8;mauves.univ-st-etienne.fr.https;40680;.;0
15:34:30.134172;mauves.univ-st-etienne.fr.https;BP-Linux8;40680;P.;178
15:34:30.134173;BP-Linux8;mauves.univ-st-etienne.fr.https;40680;.;0
15:34:30.134177;mauves.univ-st-etienne.fr.https;BP-Linux8;40682;.;1448
15:34:30.134181;BP-Linux8;mauves.univ-st-etienne.fr.https;40682;.;0
15:34:30.134185;mauves.univ-st-etienne.fr.https;BP-Linux8;40682;.;1448
15:34:30.134187;BP-Linux8;mauves.univ-st-etienne.fr.https;40682;.;0
15:34:30.134191;mauves.univ-st-etienne.fr.https;BP-Linux8;40682;.;1448
15:34:30.134193;BP-Linux8;mauves.univ-st-etienne.fr.https;40682;.;0
15:34:30.134197;mauves.univ-st-etienne.fr.https;BP-Linux8;40682;.;1448
15:34:30.134199;BP-Linux8;mauves.univ-st-etienne.fr.https;40682;.;0
15:34:30.134204;mauves.univ-st-etienne.fr.https;BP-Linux8;40682;.;1448
15:34:30.134205;BP-Linux8;mauves.univ-st-etienne.fr.https;40682;.;0
15:34:30.134209;mauves.univ-st-etienne.fr.https;BP-Linux8;40682;.;1448
15:34:30.134211;BP-Linux8;mauves.univ-st-etienne.fr.https;40682;.;0
15:34:30.134215;mauves.univ-st-etienne.fr.https;BP-Linux8;40682;P.;1237
15:34:30.134217;BP-Linux8;mauves.univ-st-etienne.fr.https;40682;.;0
15:34:30.134411;mauves.univ-st-etienne.fr.https;BP-Linux8;40683;.;1448
15:34:30.134415;BP-Linux8;mauves.univ-st-etienne.fr.https;40683;.;0
15:34:30.134512;mauves.univ-st-etienne.fr.https;BP-Linux8;40683;.;1448
15:34:30.134516;BP-Linux8;mauves.univ-st-etienne.fr.https;40683;.;0
15:34:30.134559;mauves.univ-st-etienne.fr.https;BP-Linux8;40683;.;1448
15:34:30.134561;BP-Linux8;mauves.univ-st-etienne.fr.https;40683;.;0
15:34:30.134566;mauves.univ-st-etienne.fr.https;BP-Linux8;40683;.;1448
15:34:30.134567;BP-Linux8;mauves.univ-st-etienne.fr.https;40683;.;0
15:34:30.134571;mauves.univ-st-etienne.fr.https;BP-Linux8;40683;P.;308
15:34:30.134573;BP-Linux8;mauves.univ-st-etienne.fr.https;40683;.;0
15:34:30.136296;mauves.univ-st-etienne.fr.https;BP-Linux8;40684;.;1448
15:34:30.136300;BP-Linux8;mauves.univ-st-etienne.fr.https;40684;.;0
15:34:30.136480;mauves.univ-st-etienne.fr.https;BP-Linux8;40684;.;1448
15:34:30.136483;BP-Linux8;mauves.univ-st-etienne.fr.https;40684;.;0
15:34:30.136488;mauves.univ-st-etienne.fr.https;BP-Linux8;40684;.;1448
15:34:30.136490;BP-Linux8;mauves.univ-st-etienne.fr.https;40684;.;0
15:34:30.136494;mauves.univ-st-etienne.fr.https;BP-Linux8;40684;.;1448
15:34:30.136496;BP-Linux8;mauves.univ-st-etienne.fr.https;40684;.;0
15:34:30.136500;mauves.univ-st-etienne.fr.https;BP-Linux8;40684;.;1448
15:34:30.136501;BP-Linux8;mauves.univ-st-etienne.fr.https;40684;.;0
15:34:30.136505;mauves.univ-st-etienne.fr.https;BP-Linux8;40684;.;1448
15:34:30.136507;BP-Linux8;mauves.univ-st-etienne.fr.https;40684;.;0
15:34:30.136511;mauves.univ-st-etienne.fr.https;BP-Linux8;40684;P.;1041
15:34:30.136512;BP-Linux8;mauves.univ-st-etienne.fr.https;40684;.;0
15:34:30.141148;par10s28-in-f14.1e100.net.https;BP-Linux8;55209;.;0
15:34:30.141263;par10s28-in-f14.1e100.net.https;BP-Linux8;55209;P.;46
15:34:30.172804;BP-Linux8;mauves.univ-st-etienne.fr.https;40679;P.;570
15:34:30.178213;mauves.univ-st-etienne.fr.https;BP-Linux8;40679;.;1448
15:34:30.178224;BP-Linux8;mauves.univ-st-etienne.fr.https;40679;.;0
15:34:30.178325;mauves.univ-st-etienne.fr.https;BP-Linux8;40679;.;1448
15:34:30.178330;BP-Linux8;mauves.univ-st-etienne.fr.https;40679;.;0
15:34:30.178408;mauves.univ-st-etienne.fr.https;BP-Linux8;40679;.;1448
15:34:30.178413;BP-Linux8;mauves.univ-st-etienne.fr.https;40679;.;0
15:34:30.178419;mauves.univ-st-etienne.fr.https;BP-Linux8;40679;.;1448
15:34:30.178421;BP-Linux8;mauves.univ-st-etienne.fr.https;40679;.;0
15:34:30.178425;mauves.univ-st-etienne.fr.https;BP-Linux8;40679;.;1448
15:34:30.178427;BP-Linux8;mauves.univ-st-etienne.fr.https;40679;.;0
15:34:30.178431;mauves.univ-st-etienne.fr.https;BP-Linux8;40679;.;1448
15:34:30.178432;BP-Linux8;mauves.univ-st-etienne.fr.https;40679;.;0
15:34:30.178436;mauves.univ-st-etienne.fr.https;BP-Linux8;40679;.;1448
15:34:30.178438;BP-Linux8;mauves.univ-st-etienne.fr.https;40679;.;0
15:34:30.178442;mauves.univ-st-etienne.fr.https;BP-Linux8;40679;P.;1125
15:34:30.178444;BP-Linux8;mauves.univ-st-etienne.fr.https;40679;.;0
15:34:30.180732;BP-Linux8;par10s28-in-f14.1e100.net.https;55209;.;0
15:34:30.190291;BP-Linux8;mauves.univ-st-etienne.fr.https;40678;P.;371
15:34:30.192778;BP-Linux8;mauves.univ-st-etienne.fr.https;40680;P.;381
15:34:30.195858;mauves.univ-st-etienne.fr.https;BP-Linux8;40678;.;1448
15:34:30.195867;BP-Linux8;mauves.univ-st-etienne.fr.https;40678;.;0
15:34:30.195960;mauves.univ-st-etienne.fr.https;BP-Linux8;40678;.;1448
15:34:30.195963;BP-Linux8;mauves.univ-st-etienne.fr.https;40678;.;0
15:34:30.196007;mauves.univ-st-etienne.fr.https;BP-Linux8;40678;.;1448
15:34:30.196009;BP-Linux8;mauves.univ-st-etienne.fr.https;40678;.;0
15:34:30.196014;mauves.univ-st-etienne.fr.https;BP-Linux8;40678;.;1448
15:34:30.196015;BP-Linux8;mauves.univ-st-etienne.fr.https;40678;.;0
15:34:30.196020;mauves.univ-st-etienne.fr.https;BP-Linux8;40678;P.;762
15:34:30.196022;BP-Linux8;mauves.univ-st-etienne.fr.https;40678;.;0
15:34:30.198345;mauves.univ-st-etienne.fr.https;BP-Linux8;40680;.;1448
15:34:30.198354;BP-Linux8;mauves.univ-st-etienne.fr.https;40680;.;0
15:34:30.198451;mauves.univ-st-etienne.fr.https;BP-Linux8;40680;.;1448
15:34:30.198457;BP-Linux8;mauves.univ-st-etienne.fr.https;40680;.;0
15:34:30.198632;mauves.univ-st-etienne.fr.https;BP-Linux8;40680;.;1448
15:34:30.198638;BP-Linux8;mauves.univ-st-etienne.fr.https;40680;.;0
15:34:30.198643;mauves.univ-st-etienne.fr.https;BP-Linux8;40680;.;1448
15:34:30.198646;BP-Linux8;mauves.univ-st-etienne.fr.https;40680;.;0
15:34:30.198650;mauves.univ-st-etienne.fr.https;BP-Linux8;40680;.;1448
15:34:30.198652;BP-Linux8;mauves.univ-st-etienne.fr.https;40680;.;0
15:34:30.198656;mauves.univ-st-etienne.fr.https;BP-Linux8;40680;.;1448
15:34:30.198657;BP-Linux8;mauves.univ-st-etienne.fr.https;40680;.;0
15:34:30.198661;mauves.univ-st-etienne.fr.https;BP-Linux8;40680;.;1448
15:34:30.198663;BP-Linux8;mauves.univ-st-etienne.fr.https;40680;.;0
15:34:30.198667;mauves.univ-st-etienne.fr.https;BP-Linux8;40680;.;1448
15:34:30.198669;BP-Linux8;mauves.univ-st-etienne.fr.https;40680;.;0
15:34:30.198673;mauves.univ-st-etienne.fr.https;BP-Linux8;40680;.;1448
15:34:30.198675;BP-Linux8;mauves.univ-st-etienne.fr.https;40680;.;0
15:34:30.198679;mauves.univ-st-etienne.fr.https;BP-Linux8;40680;.;1448
15:34:30.198681;BP-Linux8;mauves.univ-st-etienne.fr.https;40680;.;0
15:34:30.198685;mauves.univ-st-etienne.fr.https;BP-Linux8;40680;.;1448
15:34:30.198687;BP-Linux8;mauves.univ-st-etienne.fr.https;40680;.;0
15:34:30.198691;mauves.univ-st-etienne.fr.https;BP-Linux8;40680;P.;987
15:34:30.198693;BP-Linux8;mauves.univ-st-etienne.fr.https;40680;.;0
15:34:30.441960;BP-Linux8;93.184.220.29.http;34621;.;0
15:34:30.449224;93.184.220.29.http;BP-Linux8;34621;.;0
15:34:30.590454;BP-Linux8;par21s05-in-f131.1e100.net.http;37254;F.;0
15:34:30.590490;BP-Linux8;par21s05-in-f131.1e100.net.http;37255;F.;0
15:34:30.590503;BP-Linux8;par21s05-in-f131.1e100.net.http;37253;F.;0
15:34:30.602254;par21s05-in-f131.1e100.net.http;BP-Linux8;37255;F.;0
15:34:30.602267;BP-Linux8;par21s05-in-f131.1e100.net.http;37255;.;0
15:34:30.602367;par21s05-in-f131.1e100.net.http;BP-Linux8;37254;F.;0
15:34:30.602371;BP-Linux8;par21s05-in-f131.1e100.net.http;37254;.;0
15:34:30.602377;par21s05-in-f131.1e100.net.http;BP-Linux8;37253;F.;0
15:34:30.602379;BP-Linux8;par21s05-in-f131.1e100.net.http;37253;.;0
15:34:30.710755;BP-Linux8;par21s20-in-f14.1e100.net.https;33251;S;0
15:34:30.715656;BP-Linux8;mauves.univ-st-etienne.fr.https;40686;S;0
15:34:30.719481;mauves.univ-st-etienne.fr.https;BP-Linux8;40686;S.;0
15:34:30.719494;BP-Linux8;mauves.univ-st-etienne.fr.https;40686;.;0
15:34:30.719678;BP-Linux8;mauves.univ-st-etienne.fr.https;40686;P.;205
15:34:30.722683;BP-Linux8;par21s20-in-f14.1e100.net.https;33253;S;0
15:34:30.722760;par21s20-in-f14.1e100.net.https;BP-Linux8;33251;S.;0
15:34:30.722779;BP-Linux8;par21s20-in-f14.1e100.net.https;33251;.;0
15:34:30.722923;BP-Linux8;par21s20-in-f14.1e100.net.https;33251;P.;205
15:34:30.723368;mauves.univ-st-etienne.fr.https;BP-Linux8;40686;.;0
15:34:30.725673;BP-Linux8.ssh;192.168.190.130;50245;P.;100
15:34:30.727505;mauves.univ-st-etienne.fr.https;BP-Linux8;40686;.;1448
15:34:30.727513;BP-Linux8;mauves.univ-st-etienne.fr.https;40686;.;0
15:34:30.727639;mauves.univ-st-etienne.fr.https;BP-Linux8;40686;.;1448
15:34:30.727644;BP-Linux8;mauves.univ-st-etienne.fr.https;40686;.;0
15:34:30.727651;mauves.univ-st-etienne.fr.https;BP-Linux8;40686;P.;1209
15:34:30.727654;BP-Linux8;mauves.univ-st-etienne.fr.https;40686;.;0
15:34:30.732504;BP-Linux8;mauves.univ-st-etienne.fr.https;40686;P.;126
15:34:30.734635;par21s20-in-f14.1e100.net.https;BP-Linux8;33253;S.;0
15:34:30.734645;BP-Linux8;par21s20-in-f14.1e100.net.https;33253;.;0
15:34:30.734957;par21s20-in-f14.1e100.net.https;BP-Linux8;33251;.;0
15:34:30.736576;mauves.univ-st-etienne.fr.https;BP-Linux8;40686;P.;51
15:34:30.739459;par21s20-in-f14.1e100.net.https;BP-Linux8;33251;.;1418
15:34:30.739467;BP-Linux8;par21s20-in-f14.1e100.net.https;33251;.;0
15:34:30.739475;par21s20-in-f14.1e100.net.https;BP-Linux8;33251;P.;1418
15:34:30.739478;BP-Linux8;par21s20-in-f14.1e100.net.https;33251;.;0
15:34:30.739569;par21s20-in-f14.1e100.net.https;BP-Linux8;33251;.;1418
15:34:30.739576;BP-Linux8;par21s20-in-f14.1e100.net.https;33251;.;0
15:34:30.739583;par21s20-in-f14.1e100.net.https;BP-Linux8;33251;P.;214
15:34:30.739584;BP-Linux8;par21s20-in-f14.1e100.net.https;33251;.;0
15:34:30.745242;192.168.190.130;BP-Linux8.ssh;50245;.;0
15:34:30.772729;BP-Linux8;mauves.univ-st-etienne.fr.https;40686;.;0
15:34:30.779501;BP-Linux8;par21s20-in-f14.1e100.net.https;33251;P.;93
15:34:30.784785;BP-Linux8;mauves.univ-st-etienne.fr.https;40686;P.;342
15:34:30.785071;BP-Linux8;par21s05-in-f131.1e100.net.http;37257;P.;431
15:34:30.785592;BP-Linux8;mauves.univ-st-etienne.fr.https;40682;P.;417
15:34:30.786542;BP-Linux8;mauves.univ-st-etienne.fr.https;40680;P.;424
15:34:30.787516;BP-Linux8;mauves.univ-st-etienne.fr.https;40684;P.;584
15:34:30.787744;BP-Linux8;mauves.univ-st-etienne.fr.https;40678;P.;575
15:34:30.788017;BP-Linux8;par21s20-in-f14.1e100.net.https;33253;P.;205
15:34:30.788181;BP-Linux8;mauves.univ-st-etienne.fr.https;40679;P.;567
15:34:30.791025;mauves.univ-st-etienne.fr.https;BP-Linux8;40682;P.;554
15:34:30.791036;BP-Linux8;mauves.univ-st-etienne.fr.https;40682;.;0
15:34:30.791468;mauves.univ-st-etienne.fr.https;BP-Linux8;40680;P.;735
15:34:30.791478;BP-Linux8;mauves.univ-st-etienne.fr.https;40680;.;0
15:34:30.791677;par21s20-in-f14.1e100.net.https;BP-Linux8;33251;P.;292
15:34:30.791684;BP-Linux8;par21s20-in-f14.1e100.net.https;33251;.;0
15:34:30.791800;par21s20-in-f14.1e100.net.https;BP-Linux8;33251;P.;69
15:34:30.791805;BP-Linux8;par21s20-in-f14.1e100.net.https;33251;.;0
15:34:30.793799;mauves.univ-st-etienne.fr.https;BP-Linux8;40678;.;1448
15:34:30.793809;BP-Linux8;mauves.univ-st-etienne.fr.https;40678;.;0
15:34:30.793817;mauves.univ-st-etienne.fr.https;BP-Linux8;40678;.;1448
15:34:30.793820;BP-Linux8;mauves.univ-st-etienne.fr.https;40678;.;0
15:34:30.793914;mauves.univ-st-etienne.fr.https;BP-Linux8;40678;.;1448
15:34:30.793918;BP-Linux8;mauves.univ-st-etienne.fr.https;40678;.;0
15:34:30.793924;mauves.univ-st-etienne.fr.https;BP-Linux8;40678;.;1448
15:34:30.793926;BP-Linux8;mauves.univ-st-etienne.fr.https;40678;.;0
15:34:30.793930;mauves.univ-st-etienne.fr.https;BP-Linux8;40678;.;1448
15:34:30.793932;BP-Linux8;mauves.univ-st-etienne.fr.https;40678;.;0
15:34:30.793995;mauves.univ-st-etienne.fr.https;BP-Linux8;40678;.;1448
15:34:30.794001;BP-Linux8;mauves.univ-st-etienne.fr.https;40678;.;0
15:34:30.794007;mauves.univ-st-etienne.fr.https;BP-Linux8;40678;.;1448
15:34:30.794009;BP-Linux8;mauves.univ-st-etienne.fr.https;40678;.;0
15:34:30.794013;mauves.univ-st-etienne.fr.https;BP-Linux8;40678;.;1448
15:34:30.794015;BP-Linux8;mauves.univ-st-etienne.fr.https;40678;.;0
15:34:30.794019;mauves.univ-st-etienne.fr.https;BP-Linux8;40678;.;1448
15:34:30.794021;BP-Linux8;mauves.univ-st-etienne.fr.https;40678;.;0
15:34:30.794026;mauves.univ-st-etienne.fr.https;BP-Linux8;40678;.;1448
15:34:30.794028;BP-Linux8;mauves.univ-st-etienne.fr.https;40678;.;0
15:34:30.794242;mauves.univ-st-etienne.fr.https;BP-Linux8;40684;.;1448
15:34:30.794250;BP-Linux8;mauves.univ-st-etienne.fr.https;40684;.;0
15:34:30.794476;mauves.univ-st-etienne.fr.https;BP-Linux8;40684;.;1448
15:34:30.794480;BP-Linux8;mauves.univ-st-etienne.fr.https;40684;.;0
15:34:30.794486;mauves.univ-st-etienne.fr.https;BP-Linux8;40684;.;1448
15:34:30.794488;BP-Linux8;mauves.univ-st-etienne.fr.https;40684;.;0
15:34:30.794492;mauves.univ-st-etienne.fr.https;BP-Linux8;40684;.;1448
15:34:30.794494;BP-Linux8;mauves.univ-st-etienne.fr.https;40684;.;0
15:34:30.794499;mauves.univ-st-etienne.fr.https;BP-Linux8;40684;.;1448
15:34:30.794500;BP-Linux8;mauves.univ-st-etienne.fr.https;40684;.;0
15:34:30.794504;mauves.univ-st-etienne.fr.https;BP-Linux8;40684;.;1448
15:34:30.794506;BP-Linux8;mauves.univ-st-etienne.fr.https;40684;.;0
15:34:30.794510;mauves.univ-st-etienne.fr.https;BP-Linux8;40684;.;1448
15:34:30.794512;BP-Linux8;mauves.univ-st-etienne.fr.https;40684;.;0
15:34:30.794516;mauves.univ-st-etienne.fr.https;BP-Linux8;40684;.;1448
15:34:30.794518;BP-Linux8;mauves.univ-st-etienne.fr.https;40684;.;0
15:34:30.794522;mauves.univ-st-etienne.fr.https;BP-Linux8;40684;.;1448
15:34:30.794524;BP-Linux8;mauves.univ-st-etienne.fr.https;40684;.;0
15:34:30.794528;mauves.univ-st-etienne.fr.https;BP-Linux8;40684;.;1448
15:34:30.794530;BP-Linux8;mauves.univ-st-etienne.fr.https;40684;.;0
15:34:30.795410;mauves.univ-st-etienne.fr.https;BP-Linux8;40679;.;1448
15:34:30.795415;BP-Linux8;mauves.univ-st-etienne.fr.https;40679;.;0
15:34:30.795469;mauves.univ-st-etienne.fr.https;BP-Linux8;40686;.;1448
15:34:30.795472;BP-Linux8;mauves.univ-st-etienne.fr.https;40686;.;0
15:34:30.795571;mauves.univ-st-etienne.fr.https;BP-Linux8;40679;.;1448
15:34:30.795574;BP-Linux8;mauves.univ-st-etienne.fr.https;40679;.;0
15:34:30.795579;mauves.univ-st-etienne.fr.https;BP-Linux8;40679;.;1448
15:34:30.795581;BP-Linux8;mauves.univ-st-etienne.fr.https;40679;.;0
15:34:30.795585;mauves.univ-st-etienne.fr.https;BP-Linux8;40679;.;1448
15:34:30.795586;BP-Linux8;mauves.univ-st-etienne.fr.https;40679;.;0
15:34:30.795590;mauves.univ-st-etienne.fr.https;BP-Linux8;40679;.;1448
15:34:30.795592;BP-Linux8;mauves.univ-st-etienne.fr.https;40679;.;0
15:34:30.795690;mauves.univ-st-etienne.fr.https;BP-Linux8;40679;.;1448
15:34:30.795692;BP-Linux8;mauves.univ-st-etienne.fr.https;40679;.;0
15:34:30.795696;mauves.univ-st-etienne.fr.https;BP-Linux8;40686;.;1448
15:34:30.795698;BP-Linux8;mauves.univ-st-etienne.fr.https;40686;.;0
15:34:30.795702;mauves.univ-st-etienne.fr.https;BP-Linux8;40686;.;1448
15:34:30.795703;BP-Linux8;mauves.univ-st-etienne.fr.https;40686;.;0
15:34:30.795707;mauves.univ-st-etienne.fr.https;BP-Linux8;40686;.;1448
15:34:30.795709;BP-Linux8;mauves.univ-st-etienne.fr.https;40686;.;0
15:34:30.795713;mauves.univ-st-etienne.fr.https;BP-Linux8;40686;.;1448
15:34:30.795714;BP-Linux8;mauves.univ-st-etienne.fr.https;40686;.;0
15:34:30.795719;mauves.univ-st-etienne.fr.https;BP-Linux8;40686;.;1448
15:34:30.795720;BP-Linux8;mauves.univ-st-etienne.fr.https;40686;.;0
15:34:30.795725;mauves.univ-st-etienne.fr.https;BP-Linux8;40686;.;1448
15:34:30.795726;BP-Linux8;mauves.univ-st-etienne.fr.https;40686;.;0
15:34:30.795730;mauves.univ-st-etienne.fr.https;BP-Linux8;40686;.;1448
15:34:30.795732;BP-Linux8;mauves.univ-st-etienne.fr.https;40686;.;0
15:34:30.795736;mauves.univ-st-etienne.fr.https;BP-Linux8;40679;.;1448
15:34:30.795737;BP-Linux8;mauves.univ-st-etienne.fr.https;40679;.;0
15:34:30.795741;mauves.univ-st-etienne.fr.https;BP-Linux8;40679;.;1448
15:34:30.795743;BP-Linux8;mauves.univ-st-etienne.fr.https;40679;.;0
15:34:30.795747;mauves.univ-st-etienne.fr.https;BP-Linux8;40679;.;1448
15:34:30.795749;BP-Linux8;mauves.univ-st-etienne.fr.https;40679;.;0
15:34:30.795753;mauves.univ-st-etienne.fr.https;BP-Linux8;40679;.;1448
15:34:30.795755;BP-Linux8;mauves.univ-st-etienne.fr.https;40679;.;0
15:34:30.795759;mauves.univ-st-etienne.fr.https;BP-Linux8;40686;.;1448
15:34:30.795760;BP-Linux8;mauves.univ-st-etienne.fr.https;40686;.;0
15:34:30.795765;mauves.univ-st-etienne.fr.https;BP-Linux8;40686;.;1448
15:34:30.795766;BP-Linux8;mauves.univ-st-etienne.fr.https;40686;.;0
15:34:30.797509;mauves.univ-st-etienne.fr.https;BP-Linux8;40678;.;1448
15:34:30.797514;BP-Linux8;mauves.univ-st-etienne.fr.https;40678;.;0
15:34:30.797629;mauves.univ-st-etienne.fr.https;BP-Linux8;40678;.;1448
15:34:30.797632;BP-Linux8;mauves.univ-st-etienne.fr.https;40678;.;0
15:34:30.797771;mauves.univ-st-etienne.fr.https;BP-Linux8;40678;.;1448
15:34:30.797773;BP-Linux8;mauves.univ-st-etienne.fr.https;40678;.;0
15:34:30.797778;mauves.univ-st-etienne.fr.https;BP-Linux8;40678;.;1448
15:34:30.797780;BP-Linux8;mauves.univ-st-etienne.fr.https;40678;.;0
15:34:30.797784;mauves.univ-st-etienne.fr.https;BP-Linux8;40678;P.;100
15:34:30.797785;BP-Linux8;mauves.univ-st-etienne.fr.https;40678;.;0
15:34:30.798004;mauves.univ-st-etienne.fr.https;BP-Linux8;40684;.;1448
15:34:30.798007;BP-Linux8;mauves.univ-st-etienne.fr.https;40684;.;0
15:34:30.798012;mauves.univ-st-etienne.fr.https;BP-Linux8;40684;.;1448
15:34:30.798014;BP-Linux8;mauves.univ-st-etienne.fr.https;40684;.;0
15:34:30.798256;mauves.univ-st-etienne.fr.https;BP-Linux8;40684;.;1448
15:34:30.798259;BP-Linux8;mauves.univ-st-etienne.fr.https;40684;.;0
15:34:30.798263;mauves.univ-st-etienne.fr.https;BP-Linux8;40684;.;1448
15:34:30.798265;BP-Linux8;mauves.univ-st-etienne.fr.https;40684;.;0
15:34:30.798358;mauves.univ-st-etienne.fr.https;BP-Linux8;40684;.;1448
15:34:30.798360;BP-Linux8;mauves.univ-st-etienne.fr.https;40684;.;0
15:34:30.798375;mauves.univ-st-etienne.fr.https;BP-Linux8;40684;.;1448
15:34:30.798377;BP-Linux8;mauves.univ-st-etienne.fr.https;40684;.;0
15:34:30.798558;mauves.univ-st-etienne.fr.https;BP-Linux8;40684;.;1448
15:34:30.798561;BP-Linux8;mauves.univ-st-etienne.fr.https;40684;.;0
15:34:30.798565;mauves.univ-st-etienne.fr.https;BP-Linux8;40684;.;1448
15:34:30.798567;BP-Linux8;mauves.univ-st-etienne.fr.https;40684;.;0
15:34:30.798571;mauves.univ-st-etienne.fr.https;BP-Linux8;40684;.;1448
15:34:30.798574;mauves.univ-st-etienne.fr.https;BP-Linux8;40684;.;1448
15:34:30.798575;mauves.univ-st-etienne.fr.https;BP-Linux8;40684;.;1448
15:34:30.798577;mauves.univ-st-etienne.fr.https;BP-Linux8;40684;P.;1113
15:34:30.799121;mauves.univ-st-etienne.fr.https;BP-Linux8;40679;.;1448
15:34:30.799124;BP-Linux8;mauves.univ-st-etienne.fr.https;40679;.;0
15:34:30.799177;mauves.univ-st-etienne.fr.https;BP-Linux8;40686;.;1448
15:34:30.799178;BP-Linux8;mauves.univ-st-etienne.fr.https;40686;.;0
15:34:30.799183;mauves.univ-st-etienne.fr.https;BP-Linux8;40686;.;1448
15:34:30.799185;BP-Linux8;mauves.univ-st-etienne.fr.https;40686;.;0
15:34:30.799245;mauves.univ-st-etienne.fr.https;BP-Linux8;40679;.;1448
15:34:30.799248;BP-Linux8;mauves.univ-st-etienne.fr.https;40679;.;0
15:34:30.799439;mauves.univ-st-etienne.fr.https;BP-Linux8;40679;.;1448
15:34:30.799442;BP-Linux8;mauves.univ-st-etienne.fr.https;40679;.;0
15:34:30.799446;mauves.univ-st-etienne.fr.https;BP-Linux8;40679;.;1448
15:34:30.799448;BP-Linux8;mauves.univ-st-etienne.fr.https;40679;.;0
15:34:30.799452;mauves.univ-st-etienne.fr.https;BP-Linux8;40679;.;1448
15:34:30.799454;BP-Linux8;mauves.univ-st-etienne.fr.https;40679;.;0
15:34:30.799458;mauves.univ-st-etienne.fr.https;BP-Linux8;40679;.;1448
15:34:30.799459;BP-Linux8;mauves.univ-st-etienne.fr.https;40679;.;0
15:34:30.799463;mauves.univ-st-etienne.fr.https;BP-Linux8;40686;.;1448
15:34:30.799465;BP-Linux8;mauves.univ-st-etienne.fr.https;40686;.;0
15:34:30.799469;mauves.univ-st-etienne.fr.https;BP-Linux8;40686;.;1448
15:34:30.799470;BP-Linux8;mauves.univ-st-etienne.fr.https;40686;.;0
15:34:30.799563;mauves.univ-st-etienne.fr.https;BP-Linux8;40679;.;1448
15:34:30.799566;BP-Linux8;mauves.univ-st-etienne.fr.https;40679;.;0
15:34:30.799570;mauves.univ-st-etienne.fr.https;BP-Linux8;40679;.;1448
15:34:30.799573;mauves.univ-st-etienne.fr.https;BP-Linux8;40679;.;1448
15:34:30.799574;mauves.univ-st-etienne.fr.https;BP-Linux8;40679;.;1448
15:34:30.799576;mauves.univ-st-etienne.fr.https;BP-Linux8;40679;.;1448
15:34:30.799577;mauves.univ-st-etienne.fr.https;BP-Linux8;40686;.;1448
15:34:30.799579;BP-Linux8;mauves.univ-st-etienne.fr.https;40686;.;0
15:34:30.799672;mauves.univ-st-etienne.fr.https;BP-Linux8;40679;.;1448
15:34:30.799674;mauves.univ-st-etienne.fr.https;BP-Linux8;40679;.;1448
15:34:30.799675;mauves.univ-st-etienne.fr.https;BP-Linux8;40679;.;1448
15:34:30.799676;mauves.univ-st-etienne.fr.https;BP-Linux8;40679;.;1448
15:34:30.799678;mauves.univ-st-etienne.fr.https;BP-Linux8;40686;.;1448
15:34:30.799679;BP-Linux8;mauves.univ-st-etienne.fr.https;40686;.;0
15:34:30.799684;mauves.univ-st-etienne.fr.https;BP-Linux8;40686;P.;886
15:34:30.799685;BP-Linux8;mauves.univ-st-etienne.fr.https;40686;.;0
15:34:30.799779;mauves.univ-st-etienne.fr.https;BP-Linux8;40679;.;1448
15:34:30.799781;mauves.univ-st-etienne.fr.https;BP-Linux8;40679;.;1448
15:34:30.799782;mauves.univ-st-etienne.fr.https;BP-Linux8;40679;.;1448
15:34:30.799793;mauves.univ-st-etienne.fr.https;BP-Linux8;40679;.;1448
15:34:30.799794;mauves.univ-st-etienne.fr.https;BP-Linux8;40679;.;1448
15:34:30.799956;par21s20-in-f14.1e100.net.https;BP-Linux8;33253;.;0
15:34:30.801495;par21s05-in-f131.1e100.net.http;BP-Linux8;37257;P.;701
15:34:30.801503;BP-Linux8;par21s05-in-f131.1e100.net.http;37257;.;0
15:34:30.802822;mauves.univ-st-etienne.fr.https;BP-Linux8;40679;.;1448
15:34:30.802944;mauves.univ-st-etienne.fr.https;BP-Linux8;40679;.;1448
15:34:30.803258;mauves.univ-st-etienne.fr.https;BP-Linux8;40679;.;1448
15:34:30.803440;mauves.univ-st-etienne.fr.https;BP-Linux8;40679;.;1448
15:34:30.803442;mauves.univ-st-etienne.fr.https;BP-Linux8;40679;.;1448
15:34:30.803443;mauves.univ-st-etienne.fr.https;BP-Linux8;40679;.;1448
15:34:30.803445;mauves.univ-st-etienne.fr.https;BP-Linux8;40679;.;1448
15:34:30.803446;mauves.univ-st-etienne.fr.https;BP-Linux8;40679;.;1448
15:34:30.803447;mauves.univ-st-etienne.fr.https;BP-Linux8;40679;P.;779
15:34:30.803900;BP-Linux8;mauves.univ-st-etienne.fr.https;40683;P.;576
15:34:30.804445;par21s20-in-f14.1e100.net.https;BP-Linux8;33253;.;1418
15:34:30.804451;BP-Linux8;par21s20-in-f14.1e100.net.https;33253;.;0
15:34:30.804458;par21s20-in-f14.1e100.net.https;BP-Linux8;33253;P.;1418
15:34:30.804460;BP-Linux8;par21s20-in-f14.1e100.net.https;33253;.;0
15:34:30.804553;par21s20-in-f14.1e100.net.https;BP-Linux8;33253;.;1418
15:34:30.804558;BP-Linux8;par21s20-in-f14.1e100.net.https;33253;.;0
15:34:30.804564;par21s20-in-f14.1e100.net.https;BP-Linux8;33253;P.;213
15:34:30.804566;BP-Linux8;par21s20-in-f14.1e100.net.https;33253;.;0
15:34:30.805066;BP-Linux8;mauves.univ-st-etienne.fr.https;40684;.;0
15:34:30.809405;mauves.univ-st-etienne.fr.https;BP-Linux8;40683;.;1448
15:34:30.809413;BP-Linux8;mauves.univ-st-etienne.fr.https;40683;.;0
15:34:30.809511;mauves.univ-st-etienne.fr.https;BP-Linux8;40683;.;1448
15:34:30.809516;BP-Linux8;mauves.univ-st-etienne.fr.https;40683;.;0
15:34:30.809617;mauves.univ-st-etienne.fr.https;BP-Linux8;40683;.;1448
15:34:30.809622;BP-Linux8;mauves.univ-st-etienne.fr.https;40683;.;0
15:34:30.809629;mauves.univ-st-etienne.fr.https;BP-Linux8;40683;.;1448
15:34:30.809631;BP-Linux8;mauves.univ-st-etienne.fr.https;40683;.;0
15:34:30.809635;mauves.univ-st-etienne.fr.https;BP-Linux8;40683;.;1448
15:34:30.809636;BP-Linux8;mauves.univ-st-etienne.fr.https;40683;.;0
15:34:30.809641;mauves.univ-st-etienne.fr.https;BP-Linux8;40683;.;1448
15:34:30.809643;BP-Linux8;mauves.univ-st-etienne.fr.https;40683;.;0
15:34:30.809647;mauves.univ-st-etienne.fr.https;BP-Linux8;40683;.;1448
15:34:30.809648;BP-Linux8;mauves.univ-st-etienne.fr.https;40683;.;0
15:34:30.809649;mauves.univ-st-etienne.fr.https;BP-Linux8;40683;.;1448
15:34:30.809651;BP-Linux8;mauves.univ-st-etienne.fr.https;40683;.;0
15:34:30.809655;mauves.univ-st-etienne.fr.https;BP-Linux8;40683;.;1448
15:34:30.809656;BP-Linux8;mauves.univ-st-etienne.fr.https;40683;.;0
15:34:30.809657;mauves.univ-st-etienne.fr.https;BP-Linux8;40683;.;1448
15:34:30.809659;BP-Linux8;mauves.univ-st-etienne.fr.https;40683;.;0
15:34:30.813147;mauves.univ-st-etienne.fr.https;BP-Linux8;40683;.;1448
15:34:30.813154;BP-Linux8;mauves.univ-st-etienne.fr.https;40683;.;0
15:34:30.813251;mauves.univ-st-etienne.fr.https;BP-Linux8;40683;.;1448
15:34:30.813255;BP-Linux8;mauves.univ-st-etienne.fr.https;40683;.;0
15:34:30.813523;mauves.univ-st-etienne.fr.https;BP-Linux8;40683;.;1448
15:34:30.813526;BP-Linux8;mauves.univ-st-etienne.fr.https;40683;.;0
15:34:30.813830;mauves.univ-st-etienne.fr.https;BP-Linux8;40683;.;1448
15:34:30.813834;BP-Linux8;mauves.univ-st-etienne.fr.https;40683;.;0
15:34:30.813840;mauves.univ-st-etienne.fr.https;BP-Linux8;40683;.;1448
15:34:30.813841;BP-Linux8;mauves.univ-st-etienne.fr.https;40683;.;0
15:34:30.813845;mauves.univ-st-etienne.fr.https;BP-Linux8;40683;.;1448
15:34:30.813847;BP-Linux8;mauves.univ-st-etienne.fr.https;40683;.;0
15:34:30.813851;mauves.univ-st-etienne.fr.https;BP-Linux8;40683;.;1448
15:34:30.813853;BP-Linux8;mauves.univ-st-etienne.fr.https;40683;.;0
15:34:30.813857;mauves.univ-st-etienne.fr.https;BP-Linux8;40683;.;1448
15:34:30.813858;BP-Linux8;mauves.univ-st-etienne.fr.https;40683;.;0
15:34:30.813862;mauves.univ-st-etienne.fr.https;BP-Linux8;40683;.;1448
15:34:30.813864;BP-Linux8;mauves.univ-st-etienne.fr.https;40683;.;0
15:34:30.813868;mauves.univ-st-etienne.fr.https;BP-Linux8;40683;.;1448
15:34:30.813869;BP-Linux8;mauves.univ-st-etienne.fr.https;40683;.;0
15:34:30.813873;mauves.univ-st-etienne.fr.https;BP-Linux8;40683;.;1448
15:34:30.813875;mauves.univ-st-etienne.fr.https;BP-Linux8;40683;.;1448
15:34:30.813877;mauves.univ-st-etienne.fr.https;BP-Linux8;40683;.;1448
15:34:30.813879;mauves.univ-st-etienne.fr.https;BP-Linux8;40683;.;1448
15:34:30.813880;mauves.univ-st-etienne.fr.https;BP-Linux8;40683;.;1448
15:34:30.813881;mauves.univ-st-etienne.fr.https;BP-Linux8;40683;.;1448
15:34:30.813883;mauves.univ-st-etienne.fr.https;BP-Linux8;40683;.;1448
15:34:30.813884;mauves.univ-st-etienne.fr.https;BP-Linux8;40683;.;1448
15:34:30.813886;mauves.univ-st-etienne.fr.https;BP-Linux8;40683;.;1448
15:34:30.813887;mauves.univ-st-etienne.fr.https;BP-Linux8;40683;.;1448
15:34:30.816859;mauves.univ-st-etienne.fr.https;BP-Linux8;40683;.;1448
15:34:30.816983;mauves.univ-st-etienne.fr.https;BP-Linux8;40683;.;1448
15:34:30.817713;mauves.univ-st-etienne.fr.https;BP-Linux8;40683;.;1448
15:34:30.817948;mauves.univ-st-etienne.fr.https;BP-Linux8;40683;.;1448
15:34:30.817953;mauves.univ-st-etienne.fr.https;BP-Linux8;40683;.;1448
15:34:30.817954;mauves.univ-st-etienne.fr.https;BP-Linux8;40683;.;1448
15:34:30.817956;mauves.univ-st-etienne.fr.https;BP-Linux8;40683;.;1448
15:34:30.817957;mauves.univ-st-etienne.fr.https;BP-Linux8;40683;.;1448
15:34:30.817959;mauves.univ-st-etienne.fr.https;BP-Linux8;40683;.;1448
15:34:30.817961;mauves.univ-st-etienne.fr.https;BP-Linux8;40683;.;1448
15:34:30.817962;mauves.univ-st-etienne.fr.https;BP-Linux8;40683;.;1448
15:34:30.817964;mauves.univ-st-etienne.fr.https;BP-Linux8;40683;.;1448
15:34:30.819286;BP-Linux8;mauves.univ-st-etienne.fr.https;40679;.;0
15:34:30.822168;mauves.univ-st-etienne.fr.https;BP-Linux8;40679;P.;779
15:34:30.822174;BP-Linux8;mauves.univ-st-etienne.fr.https;40679;.;0
15:34:30.845583;BP-Linux8;mauves.univ-st-etienne.fr.https;40682;P.;577
15:34:30.851616;mauves.univ-st-etienne.fr.https;BP-Linux8;40682;.;1448
15:34:30.851625;BP-Linux8;mauves.univ-st-etienne.fr.https;40682;.;0
15:34:30.851727;mauves.univ-st-etienne.fr.https;BP-Linux8;40682;.;1448
15:34:30.851730;BP-Linux8;mauves.univ-st-etienne.fr.https;40682;.;0
15:34:30.851832;mauves.univ-st-etienne.fr.https;BP-Linux8;40682;.;1448
15:34:30.851837;BP-Linux8;mauves.univ-st-etienne.fr.https;40682;.;0
15:34:30.851843;mauves.univ-st-etienne.fr.https;BP-Linux8;40682;.;1448
15:34:30.851845;BP-Linux8;mauves.univ-st-etienne.fr.https;40682;.;0
15:34:30.851849;mauves.univ-st-etienne.fr.https;BP-Linux8;40682;.;1448
15:34:30.851851;BP-Linux8;mauves.univ-st-etienne.fr.https;40682;.;0
15:34:30.851855;mauves.univ-st-etienne.fr.https;BP-Linux8;40682;.;1448
15:34:30.851857;BP-Linux8;mauves.univ-st-etienne.fr.https;40682;.;0
15:34:30.851861;mauves.univ-st-etienne.fr.https;BP-Linux8;40682;.;1448
15:34:30.851863;BP-Linux8;mauves.univ-st-etienne.fr.https;40682;.;0
15:34:30.851867;mauves.univ-st-etienne.fr.https;BP-Linux8;40682;.;1448
15:34:30.851868;BP-Linux8;mauves.univ-st-etienne.fr.https;40682;.;0
15:34:30.851873;mauves.univ-st-etienne.fr.https;BP-Linux8;40682;.;1448
15:34:30.851874;BP-Linux8;mauves.univ-st-etienne.fr.https;40682;.;0
15:34:30.851878;mauves.univ-st-etienne.fr.https;BP-Linux8;40682;.;1448
15:34:30.851880;BP-Linux8;mauves.univ-st-etienne.fr.https;40682;.;0
15:34:30.852725;BP-Linux8;mauves.univ-st-etienne.fr.https;40683;.;0
15:34:30.855348;mauves.univ-st-etienne.fr.https;BP-Linux8;40682;.;1448
15:34:30.855352;BP-Linux8;mauves.univ-st-etienne.fr.https;40682;.;0
15:34:30.855358;mauves.univ-st-etienne.fr.https;BP-Linux8;40682;.;1448
15:34:30.855361;BP-Linux8;mauves.univ-st-etienne.fr.https;40682;.;0
15:34:30.855639;mauves.univ-st-etienne.fr.https;BP-Linux8;40682;.;1448
15:34:30.855645;BP-Linux8;mauves.univ-st-etienne.fr.https;40682;.;0
15:34:30.855891;mauves.univ-st-etienne.fr.https;BP-Linux8;40682;.;1448
15:34:30.855897;BP-Linux8;mauves.univ-st-etienne.fr.https;40682;.;0
15:34:30.855905;mauves.univ-st-etienne.fr.https;BP-Linux8;40682;.;1448
15:34:30.855906;BP-Linux8;mauves.univ-st-etienne.fr.https;40682;.;0
15:34:30.855911;mauves.univ-st-etienne.fr.https;BP-Linux8;40682;.;1448
15:34:30.855912;BP-Linux8;mauves.univ-st-etienne.fr.https;40682;.;0
15:34:30.855916;mauves.univ-st-etienne.fr.https;BP-Linux8;40682;.;1448
15:34:30.855918;BP-Linux8;mauves.univ-st-etienne.fr.https;40682;.;0
15:34:30.855922;mauves.univ-st-etienne.fr.https;BP-Linux8;40682;.;1448
15:34:30.855923;BP-Linux8;mauves.univ-st-etienne.fr.https;40682;.;0
15:34:30.855928;mauves.univ-st-etienne.fr.https;BP-Linux8;40682;.;1448
15:34:30.855929;BP-Linux8;mauves.univ-st-etienne.fr.https;40682;.;0
15:34:30.855933;mauves.univ-st-etienne.fr.https;BP-Linux8;40682;.;1448
15:34:30.855935;BP-Linux8;mauves.univ-st-etienne.fr.https;40682;.;0
15:34:30.855939;mauves.univ-st-etienne.fr.https;BP-Linux8;40682;.;1448
15:34:30.855941;BP-Linux8;mauves.univ-st-etienne.fr.https;40682;.;0
15:34:30.855945;mauves.univ-st-etienne.fr.https;BP-Linux8;40682;.;1448
15:34:30.855946;BP-Linux8;mauves.univ-st-etienne.fr.https;40682;.;0
15:34:30.855950;mauves.univ-st-etienne.fr.https;BP-Linux8;40682;P.;1411
15:34:30.855952;BP-Linux8;mauves.univ-st-etienne.fr.https;40682;.;0
15:34:30.856483;mauves.univ-st-etienne.fr.https;BP-Linux8;40683;.;1448
15:34:30.856780;mauves.univ-st-etienne.fr.https;BP-Linux8;40683;.;1448
15:34:30.856783;mauves.univ-st-etienne.fr.https;BP-Linux8;40683;.;1448
15:34:30.856785;mauves.univ-st-etienne.fr.https;BP-Linux8;40683;.;1448
15:34:30.856787;mauves.univ-st-etienne.fr.https;BP-Linux8;40683;.;1448
15:34:30.856788;mauves.univ-st-etienne.fr.https;BP-Linux8;40683;.;1448
15:34:30.856790;mauves.univ-st-etienne.fr.https;BP-Linux8;40683;.;1448
15:34:30.856791;mauves.univ-st-etienne.fr.https;BP-Linux8;40683;.;1448
15:34:30.856793;mauves.univ-st-etienne.fr.https;BP-Linux8;40683;.;1448
15:34:30.856795;mauves.univ-st-etienne.fr.https;BP-Linux8;40683;.;1448
15:34:30.856796;mauves.univ-st-etienne.fr.https;BP-Linux8;40683;.;1448
15:34:30.856798;mauves.univ-st-etienne.fr.https;BP-Linux8;40683;.;1448
15:34:30.856799;mauves.univ-st-etienne.fr.https;BP-Linux8;40683;.;1448
15:34:30.856801;mauves.univ-st-etienne.fr.https;BP-Linux8;40683;.;1448
15:34:30.856802;mauves.univ-st-etienne.fr.https;BP-Linux8;40683;.;1448
15:34:30.856804;mauves.univ-st-etienne.fr.https;BP-Linux8;40683;.;1448
15:34:30.856820;mauves.univ-st-etienne.fr.https;BP-Linux8;40683;.;1448
15:34:30.856822;mauves.univ-st-etienne.fr.https;BP-Linux8;40683;.;1448
15:34:30.856824;mauves.univ-st-etienne.fr.https;BP-Linux8;40683;.;1448
15:34:30.856825;mauves.univ-st-etienne.fr.https;BP-Linux8;40683;P.;289
15:34:30.869970;BP-Linux8;mauves.univ-st-etienne.fr.https;40684;P.;486
15:34:30.870198;BP-Linux8;mauves.univ-st-etienne.fr.https;40678;P.;490
15:34:30.875539;mauves.univ-st-etienne.fr.https;BP-Linux8;40684;.;1448
15:34:30.875547;BP-Linux8;mauves.univ-st-etienne.fr.https;40684;.;0
15:34:30.875647;mauves.univ-st-etienne.fr.https;BP-Linux8;40684;.;1448
15:34:30.875664;mauves.univ-st-etienne.fr.https;BP-Linux8;40684;P.;1356
15:34:30.876763;mauves.univ-st-etienne.fr.https;BP-Linux8;40678;.;1448
15:34:30.876770;BP-Linux8;mauves.univ-st-etienne.fr.https;40678;.;0
15:34:30.876777;mauves.univ-st-etienne.fr.https;BP-Linux8;40678;.;1448
15:34:30.876779;BP-Linux8;mauves.univ-st-etienne.fr.https;40678;.;0
15:34:30.876871;mauves.univ-st-etienne.fr.https;BP-Linux8;40678;.;1448
15:34:30.876875;BP-Linux8;mauves.univ-st-etienne.fr.https;40678;.;0
15:34:30.876881;mauves.univ-st-etienne.fr.https;BP-Linux8;40678;.;1448
15:34:30.876883;BP-Linux8;mauves.univ-st-etienne.fr.https;40678;.;0
15:34:30.876988;mauves.univ-st-etienne.fr.https;BP-Linux8;40678;.;1448
15:34:30.876992;BP-Linux8;mauves.univ-st-etienne.fr.https;40678;.;0
15:34:30.876998;mauves.univ-st-etienne.fr.https;BP-Linux8;40678;.;1448
15:34:30.877000;BP-Linux8;mauves.univ-st-etienne.fr.https;40678;.;0
15:34:30.877001;mauves.univ-st-etienne.fr.https;BP-Linux8;40678;.;1448
15:34:30.877003;BP-Linux8;mauves.univ-st-etienne.fr.https;40678;.;0
15:34:30.877007;mauves.univ-st-etienne.fr.https;BP-Linux8;40678;.;1448
15:34:30.877009;BP-Linux8;mauves.univ-st-etienne.fr.https;40678;.;0
15:34:30.877013;mauves.univ-st-etienne.fr.https;BP-Linux8;40678;.;1448
15:34:30.877015;BP-Linux8;mauves.univ-st-etienne.fr.https;40678;.;0
15:34:30.877019;mauves.univ-st-etienne.fr.https;BP-Linux8;40678;.;1448
15:34:30.877021;BP-Linux8;mauves.univ-st-etienne.fr.https;40678;.;0
15:34:30.877024;mauves.univ-st-etienne.fr.https;BP-Linux8;40678;.;1448
15:34:30.877026;BP-Linux8;mauves.univ-st-etienne.fr.https;40678;.;0
15:34:30.877030;mauves.univ-st-etienne.fr.https;BP-Linux8;40678;P.;485
15:34:30.877032;BP-Linux8;mauves.univ-st-etienne.fr.https;40678;.;0
15:34:30.877036;mauves.univ-st-etienne.fr.https;BP-Linux8;40678;.;1448
15:34:30.877038;BP-Linux8;mauves.univ-st-etienne.fr.https;40678;.;0
15:34:30.877108;mauves.univ-st-etienne.fr.https;BP-Linux8;40678;.;1448
15:34:30.877110;mauves.univ-st-etienne.fr.https;BP-Linux8;40678;.;1448
15:34:30.877111;mauves.univ-st-etienne.fr.https;BP-Linux8;40678;.;1448
15:34:30.877113;mauves.univ-st-etienne.fr.https;BP-Linux8;40678;.;1448
15:34:30.877115;mauves.univ-st-etienne.fr.https;BP-Linux8;40678;.;1448
15:34:30.877116;mauves.univ-st-etienne.fr.https;BP-Linux8;40678;.;1448
15:34:30.877118;mauves.univ-st-etienne.fr.https;BP-Linux8;40678;.;1448
15:34:30.877119;mauves.univ-st-etienne.fr.https;BP-Linux8;40678;.;1448
15:34:30.877120;mauves.univ-st-etienne.fr.https;BP-Linux8;40678;.;1448
15:34:30.880552;mauves.univ-st-etienne.fr.https;BP-Linux8;40678;.;1448
15:34:30.880672;mauves.univ-st-etienne.fr.https;BP-Linux8;40678;.;1448
15:34:30.880973;mauves.univ-st-etienne.fr.https;BP-Linux8;40678;.;1448
15:34:30.880976;mauves.univ-st-etienne.fr.https;BP-Linux8;40678;.;1448
15:34:30.880978;mauves.univ-st-etienne.fr.https;BP-Linux8;40678;.;1448
15:34:30.880980;mauves.univ-st-etienne.fr.https;BP-Linux8;40678;.;1448
15:34:30.880981;mauves.univ-st-etienne.fr.https;BP-Linux8;40678;.;1448
15:34:30.880982;mauves.univ-st-etienne.fr.https;BP-Linux8;40678;.;1448
15:34:30.880984;mauves.univ-st-etienne.fr.https;BP-Linux8;40678;.;1448
15:34:30.880985;mauves.univ-st-etienne.fr.https;BP-Linux8;40678;.;1448
15:34:30.880987;mauves.univ-st-etienne.fr.https;BP-Linux8;40678;.;1448
15:34:30.880988;mauves.univ-st-etienne.fr.https;BP-Linux8;40678;.;1448
15:34:30.880990;mauves.univ-st-etienne.fr.https;BP-Linux8;40678;.;1448
15:34:30.880991;mauves.univ-st-etienne.fr.https;BP-Linux8;40678;.;1448
15:34:30.880993;mauves.univ-st-etienne.fr.https;BP-Linux8;40678;.;1448
15:34:30.880994;mauves.univ-st-etienne.fr.https;BP-Linux8;40678;.;1448
15:34:30.880995;mauves.univ-st-etienne.fr.https;BP-Linux8;40678;.;1448
15:34:30.881010;mauves.univ-st-etienne.fr.https;BP-Linux8;40678;.;1448
15:34:30.881012;mauves.univ-st-etienne.fr.https;BP-Linux8;40678;.;1448
15:34:30.881013;mauves.univ-st-etienne.fr.https;BP-Linux8;40678;.;1448
15:34:30.881045;mauves.univ-st-etienne.fr.https;BP-Linux8;40678;.;1448
15:34:30.882148;mauves.univ-st-etienne.fr.https;BP-Linux8;40683;P.;289
15:34:30.882154;BP-Linux8;mauves.univ-st-etienne.fr.https;40683;.;0
15:34:30.898233;mauves.univ-st-etienne.fr.https;BP-Linux8;40684;P.;1356
15:34:30.898240;BP-Linux8;mauves.univ-st-etienne.fr.https;40684;.;0
15:34:30.916729;BP-Linux8;mauves.univ-st-etienne.fr.https;40678;.;0
15:34:30.920488;mauves.univ-st-etienne.fr.https;BP-Linux8;40678;.;1448
15:34:30.920732;mauves.univ-st-etienne.fr.https;BP-Linux8;40678;.;1448
15:34:30.920735;mauves.univ-st-etienne.fr.https;BP-Linux8;40678;.;1448
15:34:30.920737;mauves.univ-st-etienne.fr.https;BP-Linux8;40678;.;1448
15:34:30.920738;mauves.univ-st-etienne.fr.https;BP-Linux8;40678;.;1448
15:34:30.920739;mauves.univ-st-etienne.fr.https;BP-Linux8;40678;.;1448
15:34:30.920740;mauves.univ-st-etienne.fr.https;BP-Linux8;40678;.;1448
15:34:30.920742;mauves.univ-st-etienne.fr.https;BP-Linux8;40678;.;1448
15:34:30.920743;mauves.univ-st-etienne.fr.https;BP-Linux8;40678;.;1448
15:34:30.920745;mauves.univ-st-etienne.fr.https;BP-Linux8;40678;.;1448
15:34:30.920746;mauves.univ-st-etienne.fr.https;BP-Linux8;40678;.;1448
15:34:30.920747;mauves.univ-st-etienne.fr.https;BP-Linux8;40678;P.;313
15:34:30.928521;BP-Linux8;mauves.univ-st-etienne.fr.https;40678;.;0
15:34:30.957624;BP-Linux8;par21s20-in-f14.1e100.net.https;33251;P.;163
15:34:30.957670;BP-Linux8;par21s20-in-f14.1e100.net.https;33251;P.;238
15:34:30.969520;par21s20-in-f14.1e100.net.https;BP-Linux8;33251;P.;38
15:34:30.969532;BP-Linux8;par21s20-in-f14.1e100.net.https;33251;.;0
15:34:30.969986;par21s20-in-f14.1e100.net.https;BP-Linux8;33251;P.;408
15:34:30.969990;BP-Linux8;par21s20-in-f14.1e100.net.https;33251;.;0
15:34:30.970163;par21s20-in-f14.1e100.net.https;BP-Linux8;33251;P.;1418
15:34:30.970166;BP-Linux8;par21s20-in-f14.1e100.net.https;33251;.;0
15:34:30.970172;par21s20-in-f14.1e100.net.https;BP-Linux8;33251;.;1418
15:34:30.970174;BP-Linux8;par21s20-in-f14.1e100.net.https;33251;.;0
15:34:30.970178;par21s20-in-f14.1e100.net.https;BP-Linux8;33251;.;1418
15:34:30.970181;BP-Linux8;par21s20-in-f14.1e100.net.https;33251;.;0
15:34:30.970185;par21s20-in-f14.1e100.net.https;BP-Linux8;33251;P.;1418
15:34:30.970187;BP-Linux8;par21s20-in-f14.1e100.net.https;33251;.;0
15:34:30.970911;par21s20-in-f14.1e100.net.https;BP-Linux8;33251;.;1418
15:34:30.970914;BP-Linux8;par21s20-in-f14.1e100.net.https;33251;.;0
15:34:30.971050;par21s20-in-f14.1e100.net.https;BP-Linux8;33251;.;1418
15:34:30.971052;BP-Linux8;par21s20-in-f14.1e100.net.https;33251;.;0
15:34:30.971058;par21s20-in-f14.1e100.net.https;BP-Linux8;33251;P.;1418
15:34:30.971059;BP-Linux8;par21s20-in-f14.1e100.net.https;33251;.;0
15:34:30.971814;par21s20-in-f14.1e100.net.https;BP-Linux8;33251;.;1418
15:34:30.971818;BP-Linux8;par21s20-in-f14.1e100.net.https;33251;.;0
15:34:30.971951;par21s20-in-f14.1e100.net.https;BP-Linux8;33251;.;1418
15:34:30.971953;BP-Linux8;par21s20-in-f14.1e100.net.https;33251;.;0
15:34:30.971957;par21s20-in-f14.1e100.net.https;BP-Linux8;33251;P.;1418
15:34:30.971960;BP-Linux8;par21s20-in-f14.1e100.net.https;33251;.;0
15:34:30.972707;par21s20-in-f14.1e100.net.https;BP-Linux8;33251;.;1418
15:34:30.972710;BP-Linux8;par21s20-in-f14.1e100.net.https;33251;.;0
15:34:30.972849;par21s20-in-f14.1e100.net.https;BP-Linux8;33251;.;1418
15:34:30.972854;BP-Linux8;par21s20-in-f14.1e100.net.https;33251;.;0
15:34:30.972861;par21s20-in-f14.1e100.net.https;BP-Linux8;33251;P.;1418
15:34:30.972864;BP-Linux8;par21s20-in-f14.1e100.net.https;33251;.;0
15:34:30.973605;par21s20-in-f14.1e100.net.https;BP-Linux8;33251;.;1418
15:34:30.973610;BP-Linux8;par21s20-in-f14.1e100.net.https;33251;.;0
15:34:30.973617;par21s20-in-f14.1e100.net.https;BP-Linux8;33251;P.;653
15:34:30.973620;BP-Linux8;par21s20-in-f14.1e100.net.https;33251;.;0
15:34:30.986807;BP-Linux8;par21s20-in-f14.1e100.net.https;33253;P.;93
15:34:30.999081;par21s20-in-f14.1e100.net.https;BP-Linux8;33253;P.;292
15:34:30.999092;BP-Linux8;par21s20-in-f14.1e100.net.https;33253;.;0
15:34:30.999183;par21s20-in-f14.1e100.net.https;BP-Linux8;33253;P.;69
15:34:30.999186;BP-Linux8;par21s20-in-f14.1e100.net.https;33253;.;0
15:34:31.062414;BP-Linux8;par21s20-in-f14.1e100.net.https;33251;P.;38
15:34:31.077809;BP-Linux8;par21s23-in-f3.1e100.net.https;53478;S;0
15:34:31.078031;BP-Linux8;par21s23-in-f3.1e100.net.https;53479;S;0
15:34:31.078090;BP-Linux8;par21s23-in-f3.1e100.net.https;53480;S;0
15:34:31.078292;BP-Linux8;par21s23-in-f3.1e100.net.https;53481;S;0
15:34:31.079518;par21s20-in-f14.1e100.net.https;BP-Linux8;33251;.;0
15:34:31.082969;BP-Linux8;mauves.univ-st-etienne.fr.https;40682;P.;425
15:34:31.083200;BP-Linux8;mauves.univ-st-etienne.fr.https;40680;P.;429
15:34:31.083412;BP-Linux8;mauves.univ-st-etienne.fr.https;40684;P.;430
15:34:31.083617;BP-Linux8;mauves.univ-st-etienne.fr.https;40678;P.;424
15:34:31.083824;BP-Linux8;mauves.univ-st-etienne.fr.https;40679;P.;425
15:34:31.084028;BP-Linux8;mauves.univ-st-etienne.fr.https;40683;P.;427
15:34:31.084285;BP-Linux8;par21s20-in-f14.1e100.net.https;33251;P.;46
15:34:31.084422;BP-Linux8;par21s20-in-f14.1e100.net.https;33253;P.;163
15:34:31.084458;BP-Linux8;par21s20-in-f14.1e100.net.https;33253;P.;46
15:34:31.084535;BP-Linux8;par21s23-in-f3.1e100.net.https;53482;S;0
15:34:31.084861;BP-Linux8;par21s23-in-f3.1e100.net.https;53483;S;0
15:34:31.088518;mauves.univ-st-etienne.fr.https;BP-Linux8;40682;.;1448
15:34:31.088528;BP-Linux8;mauves.univ-st-etienne.fr.https;40682;.;0
15:34:31.088619;mauves.univ-st-etienne.fr.https;BP-Linux8;40682;P.;332
15:34:31.088623;BP-Linux8;mauves.univ-st-etienne.fr.https;40682;.;0
15:34:31.088772;mauves.univ-st-etienne.fr.https;BP-Linux8;40684;P.;1335
15:34:31.088778;BP-Linux8;mauves.univ-st-etienne.fr.https;40684;.;0
15:34:31.089028;mauves.univ-st-etienne.fr.https;BP-Linux8;40680;P.;1350
15:34:31.089031;BP-Linux8;mauves.univ-st-etienne.fr.https;40680;.;0
15:34:31.089149;mauves.univ-st-etienne.fr.https;BP-Linux8;40678;P.;1285
15:34:31.089657;mauves.univ-st-etienne.fr.https;BP-Linux8;40683;.;1448
15:34:31.089660;BP-Linux8;mauves.univ-st-etienne.fr.https;40683;.;0
15:34:31.089665;mauves.univ-st-etienne.fr.https;BP-Linux8;40683;P.;96
15:34:31.089668;BP-Linux8;mauves.univ-st-etienne.fr.https;40683;.;0
15:34:31.089951;par21s23-in-f3.1e100.net.https;BP-Linux8;53478;S.;0
15:34:31.089958;BP-Linux8;par21s23-in-f3.1e100.net.https;53478;.;0
15:34:31.089964;mauves.univ-st-etienne.fr.https;BP-Linux8;40679;.;1448
15:34:31.089966;BP-Linux8;mauves.univ-st-etienne.fr.https;40679;.;0
15:34:31.089970;mauves.univ-st-etienne.fr.https;BP-Linux8;40679;.;1448
15:34:31.089972;BP-Linux8;mauves.univ-st-etienne.fr.https;40679;.;0
15:34:31.089976;mauves.univ-st-etienne.fr.https;BP-Linux8;40679;.;1448
15:34:31.089978;BP-Linux8;mauves.univ-st-etienne.fr.https;40679;.;0
15:34:31.089982;mauves.univ-st-etienne.fr.https;BP-Linux8;40679;.;1448
15:34:31.089984;BP-Linux8;mauves.univ-st-etienne.fr.https;40679;.;0
15:34:31.089988;mauves.univ-st-etienne.fr.https;BP-Linux8;40679;P.;901
15:34:31.089990;BP-Linux8;mauves.univ-st-etienne.fr.https;40679;.;0
15:34:31.089994;par21s23-in-f3.1e100.net.https;BP-Linux8;53479;S.;0
15:34:31.089996;BP-Linux8;par21s23-in-f3.1e100.net.https;53479;.;0
15:34:31.090042;par21s23-in-f3.1e100.net.https;BP-Linux8;53480;S.;0
15:34:31.090044;BP-Linux8;par21s23-in-f3.1e100.net.https;53480;.;0
15:34:31.090288;par21s23-in-f3.1e100.net.https;BP-Linux8;53481;S.;0
15:34:31.090290;BP-Linux8;par21s23-in-f3.1e100.net.https;53481;.;0
15:34:31.096148;par21s20-in-f14.1e100.net.https;BP-Linux8;33251;.;0
15:34:31.096236;par21s20-in-f14.1e100.net.https;BP-Linux8;33253;P.;38
15:34:31.096242;BP-Linux8;par21s20-in-f14.1e100.net.https;33253;.;0
15:34:31.096686;par21s23-in-f3.1e100.net.https;BP-Linux8;53482;S.;0
15:34:31.096695;BP-Linux8;par21s23-in-f3.1e100.net.https;53482;.;0
15:34:31.096787;par21s23-in-f3.1e100.net.https;BP-Linux8;53483;S.;0
15:34:31.096791;BP-Linux8;par21s23-in-f3.1e100.net.https;53483;.;0
15:34:31.102338;par21s20-in-f14.1e100.net.https;BP-Linux8;33253;.;0
15:34:31.110923;BP-Linux8;par21s20-in-f14.1e100.net.https;33253;P.;31
15:34:31.110947;BP-Linux8;par21s20-in-f14.1e100.net.https;33253;F.;0
15:34:31.116152;BP-Linux8;mauves.univ-st-etienne.fr.https;40678;.;0
15:34:31.119740;BP-Linux8;mauves.univ-st-etienne.fr.https;40682;P.;421
15:34:31.119924;BP-Linux8;mauves.univ-st-etienne.fr.https;40683;P.;421
15:34:31.122689;par21s20-in-f14.1e100.net.https;BP-Linux8;33253;.;0
15:34:31.122805;par21s20-in-f14.1e100.net.https;BP-Linux8;33253;F.;0
15:34:31.122811;BP-Linux8;par21s20-in-f14.1e100.net.https;33253;.;0
15:34:31.122820;par21s20-in-f14.1e100.net.https;BP-Linux8;33253;.;0
15:34:31.125180;mauves.univ-st-etienne.fr.https;BP-Linux8;40683;.;1448
15:34:31.125282;mauves.univ-st-etienne.fr.https;BP-Linux8;40683;P.;260
15:34:31.125288;BP-Linux8;mauves.univ-st-etienne.fr.https;40683;.;0
15:34:31.125375;mauves.univ-st-etienne.fr.https;BP-Linux8;40682;.;1448
15:34:31.125478;mauves.univ-st-etienne.fr.https;BP-Linux8;40682;P.;268
15:34:31.125482;BP-Linux8;mauves.univ-st-etienne.fr.https;40682;.;0
15:34:31.153576;BP-Linux8;par21s23-in-f3.1e100.net.https;53478;P.;198
15:34:31.153850;BP-Linux8;par21s23-in-f3.1e100.net.https;53481;P.;198
15:34:31.153945;BP-Linux8;par21s23-in-f3.1e100.net.https;53480;P.;198
15:34:31.154184;BP-Linux8;par21s23-in-f3.1e100.net.https;53479;P.;198
15:34:31.154327;BP-Linux8;par21s23-in-f3.1e100.net.https;53483;P.;198
15:34:31.154471;BP-Linux8;par21s23-in-f3.1e100.net.https;53482;P.;198
15:34:31.165511;par21s23-in-f3.1e100.net.https;BP-Linux8;53478;.;0
15:34:31.165855;par21s23-in-f3.1e100.net.https;BP-Linux8;53481;.;0
15:34:31.166019;par21s23-in-f3.1e100.net.https;BP-Linux8;53480;.;0
15:34:31.166085;par21s23-in-f3.1e100.net.https;BP-Linux8;53479;.;0
15:34:31.166252;par21s23-in-f3.1e100.net.https;BP-Linux8;53483;.;0
15:34:31.166462;par21s23-in-f3.1e100.net.https;BP-Linux8;53482;.;0
15:34:31.169783;par21s23-in-f3.1e100.net.https;BP-Linux8;53478;.;1418
15:34:31.169793;BP-Linux8;par21s23-in-f3.1e100.net.https;53478;.;0
15:34:31.169897;par21s23-in-f3.1e100.net.https;BP-Linux8;53478;P.;1418
15:34:31.169903;BP-Linux8;par21s23-in-f3.1e100.net.https;53478;.;0
15:34:31.169912;par21s23-in-f3.1e100.net.https;BP-Linux8;53478;.;1418
15:34:31.169916;BP-Linux8;par21s23-in-f3.1e100.net.https;53478;.;0
15:34:31.169921;par21s23-in-f3.1e100.net.https;BP-Linux8;53478;P.;2
15:34:31.169923;BP-Linux8;par21s23-in-f3.1e100.net.https;53478;.;0
15:34:31.170286;par21s23-in-f3.1e100.net.https;BP-Linux8;53479;.;1418
15:34:31.170292;BP-Linux8;par21s23-in-f3.1e100.net.https;53479;.;0
15:34:31.170387;par21s23-in-f3.1e100.net.https;BP-Linux8;53483;.;1418
15:34:31.170392;BP-Linux8;par21s23-in-f3.1e100.net.https;53483;.;0
15:34:31.170417;par21s23-in-f3.1e100.net.https;BP-Linux8;53479;P.;1418
15:34:31.170420;BP-Linux8;par21s23-in-f3.1e100.net.https;53479;.;0
15:34:31.170425;par21s23-in-f3.1e100.net.https;BP-Linux8;53479;.;1418
15:34:31.170427;BP-Linux8;par21s23-in-f3.1e100.net.https;53479;.;0
15:34:31.170431;par21s23-in-f3.1e100.net.https;BP-Linux8;53479;P.;3
15:34:31.170433;BP-Linux8;par21s23-in-f3.1e100.net.https;53479;.;0
15:34:31.170524;par21s23-in-f3.1e100.net.https;BP-Linux8;53483;P.;1418
15:34:31.170527;BP-Linux8;par21s23-in-f3.1e100.net.https;53483;.;0
15:34:31.170532;par21s23-in-f3.1e100.net.https;BP-Linux8;53483;.;1418
15:34:31.170534;BP-Linux8;par21s23-in-f3.1e100.net.https;53483;.;0
15:34:31.170538;par21s23-in-f3.1e100.net.https;BP-Linux8;53483;P.;2
15:34:31.170539;BP-Linux8;par21s23-in-f3.1e100.net.https;53483;.;0
15:34:31.170619;par21s23-in-f3.1e100.net.https;BP-Linux8;53480;.;1418
15:34:31.170621;BP-Linux8;par21s23-in-f3.1e100.net.https;53480;.;0
15:34:31.170720;par21s23-in-f3.1e100.net.https;BP-Linux8;53482;.;1418
15:34:31.170724;BP-Linux8;par21s23-in-f3.1e100.net.https;53482;.;0
15:34:31.170730;par21s23-in-f3.1e100.net.https;BP-Linux8;53482;P.;1418
15:34:31.170732;BP-Linux8;par21s23-in-f3.1e100.net.https;53482;.;0
15:34:31.170736;par21s23-in-f3.1e100.net.https;BP-Linux8;53481;.;1418
15:34:31.170738;BP-Linux8;par21s23-in-f3.1e100.net.https;53481;.;0
15:34:31.170742;par21s23-in-f3.1e100.net.https;BP-Linux8;53482;.;1418
15:34:31.170745;BP-Linux8;par21s23-in-f3.1e100.net.https;53482;.;0
15:34:31.170764;par21s23-in-f3.1e100.net.https;BP-Linux8;53480;P.;1418
15:34:31.170766;BP-Linux8;par21s23-in-f3.1e100.net.https;53480;.;0
15:34:31.170771;par21s23-in-f3.1e100.net.https;BP-Linux8;53480;.;1418
15:34:31.170772;BP-Linux8;par21s23-in-f3.1e100.net.https;53480;.;0
15:34:31.170776;par21s23-in-f3.1e100.net.https;BP-Linux8;53480;P.;2
15:34:31.170777;BP-Linux8;par21s23-in-f3.1e100.net.https;53480;.;0
15:34:31.170781;par21s23-in-f3.1e100.net.https;BP-Linux8;53482;P.;2
15:34:31.170782;BP-Linux8;par21s23-in-f3.1e100.net.https;53482;.;0
15:34:31.170831;par21s23-in-f3.1e100.net.https;BP-Linux8;53481;P.;1418
15:34:31.170834;BP-Linux8;par21s23-in-f3.1e100.net.https;53481;.;0
15:34:31.170838;par21s23-in-f3.1e100.net.https;BP-Linux8;53481;.;1418
15:34:31.170840;BP-Linux8;par21s23-in-f3.1e100.net.https;53481;.;0
15:34:31.170844;par21s23-in-f3.1e100.net.https;BP-Linux8;53481;P.;2
15:34:31.170845;BP-Linux8;par21s23-in-f3.1e100.net.https;53481;.;0
15:34:31.189468;BP-Linux8;par21s23-in-f3.1e100.net.https;53478;P.;93
15:34:31.201469;par21s23-in-f3.1e100.net.https;BP-Linux8;53478;P.;292
15:34:31.201583;par21s23-in-f3.1e100.net.https;BP-Linux8;53478;P.;69
15:34:31.207213;BP-Linux8;par21s23-in-f3.1e100.net.https;53481;P.;93
15:34:31.219298;par21s23-in-f3.1e100.net.https;BP-Linux8;53481;P.;292
15:34:31.219410;par21s23-in-f3.1e100.net.https;BP-Linux8;53481;P.;69
15:34:31.228681;par21s23-in-f3.1e100.net.https;BP-Linux8;53478;P.;69
15:34:31.228692;BP-Linux8;par21s23-in-f3.1e100.net.https;53478;.;0
15:34:31.234671;BP-Linux8;par21s23-in-f3.1e100.net.https;53480;P.;93
15:34:31.246181;par21s23-in-f3.1e100.net.https;BP-Linux8;53481;P.;69
15:34:31.246190;BP-Linux8;par21s23-in-f3.1e100.net.https;53481;.;0
15:34:31.246706;par21s23-in-f3.1e100.net.https;BP-Linux8;53480;P.;292
15:34:31.246713;BP-Linux8;par21s23-in-f3.1e100.net.https;53480;.;0
15:34:31.246822;par21s23-in-f3.1e100.net.https;BP-Linux8;53480;P.;69
15:34:31.246826;BP-Linux8;par21s23-in-f3.1e100.net.https;53480;.;0
15:34:31.265550;BP-Linux8;par21s23-in-f3.1e100.net.https;53479;P.;93
15:34:31.268729;BP-Linux8;server-54-230-114-7.mrs52.r.cloudfront.net.https;42612;.;0
15:34:31.275085;server-54-230-114-7.mrs52.r.cloudfront.net.https;BP-Linux8;42612;.;0
15:34:31.277690;par21s23-in-f3.1e100.net.https;BP-Linux8;53479;P.;292
15:34:31.277699;BP-Linux8;par21s23-in-f3.1e100.net.https;53479;.;0
15:34:31.277795;par21s23-in-f3.1e100.net.https;BP-Linux8;53479;P.;69
15:34:31.277800;BP-Linux8;par21s23-in-f3.1e100.net.https;53479;.;0
15:34:31.292894;BP-Linux8;par21s23-in-f3.1e100.net.https;53483;P.;93
15:34:31.304923;par21s23-in-f3.1e100.net.https;BP-Linux8;53483;P.;292
15:34:31.304934;BP-Linux8;par21s23-in-f3.1e100.net.https;53483;.;0
15:34:31.305028;par21s23-in-f3.1e100.net.https;BP-Linux8;53483;P.;69
15:34:31.305031;BP-Linux8;par21s23-in-f3.1e100.net.https;53483;.;0
15:34:31.312804;BP-Linux8;par21s23-in-f3.1e100.net.https;53482;P.;93
15:34:31.313274;BP-Linux8;par21s23-in-f3.1e100.net.https;53478;P.;163
15:34:31.313334;BP-Linux8;par21s23-in-f3.1e100.net.https;53478;P.;372
15:34:31.313625;BP-Linux8;par21s23-in-f3.1e100.net.https;53481;P.;163
15:34:31.313684;BP-Linux8;par21s23-in-f3.1e100.net.https;53481;P.;372
15:34:31.313951;BP-Linux8;par21s23-in-f3.1e100.net.https;53480;P.;163
15:34:31.314009;BP-Linux8;par21s23-in-f3.1e100.net.https;53480;P.;368
15:34:31.314198;BP-Linux8;par21s23-in-f3.1e100.net.https;53479;P.;163
15:34:31.314245;BP-Linux8;par21s23-in-f3.1e100.net.https;53479;P.;46
15:34:31.314378;BP-Linux8;par21s23-in-f3.1e100.net.https;53483;P.;163
15:34:31.314423;BP-Linux8;par21s23-in-f3.1e100.net.https;53483;P.;46
15:34:31.314538;BP-Linux8;par21s23-in-f3.1e100.net.https;53482;P.;163
15:34:31.314581;BP-Linux8;par21s23-in-f3.1e100.net.https;53482;P.;46
15:34:31.324850;par21s23-in-f3.1e100.net.https;BP-Linux8;53482;P.;292
15:34:31.324860;BP-Linux8;par21s23-in-f3.1e100.net.https;53482;.;0
15:34:31.324958;par21s23-in-f3.1e100.net.https;BP-Linux8;53482;P.;69
15:34:31.324965;BP-Linux8;par21s23-in-f3.1e100.net.https;53482;.;0
15:34:31.325081;par21s23-in-f3.1e100.net.https;BP-Linux8;53478;P.;38
15:34:31.325088;BP-Linux8;par21s23-in-f3.1e100.net.https;53478;.;0
15:34:31.325532;par21s23-in-f3.1e100.net.https;BP-Linux8;53481;P.;38
15:34:31.325540;BP-Linux8;par21s23-in-f3.1e100.net.https;53481;.;0
15:34:31.325956;par21s23-in-f3.1e100.net.https;BP-Linux8;53480;.;0
15:34:31.326018;par21s23-in-f3.1e100.net.https;BP-Linux8;53479;P.;38
15:34:31.326237;par21s23-in-f3.1e100.net.https;BP-Linux8;53480;P.;38
15:34:31.326241;BP-Linux8;par21s23-in-f3.1e100.net.https;53480;.;0
15:34:31.326333;par21s23-in-f3.1e100.net.https;BP-Linux8;53483;.;0
15:34:31.326417;par21s23-in-f3.1e100.net.https;BP-Linux8;53482;P.;38
15:34:31.326421;BP-Linux8;par21s23-in-f3.1e100.net.https;53482;.;0
15:34:31.326473;par21s23-in-f3.1e100.net.https;BP-Linux8;53483;P.;38
15:34:31.326476;par21s23-in-f3.1e100.net.https;BP-Linux8;53481;P.;655
15:34:31.326479;BP-Linux8;par21s23-in-f3.1e100.net.https;53481;.;0
15:34:31.326622;par21s23-in-f3.1e100.net.https;BP-Linux8;53481;P.;1418
15:34:31.326626;BP-Linux8;par21s23-in-f3.1e100.net.https;53481;.;0
15:34:31.327002;par21s23-in-f3.1e100.net.https;BP-Linux8;53481;.;1418
15:34:31.327005;BP-Linux8;par21s23-in-f3.1e100.net.https;53481;.;0
15:34:31.327011;par21s23-in-f3.1e100.net.https;BP-Linux8;53481;P.;1418
15:34:31.327013;BP-Linux8;par21s23-in-f3.1e100.net.https;53481;.;0
15:34:31.327343;par21s23-in-f3.1e100.net.https;BP-Linux8;53480;P.;654
15:34:31.327348;BP-Linux8;par21s23-in-f3.1e100.net.https;53480;.;0
15:34:31.327521;par21s23-in-f3.1e100.net.https;BP-Linux8;53480;P.;1418
15:34:31.327526;BP-Linux8;par21s23-in-f3.1e100.net.https;53480;.;0
15:34:31.327533;par21s23-in-f3.1e100.net.https;BP-Linux8;53480;.;1418
15:34:31.327534;BP-Linux8;par21s23-in-f3.1e100.net.https;53480;.;0
15:34:31.327539;par21s23-in-f3.1e100.net.https;BP-Linux8;53480;.;1418
15:34:31.327541;BP-Linux8;par21s23-in-f3.1e100.net.https;53480;.;0
15:34:31.327545;par21s23-in-f3.1e100.net.https;BP-Linux8;53480;P.;1418
15:34:31.327547;BP-Linux8;par21s23-in-f3.1e100.net.https;53480;.;0
15:34:31.327639;par21s23-in-f3.1e100.net.https;BP-Linux8;53481;.;1418
15:34:31.327644;BP-Linux8;par21s23-in-f3.1e100.net.https;53481;.;0
15:34:31.327780;par21s23-in-f3.1e100.net.https;BP-Linux8;53481;P.;1418
15:34:31.327784;BP-Linux8;par21s23-in-f3.1e100.net.https;53481;.;0
15:34:31.328302;par21s23-in-f3.1e100.net.https;BP-Linux8;53480;.;1418
15:34:31.328307;BP-Linux8;par21s23-in-f3.1e100.net.https;53480;.;0
15:34:31.328468;par21s23-in-f3.1e100.net.https;BP-Linux8;53480;.;1418
15:34:31.328473;BP-Linux8;par21s23-in-f3.1e100.net.https;53480;.;0
15:34:31.328479;par21s23-in-f3.1e100.net.https;BP-Linux8;53481;.;1418
15:34:31.328481;BP-Linux8;par21s23-in-f3.1e100.net.https;53481;.;0
15:34:31.328485;par21s23-in-f3.1e100.net.https;BP-Linux8;53480;P.;1418
15:34:31.328487;BP-Linux8;par21s23-in-f3.1e100.net.https;53480;.;0
15:34:31.328491;par21s23-in-f3.1e100.net.https;BP-Linux8;53481;P.;1418
15:34:31.328493;BP-Linux8;par21s23-in-f3.1e100.net.https;53481;.;0
15:34:31.329182;par21s23-in-f3.1e100.net.https;BP-Linux8;53481;.;1418
15:34:31.329190;BP-Linux8;par21s23-in-f3.1e100.net.https;53481;.;0
15:34:31.329196;par21s23-in-f3.1e100.net.https;BP-Linux8;53480;.;1418
15:34:31.329198;BP-Linux8;par21s23-in-f3.1e100.net.https;53480;.;0
15:34:31.329287;par21s23-in-f3.1e100.net.https;BP-Linux8;53481;P.;692
15:34:31.329289;BP-Linux8;par21s23-in-f3.1e100.net.https;53481;.;0
15:34:31.329294;par21s23-in-f3.1e100.net.https;BP-Linux8;53480;P.;1328
15:34:31.329296;BP-Linux8;par21s23-in-f3.1e100.net.https;53480;.;0
15:34:31.329721;par21s23-in-f3.1e100.net.https;BP-Linux8;53478;.;0
15:34:31.331260;par21s23-in-f3.1e100.net.https;BP-Linux8;53479;.;0
15:34:31.331440;par21s23-in-f3.1e100.net.https;BP-Linux8;53482;.;0
15:34:31.348585;par21s23-in-f3.1e100.net.https;BP-Linux8;53478;P.;655
15:34:31.348592;BP-Linux8;par21s23-in-f3.1e100.net.https;53478;.;0
15:34:31.348713;par21s23-in-f3.1e100.net.https;BP-Linux8;53478;P.;1418
15:34:31.348723;BP-Linux8;par21s23-in-f3.1e100.net.https;53478;.;0
15:34:31.348987;par21s23-in-f3.1e100.net.https;BP-Linux8;53478;.;1418
15:34:31.348989;BP-Linux8;par21s23-in-f3.1e100.net.https;53478;.;0
15:34:31.349111;par21s23-in-f3.1e100.net.https;BP-Linux8;53478;P.;1418
15:34:31.349113;BP-Linux8;par21s23-in-f3.1e100.net.https;53478;.;0
15:34:31.349760;par21s23-in-f3.1e100.net.https;BP-Linux8;53478;.;1418
15:34:31.349762;BP-Linux8;par21s23-in-f3.1e100.net.https;53478;.;0
15:34:31.349882;par21s23-in-f3.1e100.net.https;BP-Linux8;53478;P.;1418
15:34:31.349884;BP-Linux8;par21s23-in-f3.1e100.net.https;53478;.;0
15:34:31.350518;par21s23-in-f3.1e100.net.https;BP-Linux8;53478;.;1418
15:34:31.350521;BP-Linux8;par21s23-in-f3.1e100.net.https;53478;.;0
15:34:31.350643;par21s23-in-f3.1e100.net.https;BP-Linux8;53478;P.;1418
15:34:31.350645;BP-Linux8;par21s23-in-f3.1e100.net.https;53478;.;0
15:34:31.351288;par21s23-in-f3.1e100.net.https;BP-Linux8;53478;.;1418
15:34:31.351290;BP-Linux8;par21s23-in-f3.1e100.net.https;53478;.;0
15:34:31.351413;par21s23-in-f3.1e100.net.https;BP-Linux8;53478;P.;1418
15:34:31.351415;BP-Linux8;par21s23-in-f3.1e100.net.https;53478;.;0
15:34:31.352005;par21s23-in-f3.1e100.net.https;BP-Linux8;53478;P.;42
15:34:31.352007;BP-Linux8;par21s23-in-f3.1e100.net.https;53478;.;0
15:34:31.364728;BP-Linux8;par21s23-in-f3.1e100.net.https;53479;.;0
15:34:31.364741;BP-Linux8;par21s23-in-f3.1e100.net.https;53483;.;0
15:34:31.424787;BP-Linux8;par21s23-in-f3.1e100.net.https;53483;P.;31
15:34:31.424822;BP-Linux8;par21s23-in-f3.1e100.net.https;53483;F.;0
15:34:31.425596;BP-Linux8;par21s23-in-f3.1e100.net.https;53479;P.;31
15:34:31.425616;BP-Linux8;par21s23-in-f3.1e100.net.https;53479;F.;0
15:34:31.425787;BP-Linux8;par21s23-in-f3.1e100.net.https;53478;P.;38
15:34:31.436683;par21s23-in-f3.1e100.net.https;BP-Linux8;53483;F.;0
15:34:31.436696;BP-Linux8;par21s23-in-f3.1e100.net.https;53483;.;0
15:34:31.437418;par21s23-in-f3.1e100.net.https;BP-Linux8;53479;.;0
15:34:31.437535;par21s23-in-f3.1e100.net.https;BP-Linux8;53479;F.;0
15:34:31.437541;BP-Linux8;par21s23-in-f3.1e100.net.https;53479;.;0
15:34:31.437548;par21s23-in-f3.1e100.net.https;BP-Linux8;53479;.;0
15:34:31.442725;par21s23-in-f3.1e100.net.https;BP-Linux8;53478;.;0
15:34:31.457666;BP-Linux8;par21s23-in-f3.1e100.net.https;53482;P.;31
15:34:31.457696;BP-Linux8;par21s23-in-f3.1e100.net.https;53482;F.;0
15:34:31.457867;BP-Linux8;par21s23-in-f3.1e100.net.https;53478;P.;46
15:34:31.458675;BP-Linux8;par21s23-in-f3.1e100.net.https;53481;P.;38
15:34:31.461375;BP-Linux8;par21s23-in-f3.1e100.net.https;53481;P.;46
15:34:31.461554;BP-Linux8;par21s23-in-f3.1e100.net.https;53480;P.;38
15:34:31.467982;BP-Linux8;par21s23-in-f3.1e100.net.https;53480;P.;46
15:34:31.469550;par21s23-in-f3.1e100.net.https;BP-Linux8;53482;.;0
15:34:31.469667;par21s23-in-f3.1e100.net.https;BP-Linux8;53482;F.;0
15:34:31.469675;BP-Linux8;par21s23-in-f3.1e100.net.https;53482;.;0
15:34:31.469683;par21s23-in-f3.1e100.net.https;BP-Linux8;53482;.;0
15:34:31.469742;par21s23-in-f3.1e100.net.https;BP-Linux8;53478;.;0
15:34:31.473262;par21s23-in-f3.1e100.net.https;BP-Linux8;53481;.;0
15:34:31.478327;par21s23-in-f3.1e100.net.https;BP-Linux8;53480;.;0
15:34:31.479968;par21s23-in-f3.1e100.net.https;BP-Linux8;53480;.;0
15:34:31.480975;BP-Linux8;par21s23-in-f3.1e100.net.https;53480;P.;31
15:34:31.481002;BP-Linux8;par21s23-in-f3.1e100.net.https;53480;F.;0
15:34:31.481143;BP-Linux8;par21s23-in-f3.1e100.net.https;53481;P.;31
15:34:31.484741;BP-Linux8;par21s23-in-f3.1e100.net.https;53481;F.;0
15:34:31.492829;par21s23-in-f3.1e100.net.https;BP-Linux8;53480;.;0
15:34:31.492949;par21s23-in-f3.1e100.net.https;BP-Linux8;53480;F.;0
15:34:31.492956;BP-Linux8;par21s23-in-f3.1e100.net.https;53480;.;0
15:34:31.492964;par21s23-in-f3.1e100.net.https;BP-Linux8;53480;.;0
15:34:31.493162;par21s23-in-f3.1e100.net.https;BP-Linux8;53481;F.;0
15:34:31.493168;BP-Linux8;par21s23-in-f3.1e100.net.https;53481;.;0
15:34:31.496649;par21s23-in-f3.1e100.net.https;BP-Linux8;53481;.;0
15:34:31.725234;BP-Linux8.ssh;192.168.190.130;50245;P.;100
15:34:31.745241;192.168.190.130;BP-Linux8.ssh;50245;.;0
15:34:32.027985;BP-Linux8;mauves.univ-st-etienne.fr.https;40686;P.;816
15:34:32.074139;mauves.univ-st-etienne.fr.https;BP-Linux8;40686;.;0
15:34:32.089494;BP-Linux8;par21s20-in-f14.1e100.net.https;33251;P.;407
15:34:32.089635;BP-Linux8;par21s20-in-f14.1e100.net.https;33251;P.;38
15:34:32.095886;mauves.univ-st-etienne.fr.https;BP-Linux8;40686;P.;237
15:34:32.095897;BP-Linux8;mauves.univ-st-etienne.fr.https;40686;.;0
15:34:32.101399;par21s20-in-f14.1e100.net.https;BP-Linux8;33251;.;0
15:34:32.101510;par21s20-in-f14.1e100.net.https;BP-Linux8;33251;.;0
15:34:32.105960;par21s20-in-f14.1e100.net.https;BP-Linux8;33251;P.;225
15:34:32.105968;BP-Linux8;par21s20-in-f14.1e100.net.https;33251;.;0
15:34:32.106074;par21s20-in-f14.1e100.net.https;BP-Linux8;33251;P.;78
15:34:32.106079;BP-Linux8;par21s20-in-f14.1e100.net.https;33251;.;0
15:34:32.106085;par21s20-in-f14.1e100.net.https;BP-Linux8;33251;P.;46
15:34:32.106088;BP-Linux8;par21s20-in-f14.1e100.net.https;33251;.;0
15:34:32.106282;BP-Linux8;par21s20-in-f14.1e100.net.https;33251;P.;46
15:34:32.123746;par21s20-in-f14.1e100.net.https;BP-Linux8;33251;.;0
15:34:32.724947;BP-Linux8.ssh;192.168.190.130;50245;P.;100
15:34:32.740730;BP-Linux8;server-54-230-114-73.mrs52.r.cloudfront.net.https;51712;.;0
15:34:32.745256;192.168.190.130;BP-Linux8.ssh;50245;.;0
15:34:32.747093;server-54-230-114-73.mrs52.r.cloudfront.net.https;BP-Linux8;51712;.;0
15:34:32.865242;192.168.190.130;BP-Linux8.ssh;50374;P.;52
15:34:32.865322;BP-Linux8.ssh;192.168.190.130;50374;P.;36
15:34:32.885253;192.168.190.130;BP-Linux8.ssh;50374;.;0
15:34:33.724989;BP-Linux8.ssh;192.168.190.130;50245;P.;100
15:34:33.745231;192.168.190.130;BP-Linux8.ssh;50245;.;0
15:34:34.724946;BP-Linux8.ssh;192.168.190.130;50245;P.;100
15:34:34.745232;192.168.190.130;BP-Linux8.ssh;50245;.;0
15:34:35.468733;BP-Linux8;par21s05-in-f131.1e100.net.http;37256;.;0
15:34:35.480539;par21s05-in-f131.1e100.net.http;BP-Linux8;37256;.;0
15:34:35.724942;BP-Linux8.ssh;192.168.190.130;50245;P.;100
15:34:35.745236;192.168.190.130;BP-Linux8.ssh;50245;.;0
15:34:36.724971;BP-Linux8.ssh;192.168.190.130;50245;P.;100
15:34:36.745257;192.168.190.130;BP-Linux8.ssh;50245;.;0
15:34:37.724981;BP-Linux8.ssh;192.168.190.130;50245;P.;100
15:34:37.745441;192.168.190.130;BP-Linux8.ssh;50245;.;0
15:34:38.724946;BP-Linux8.ssh;192.168.190.130;50245;P.;100
15:34:38.745233;192.168.190.130;BP-Linux8.ssh;50245;.;0
15:34:39.540747;BP-Linux8;par21s05-in-f131.1e100.net.http;37231;.;0
15:34:39.552457;par21s05-in-f131.1e100.net.http;BP-Linux8;37231;.;0
15:34:39.556728;BP-Linux8;82.221.107.34.bc.googleusercontent.com.http;43717;.;0
15:34:39.568660;82.221.107.34.bc.googleusercontent.com.http;BP-Linux8;43717;.;0
15:34:39.724957;BP-Linux8.ssh;192.168.190.130;50245;P.;100
15:34:39.745235;192.168.190.130;BP-Linux8.ssh;50245;.;0
15:34:40.452736;BP-Linux8;93.184.220.29.http;34621;.;0
15:34:40.460001;93.184.220.29.http;BP-Linux8;34621;.;0
15:34:40.724957;BP-Linux8.ssh;192.168.190.130;50245;P.;100
15:34:40.745219;192.168.190.130;BP-Linux8.ssh;50245;.;0
15:34:40.804734;BP-Linux8;par21s05-in-f131.1e100.net.http;37257;.;0
15:34:40.816574;par21s05-in-f131.1e100.net.http;BP-Linux8;37257;.;0
15:34:41.092735;BP-Linux8;mauves.univ-st-etienne.fr.https;40678;.;0
15:34:41.092751;BP-Linux8;mauves.univ-st-etienne.fr.https;40679;.;0
15:34:41.092753;BP-Linux8;mauves.univ-st-etienne.fr.https;40680;.;0
15:34:41.092762;BP-Linux8;mauves.univ-st-etienne.fr.https;40684;.;0
15:34:41.096449;mauves.univ-st-etienne.fr.https;BP-Linux8;40678;.;0
15:34:41.100154;mauves.univ-st-etienne.fr.https;BP-Linux8;40680;.;0
15:34:41.100191;mauves.univ-st-etienne.fr.https;BP-Linux8;40679;.;0
15:34:41.100257;mauves.univ-st-etienne.fr.https;BP-Linux8;40684;.;0
15:34:41.128732;BP-Linux8;mauves.univ-st-etienne.fr.https;40682;.;0
15:34:41.128745;BP-Linux8;mauves.univ-st-etienne.fr.https;40683;.;0
15:34:41.132466;mauves.univ-st-etienne.fr.https;BP-Linux8;40682;.;0
15:34:41.132515;mauves.univ-st-etienne.fr.https;BP-Linux8;40683;.;0
15:34:41.284735;BP-Linux8;server-54-230-114-7.mrs52.r.cloudfront.net.https;42612;.;0
15:34:41.291288;server-54-230-114-7.mrs52.r.cloudfront.net.https;BP-Linux8;42612;.;0
15:34:41.724954;BP-Linux8.ssh;192.168.190.130;50245;P.;100
15:34:41.752581;192.168.190.130;BP-Linux8.ssh;50245;.;0
15:34:42.096733;BP-Linux8;mauves.univ-st-etienne.fr.https;40686;.;0
15:34:42.100443;mauves.univ-st-etienne.fr.https;BP-Linux8;40686;.;0
15:34:42.724963;BP-Linux8.ssh;192.168.190.130;50245;P.;100
15:34:42.745227;192.168.190.130;BP-Linux8.ssh;50245;.;0
15:34:42.756729;BP-Linux8;server-54-230-114-73.mrs52.r.cloudfront.net.https;51712;.;0
15:34:42.763159;server-54-230-114-73.mrs52.r.cloudfront.net.https;BP-Linux8;51712;.;0
15:34:42.968960;BP-Linux8;par21s04-in-f4.1e100.net.https;41767;P.;257
15:34:42.980823;par21s04-in-f4.1e100.net.https;BP-Linux8;41767;.;0
15:34:43.032592;par21s04-in-f4.1e100.net.https;BP-Linux8;41767;P.;159
15:34:43.032752;par21s04-in-f4.1e100.net.https;BP-Linux8;41767;P.;1418
15:34:43.032757;par21s04-in-f4.1e100.net.https;BP-Linux8;41767;.;1418
15:34:43.032760;par21s04-in-f4.1e100.net.https;BP-Linux8;41767;P.;1418
15:34:43.032763;par21s04-in-f4.1e100.net.https;BP-Linux8;41767;P.;1025
15:34:43.032841;BP-Linux8;par21s04-in-f4.1e100.net.https;41767;.;0
15:34:43.032877;par21s04-in-f4.1e100.net.https;BP-Linux8;41767;P.;1418
15:34:43.032881;par21s04-in-f4.1e100.net.https;BP-Linux8;41767;.;1418
15:34:43.032883;par21s04-in-f4.1e100.net.https;BP-Linux8;41767;.;1418
15:34:43.032885;par21s04-in-f4.1e100.net.https;BP-Linux8;41767;P.;1418
15:34:43.032950;par21s04-in-f4.1e100.net.https;BP-Linux8;41767;.;1418
15:34:43.032981;BP-Linux8;par21s04-in-f4.1e100.net.https;41767;.;0
15:34:43.033001;par21s04-in-f4.1e100.net.https;BP-Linux8;41767;.;1418
15:34:43.033004;par21s04-in-f4.1e100.net.https;BP-Linux8;41767;.;1418
15:34:43.033006;par21s04-in-f4.1e100.net.https;BP-Linux8;41767;.;1418
15:34:43.033008;par21s04-in-f4.1e100.net.https;BP-Linux8;41767;P.;112
15:34:43.033096;BP-Linux8;par21s04-in-f4.1e100.net.https;41767;.;0
15:34:43.643184;par21s04-in-f4.1e100.net.https;BP-Linux8;41767;P.;1418
15:34:43.643305;par21s04-in-f4.1e100.net.https;BP-Linux8;41767;.;1418
15:34:43.643314;BP-Linux8;par21s04-in-f4.1e100.net.https;41767;.;0
15:34:43.643323;par21s04-in-f4.1e100.net.https;BP-Linux8;41767;P.;1418
15:34:43.643326;par21s04-in-f4.1e100.net.https;BP-Linux8;41767;P.;709
15:34:43.643423;BP-Linux8;par21s04-in-f4.1e100.net.https;41767;.;0
15:34:43.688068;par21s04-in-f4.1e100.net.https;BP-Linux8;41767;P.;1418
15:34:43.688176;par21s04-in-f4.1e100.net.https;BP-Linux8;41767;.;1418
15:34:43.688185;BP-Linux8;par21s04-in-f4.1e100.net.https;41767;.;0
15:34:43.688195;par21s04-in-f4.1e100.net.https;BP-Linux8;41767;P.;207
15:34:43.689926;par21s04-in-f4.1e100.net.https;BP-Linux8;41767;P.;1418
15:34:43.689932;BP-Linux8;par21s04-in-f4.1e100.net.https;41767;.;0
15:34:43.690038;par21s04-in-f4.1e100.net.https;BP-Linux8;41767;.;1418
15:34:43.690082;par21s04-in-f4.1e100.net.https;BP-Linux8;41767;P.;1418
15:34:43.690085;par21s04-in-f4.1e100.net.https;BP-Linux8;41767;.;1418
15:34:43.690088;par21s04-in-f4.1e100.net.https;BP-Linux8;41767;P.;1321
15:34:43.690094;BP-Linux8;par21s04-in-f4.1e100.net.https;41767;.;0
15:34:43.692239;par21s04-in-f4.1e100.net.https;BP-Linux8;41767;P.;1418
15:34:43.692394;par21s04-in-f4.1e100.net.https;BP-Linux8;41767;.;1418
15:34:43.692399;BP-Linux8;par21s04-in-f4.1e100.net.https;41767;.;0
15:34:43.692406;par21s04-in-f4.1e100.net.https;BP-Linux8;41767;P.;1418
15:34:43.692410;par21s04-in-f4.1e100.net.https;BP-Linux8;41767;.;1418
15:34:43.692411;par21s04-in-f4.1e100.net.https;BP-Linux8;41767;.;1418
15:34:43.692506;par21s04-in-f4.1e100.net.https;BP-Linux8;41767;P.;1418
15:34:43.692508;par21s04-in-f4.1e100.net.https;BP-Linux8;41767;.;1418
15:34:43.692511;par21s04-in-f4.1e100.net.https;BP-Linux8;41767;.;1418
15:34:43.692512;par21s04-in-f4.1e100.net.https;BP-Linux8;41767;.;1418
15:34:43.692622;par21s04-in-f4.1e100.net.https;BP-Linux8;41767;.;1418
15:34:43.692625;par21s04-in-f4.1e100.net.https;BP-Linux8;41767;.;1418
15:34:43.692626;par21s04-in-f4.1e100.net.https;BP-Linux8;41767;P.;923
15:34:43.692756;BP-Linux8;par21s04-in-f4.1e100.net.https;41767;.;0
15:34:43.692776;par21s04-in-f4.1e100.net.https;BP-Linux8;41767;.;1418
15:34:43.692780;par21s04-in-f4.1e100.net.https;BP-Linux8;41767;.;1418
15:34:43.692782;par21s04-in-f4.1e100.net.https;BP-Linux8;41767;.;1418
15:34:43.692783;par21s04-in-f4.1e100.net.https;BP-Linux8;41767;.;1418
15:34:43.692785;par21s04-in-f4.1e100.net.https;BP-Linux8;41767;P.;799
15:34:43.692889;BP-Linux8;par21s04-in-f4.1e100.net.https;41767;.;0
15:34:43.696879;BP-Linux8;par21s04-in-f4.1e100.net.https;41767;P.;272
15:34:43.708732;par21s04-in-f4.1e100.net.https;BP-Linux8;41767;.;0
15:34:43.709664;par21s04-in-f4.1e100.net.https;BP-Linux8;41767;P.;289
15:34:43.709846;par21s04-in-f4.1e100.net.https;BP-Linux8;41767;P.;1418
15:34:43.709851;par21s04-in-f4.1e100.net.https;BP-Linux8;41767;.;1418
15:34:43.709854;par21s04-in-f4.1e100.net.https;BP-Linux8;41767;.;1418
15:34:43.709855;par21s04-in-f4.1e100.net.https;BP-Linux8;41767;P.;1418
15:34:43.709910;BP-Linux8;par21s04-in-f4.1e100.net.https;41767;.;0
15:34:43.709942;par21s04-in-f4.1e100.net.https;BP-Linux8;41767;.;1418
15:34:43.709945;par21s04-in-f4.1e100.net.https;BP-Linux8;41767;P.;1418
15:34:43.710038;BP-Linux8;par21s04-in-f4.1e100.net.https;41767;.;0
15:34:43.710060;par21s04-in-f4.1e100.net.https;BP-Linux8;41767;.;1418
15:34:43.710062;par21s04-in-f4.1e100.net.https;BP-Linux8;41767;P.;1056
15:34:43.710064;par21s04-in-f4.1e100.net.https;BP-Linux8;41767;P.;46
15:34:43.710150;BP-Linux8;par21s04-in-f4.1e100.net.https;41767;.;0
15:34:43.710706;BP-Linux8;par21s04-in-f4.1e100.net.https;41767;P.;46
15:34:43.714119;par21s04-in-f4.1e100.net.https;BP-Linux8;41767;P.;1418
15:34:43.714266;par21s04-in-f4.1e100.net.https;BP-Linux8;41767;.;1418
15:34:43.714271;par21s04-in-f4.1e100.net.https;BP-Linux8;41767;P.;1418
15:34:43.714273;par21s04-in-f4.1e100.net.https;BP-Linux8;41767;.;1418
15:34:43.714274;par21s04-in-f4.1e100.net.https;BP-Linux8;41767;P.;217
15:34:43.714314;BP-Linux8;par21s04-in-f4.1e100.net.https;41767;.;0
15:34:43.718101;par21s04-in-f4.1e100.net.https;BP-Linux8;41767;P.;1418
15:34:43.718278;par21s04-in-f4.1e100.net.https;BP-Linux8;41767;.;1418
15:34:43.718284;BP-Linux8;par21s04-in-f4.1e100.net.https;41767;.;0
15:34:43.718293;par21s04-in-f4.1e100.net.https;BP-Linux8;41767;P.;1418
15:34:43.718295;par21s04-in-f4.1e100.net.https;BP-Linux8;41767;.;1418
15:34:43.718296;par21s04-in-f4.1e100.net.https;BP-Linux8;41767;.;1418
15:34:43.718298;par21s04-in-f4.1e100.net.https;BP-Linux8;41767;P.;1418
15:34:43.718317;BP-Linux8;par21s04-in-f4.1e100.net.https;41767;.;0
15:34:43.718356;par21s04-in-f4.1e100.net.https;BP-Linux8;41767;.;1418
15:34:43.718359;par21s04-in-f4.1e100.net.https;BP-Linux8;41767;.;1418
15:34:43.718431;BP-Linux8;par21s04-in-f4.1e100.net.https;41767;.;0
15:34:43.718470;par21s04-in-f4.1e100.net.https;BP-Linux8;41767;.;1418
15:34:43.718472;par21s04-in-f4.1e100.net.https;BP-Linux8;41767;P.;228
15:34:43.718536;BP-Linux8;par21s04-in-f4.1e100.net.https;41767;.;0
15:34:43.724924;BP-Linux8.ssh;192.168.190.130;50245;P.;100
15:34:43.726130;par21s04-in-f4.1e100.net.https;BP-Linux8;41767;.;0
15:34:43.745225;192.168.190.130;BP-Linux8.ssh;50245;.;0
15:34:43.779660;par21s04-in-f4.1e100.net.https;BP-Linux8;41767;P.;1418
15:34:43.779809;par21s04-in-f4.1e100.net.https;BP-Linux8;41767;.;1418
15:34:43.779818;BP-Linux8;par21s04-in-f4.1e100.net.https;41767;.;0
15:34:43.779827;par21s04-in-f4.1e100.net.https;BP-Linux8;41767;P.;1418
15:34:43.779829;par21s04-in-f4.1e100.net.https;BP-Linux8;41767;.;1418
15:34:43.779833;par21s04-in-f4.1e100.net.https;BP-Linux8;41767;.;1418
15:34:43.779879;BP-Linux8;par21s04-in-f4.1e100.net.https;41767;.;0
15:34:43.779901;par21s04-in-f4.1e100.net.https;BP-Linux8;41767;.;1418
15:34:43.779905;par21s04-in-f4.1e100.net.https;BP-Linux8;41767;P.;1418
15:34:43.779993;BP-Linux8;par21s04-in-f4.1e100.net.https;41767;.;0
15:34:43.780039;par21s04-in-f4.1e100.net.https;BP-Linux8;41767;.;1418
15:34:43.780042;par21s04-in-f4.1e100.net.https;BP-Linux8;41767;P.;1418
15:34:43.780044;par21s04-in-f4.1e100.net.https;BP-Linux8;41767;.;1418
15:34:43.780104;BP-Linux8;par21s04-in-f4.1e100.net.https;41767;.;0
15:34:43.780216;par21s04-in-f4.1e100.net.https;BP-Linux8;41767;.;1418
15:34:43.780220;par21s04-in-f4.1e100.net.https;BP-Linux8;41767;P.;540
15:34:43.780221;par21s04-in-f4.1e100.net.https;BP-Linux8;41767;.;1418
15:34:43.780223;par21s04-in-f4.1e100.net.https;BP-Linux8;41767;.;1418
15:34:43.780224;par21s04-in-f4.1e100.net.https;BP-Linux8;41767;.;1418
15:34:43.780226;par21s04-in-f4.1e100.net.https;BP-Linux8;41767;.;1418
15:34:43.780227;par21s04-in-f4.1e100.net.https;BP-Linux8;41767;.;1418
15:34:43.780263;par21s04-in-f4.1e100.net.https;BP-Linux8;41767;P.;1418
15:34:43.780314;BP-Linux8;par21s04-in-f4.1e100.net.https;41767;.;0
15:34:43.780416;par21s04-in-f4.1e100.net.https;BP-Linux8;41767;.;1418
15:34:43.780419;par21s04-in-f4.1e100.net.https;BP-Linux8;41767;.;1418
15:34:43.780420;par21s04-in-f4.1e100.net.https;BP-Linux8;41767;.;1418
15:34:43.780421;par21s04-in-f4.1e100.net.https;BP-Linux8;41767;.;1418
15:34:43.780465;par21s04-in-f4.1e100.net.https;BP-Linux8;41767;.;1418
15:34:43.780467;par21s04-in-f4.1e100.net.https;BP-Linux8;41767;.;1418
15:34:43.780469;par21s04-in-f4.1e100.net.https;BP-Linux8;41767;.;1418
15:34:43.780520;BP-Linux8;par21s04-in-f4.1e100.net.https;41767;.;0
15:34:43.780582;par21s04-in-f4.1e100.net.https;BP-Linux8;41767;.;1418
15:34:43.780584;par21s04-in-f4.1e100.net.https;BP-Linux8;41767;.;1418
15:34:43.780586;par21s04-in-f4.1e100.net.https;BP-Linux8;41767;.;1418
15:34:43.780587;par21s04-in-f4.1e100.net.https;BP-Linux8;41767;.;1418
15:34:43.780589;par21s04-in-f4.1e100.net.https;BP-Linux8;41767;.;1418
15:34:43.780591;par21s04-in-f4.1e100.net.https;BP-Linux8;41767;P.;1418
15:34:43.780635;BP-Linux8;par21s04-in-f4.1e100.net.https;41767;.;0
15:34:43.780881;par21s04-in-f4.1e100.net.https;BP-Linux8;41767;.;1418
15:34:43.780885;par21s04-in-f4.1e100.net.https;BP-Linux8;41767;.;1418
15:34:43.780912;BP-Linux8;par21s04-in-f4.1e100.net.https;41767;.;0
15:34:43.781018;par21s04-in-f4.1e100.net.https;BP-Linux8;41767;.;1418
15:34:43.781022;par21s04-in-f4.1e100.net.https;BP-Linux8;41767;.;1418
15:34:43.781024;par21s04-in-f4.1e100.net.https;BP-Linux8;41767;P.;906
15:34:43.781104;par21s04-in-f4.1e100.net.https;BP-Linux8;41767;P.;294
15:34:43.781159;BP-Linux8;par21s04-in-f4.1e100.net.https;41767;.;0
15:34:43.804138;par21s04-in-f4.1e100.net.https;BP-Linux8;41767;P.;217
15:34:43.804252;par21s04-in-f4.1e100.net.https;BP-Linux8;41767;P.;38
15:34:43.804257;par21s04-in-f4.1e100.net.https;BP-Linux8;41767;P.;46
15:34:43.804338;BP-Linux8;par21s04-in-f4.1e100.net.https;41767;.;0
15:34:43.804384;BP-Linux8;par21s04-in-f4.1e100.net.https;41767;P.;46
15:34:43.821444;par21s04-in-f4.1e100.net.https;BP-Linux8;41767;.;0
15:34:43.911632;BP-Linux8;par10s40-in-f3.1e100.net.https;59822;P.;418
15:34:43.923713;par10s40-in-f3.1e100.net.https;BP-Linux8;59822;.;0
15:34:43.932842;par10s40-in-f3.1e100.net.https;BP-Linux8;59822;P.;317
15:34:43.932959;par10s40-in-f3.1e100.net.https;BP-Linux8;59822;P.;38
15:34:43.932964;par10s40-in-f3.1e100.net.https;BP-Linux8;59822;P.;46
15:34:43.933124;BP-Linux8;par10s40-in-f3.1e100.net.https;59822;.;0
15:34:43.933178;BP-Linux8;par10s40-in-f3.1e100.net.https;59822;P.;46
15:34:43.950730;par10s40-in-f3.1e100.net.https;BP-Linux8;59822;.;0
15:34:44.073131;BP-Linux8;par21s04-in-f4.1e100.net.https;41767;P.;398
15:34:44.073264;BP-Linux8;par21s04-in-f4.1e100.net.https;41767;P.;38
15:34:44.084997;par21s04-in-f4.1e100.net.https;BP-Linux8;41767;.;0
15:34:44.085105;par21s04-in-f4.1e100.net.https;BP-Linux8;41767;.;0
15:34:44.094159;par21s04-in-f4.1e100.net.https;BP-Linux8;41767;P.;158
15:34:44.094820;par21s04-in-f4.1e100.net.https;BP-Linux8;41767;P.;38
15:34:44.094850;BP-Linux8;par21s04-in-f4.1e100.net.https;41767;.;0
15:34:44.094942;par21s04-in-f4.1e100.net.https;BP-Linux8;41767;P.;46
15:34:44.095030;BP-Linux8;par21s04-in-f4.1e100.net.https;41767;P.;46
15:34:44.112436;par21s04-in-f4.1e100.net.https;BP-Linux8;41767;.;0
15:34:44.724950;BP-Linux8.ssh;192.168.190.130;50245;P.;100
15:34:44.745358;192.168.190.130;BP-Linux8.ssh;50245;.;0
15:34:44.985785;BP-Linux8;par21s04-in-f4.1e100.net.https;41767;P.;352
15:34:44.985910;BP-Linux8;par21s04-in-f4.1e100.net.https;41767;P.;38
15:34:44.997663;par21s04-in-f4.1e100.net.https;BP-Linux8;41767;.;0
15:34:44.997770;par21s04-in-f4.1e100.net.https;BP-Linux8;41767;.;0
15:34:45.006052;par21s04-in-f4.1e100.net.https;BP-Linux8;41767;P.;158
15:34:45.006173;par21s04-in-f4.1e100.net.https;BP-Linux8;41767;P.;38
15:34:45.006178;par21s04-in-f4.1e100.net.https;BP-Linux8;41767;P.;46
15:34:45.006292;BP-Linux8;par21s04-in-f4.1e100.net.https;41767;.;0
15:34:45.006341;BP-Linux8;par21s04-in-f4.1e100.net.https;41767;P.;46
15:34:45.023439;par21s04-in-f4.1e100.net.https;BP-Linux8;41767;.;0
15:34:45.158021;BP-Linux8;par21s04-in-f4.1e100.net.https;41767;P.;565
15:34:45.164635;BP-Linux8;par21s04-in-f4.1e100.net.https;41767;P.;227
15:34:45.169897;par21s04-in-f4.1e100.net.https;BP-Linux8;41767;.;0
15:34:45.176479;par21s04-in-f4.1e100.net.https;BP-Linux8;41767;.;0
15:34:45.179646;BP-Linux8;par21s04-in-f4.1e100.net.https;41767;P.;1260
15:34:45.191516;par21s04-in-f4.1e100.net.https;BP-Linux8;41767;.;0
15:34:45.191533;BP-Linux8;par21s04-in-f4.1e100.net.https;41767;P.;122
15:34:45.192985;par21s04-in-f4.1e100.net.https;BP-Linux8;41767;P.;120
15:34:45.193165;par21s04-in-f4.1e100.net.https;BP-Linux8;41767;P.;1418
15:34:45.193171;par21s04-in-f4.1e100.net.https;BP-Linux8;41767;.;1418
15:34:45.193173;par21s04-in-f4.1e100.net.https;BP-Linux8;41767;P.;1418
15:34:45.193175;par21s04-in-f4.1e100.net.https;BP-Linux8;41767;.;1418
15:34:45.193192;BP-Linux8;par21s04-in-f4.1e100.net.https;41767;.;0
15:34:45.193286;par21s04-in-f4.1e100.net.https;BP-Linux8;41767;.;1418
15:34:45.193289;par21s04-in-f4.1e100.net.https;BP-Linux8;41767;.;1418
15:34:45.193291;par21s04-in-f4.1e100.net.https;BP-Linux8;41767;.;1418
15:34:45.193293;par21s04-in-f4.1e100.net.https;BP-Linux8;41767;P.;1418
15:34:45.193310;BP-Linux8;par21s04-in-f4.1e100.net.https;41767;.;0
15:34:45.193370;par21s04-in-f4.1e100.net.https;BP-Linux8;41767;.;1418
15:34:45.193579;par21s04-in-f4.1e100.net.https;BP-Linux8;41767;.;1418
15:34:45.193582;par21s04-in-f4.1e100.net.https;BP-Linux8;41767;P.;1418
15:34:45.193583;par21s04-in-f4.1e100.net.https;BP-Linux8;41767;.;1418
15:34:45.193585;par21s04-in-f4.1e100.net.https;BP-Linux8;41767;.;1418
15:34:45.193586;par21s04-in-f4.1e100.net.https;BP-Linux8;41767;.;1418
15:34:45.193588;par21s04-in-f4.1e100.net.https;BP-Linux8;41767;.;1418
15:34:45.193589;par21s04-in-f4.1e100.net.https;BP-Linux8;41767;.;1418
15:34:45.193658;par21s04-in-f4.1e100.net.https;BP-Linux8;41767;.;1418
15:34:45.193660;par21s04-in-f4.1e100.net.https;BP-Linux8;41767;.;1418
15:34:45.193662;par21s04-in-f4.1e100.net.https;BP-Linux8;41767;.;1418
15:34:45.193664;par21s04-in-f4.1e100.net.https;BP-Linux8;41767;P.;1418
15:34:45.193670;BP-Linux8;par21s04-in-f4.1e100.net.https;41767;.;0
15:34:45.193857;par21s04-in-f4.1e100.net.https;BP-Linux8;41767;.;1418
15:34:45.194163;par21s04-in-f4.1e100.net.https;BP-Linux8;41767;.;1418
15:34:45.194166;par21s04-in-f4.1e100.net.https;BP-Linux8;41767;.;1418
15:34:45.194167;par21s04-in-f4.1e100.net.https;BP-Linux8;41767;.;1418
15:34:45.194169;par21s04-in-f4.1e100.net.https;BP-Linux8;41767;.;1418
15:34:45.194170;par21s04-in-f4.1e100.net.https;BP-Linux8;41767;.;1418
15:34:45.194172;par21s04-in-f4.1e100.net.https;BP-Linux8;41767;.;1418
15:34:45.194173;par21s04-in-f4.1e100.net.https;BP-Linux8;41767;.;1418
15:34:45.194175;par21s04-in-f4.1e100.net.https;BP-Linux8;41767;.;1418
15:34:45.194176;par21s04-in-f4.1e100.net.https;BP-Linux8;41767;.;1418
15:34:45.194178;par21s04-in-f4.1e100.net.https;BP-Linux8;41767;.;1418
15:34:45.194179;par21s04-in-f4.1e100.net.https;BP-Linux8;41767;.;1418
15:34:45.194181;par21s04-in-f4.1e100.net.https;BP-Linux8;41767;.;1418
15:34:45.194182;par21s04-in-f4.1e100.net.https;BP-Linux8;41767;.;1418
15:34:45.194184;par21s04-in-f4.1e100.net.https;BP-Linux8;41767;P.;1379
15:34:45.194431;par21s04-in-f4.1e100.net.https;BP-Linux8;41767;P.;46
15:34:45.194686;BP-Linux8;par21s04-in-f4.1e100.net.https;41767;.;0
15:34:45.198086;BP-Linux8;par21s04-in-f4.1e100.net.https;41767;P.;46
15:34:45.206497;par21s04-in-f4.1e100.net.https;BP-Linux8;41767;.;0
15:34:45.210053;par21s04-in-f4.1e100.net.https;BP-Linux8;41767;P.;85
15:34:45.210184;par21s04-in-f4.1e100.net.https;BP-Linux8;41767;P.;871
15:34:45.210241;BP-Linux8;par21s04-in-f4.1e100.net.https;41767;.;0
15:34:45.213066;par21s04-in-f4.1e100.net.https;BP-Linux8;41767;P.;39
15:34:45.213182;par21s04-in-f4.1e100.net.https;BP-Linux8;41767;P.;38
15:34:45.213294;BP-Linux8;par21s04-in-f4.1e100.net.https;41767;.;0
15:34:45.213309;par21s04-in-f4.1e100.net.https;BP-Linux8;41767;P.;46
15:34:45.213387;BP-Linux8;par21s04-in-f4.1e100.net.https;41767;P.;46
15:34:45.217962;par21s04-in-f4.1e100.net.https;BP-Linux8;41767;P.;160
15:34:45.218077;par21s04-in-f4.1e100.net.https;BP-Linux8;41767;P.;38
15:34:45.218094;BP-Linux8;par21s04-in-f4.1e100.net.https;41767;.;0
15:34:45.230454;par21s04-in-f4.1e100.net.https;BP-Linux8;41767;.;0
15:34:45.315461;par21s04-in-f4.1e100.net.https;BP-Linux8;41767;P.;85
15:34:45.315608;par21s04-in-f4.1e100.net.https;BP-Linux8;41767;P.;1418
15:34:45.315614;par21s04-in-f4.1e100.net.https;BP-Linux8;41767;.;1418
15:34:45.315616;par21s04-in-f4.1e100.net.https;BP-Linux8;41767;P.;1418
15:34:45.315820;par21s04-in-f4.1e100.net.https;BP-Linux8;41767;P.;1134
15:34:45.315877;BP-Linux8;par21s04-in-f4.1e100.net.https;41767;.;0
15:34:45.316094;par21s04-in-f4.1e100.net.https;BP-Linux8;41767;P.;103
15:34:45.316292;par21s04-in-f4.1e100.net.https;BP-Linux8;41767;P.;1418
15:34:45.316297;BP-Linux8;par21s04-in-f4.1e100.net.https;41767;.;0
15:34:45.316305;par21s04-in-f4.1e100.net.https;BP-Linux8;41767;.;1418
15:34:45.316307;par21s04-in-f4.1e100.net.https;BP-Linux8;41767;P.;1418
15:34:45.316308;par21s04-in-f4.1e100.net.https;BP-Linux8;41767;.;1418
15:34:45.316311;par21s04-in-f4.1e100.net.https;BP-Linux8;41767;.;1418
15:34:45.316345;BP-Linux8;par21s04-in-f4.1e100.net.https;41767;.;0
15:34:45.316373;par21s04-in-f4.1e100.net.https;BP-Linux8;41767;.;1418
15:34:45.316375;par21s04-in-f4.1e100.net.https;BP-Linux8;41767;P.;1354
15:34:45.316449;BP-Linux8;par21s04-in-f4.1e100.net.https;41767;.;0
15:34:45.319571;par21s04-in-f4.1e100.net.https;BP-Linux8;41767;P.;39
15:34:45.319577;par21s04-in-f4.1e100.net.https;BP-Linux8;41767;P.;38
15:34:45.319691;par21s04-in-f4.1e100.net.https;BP-Linux8;41767;P.;46
15:34:45.320408;BP-Linux8;par21s04-in-f4.1e100.net.https;41767;.;0
15:34:45.320468;BP-Linux8;par21s04-in-f4.1e100.net.https;41767;P.;46
15:34:45.332365;par21s04-in-f4.1e100.net.https;BP-Linux8;41767;.;0
15:34:45.508735;BP-Linux8;par21s05-in-f131.1e100.net.http;37256;.;0
15:34:45.520526;par21s05-in-f131.1e100.net.http;BP-Linux8;37256;.;0
15:34:45.573713;BP-Linux8;par21s04-in-f4.1e100.net.https;41767;P.;196
15:34:45.585570;par21s04-in-f4.1e100.net.https;BP-Linux8;41767;.;0
15:34:45.611941;par21s04-in-f4.1e100.net.https;BP-Linux8;41767;P.;86
15:34:45.612058;par21s04-in-f4.1e100.net.https;BP-Linux8;41767;P.;508
15:34:45.612063;par21s04-in-f4.1e100.net.https;BP-Linux8;41767;P.;38
15:34:45.612065;par21s04-in-f4.1e100.net.https;BP-Linux8;41767;P.;46
15:34:45.612268;BP-Linux8;par21s04-in-f4.1e100.net.https;41767;.;0
15:34:45.612321;BP-Linux8;par21s04-in-f4.1e100.net.https;41767;P.;46
15:34:45.629428;par21s04-in-f4.1e100.net.https;BP-Linux8;41767;.;0
15:34:45.724964;BP-Linux8.ssh;192.168.190.130;50245;P.;100
15:34:45.738230;BP-Linux8;par21s04-in-f4.1e100.net.https;41767;P.;1151
15:34:45.738343;BP-Linux8;par21s04-in-f4.1e100.net.https;41767;P.;38
15:34:45.745185;192.168.190.130;BP-Linux8.ssh;50245;.;0
15:34:45.750090;par21s04-in-f4.1e100.net.https;BP-Linux8;41767;.;0
15:34:45.750204;par21s04-in-f4.1e100.net.https;BP-Linux8;41767;.;0
15:34:45.759173;par21s04-in-f4.1e100.net.https;BP-Linux8;41767;P.;158
15:34:45.759440;par21s04-in-f4.1e100.net.https;BP-Linux8;41767;P.;38
15:34:45.759470;BP-Linux8;par21s04-in-f4.1e100.net.https;41767;.;0
15:34:45.759564;par21s04-in-f4.1e100.net.https;BP-Linux8;41767;P.;46
15:34:45.759679;BP-Linux8;par21s04-in-f4.1e100.net.https;41767;P.;46
15:34:45.776431;par21s04-in-f4.1e100.net.https;BP-Linux8;41767;.;0
15:34:45.789329;BP-Linux8;www.aggloroanne.fr.https;53324;S;0
15:34:45.808386;www.aggloroanne.fr.https;BP-Linux8;53324;S.;0
15:34:45.808404;BP-Linux8;www.aggloroanne.fr.https;53324;.;0
15:34:45.808602;BP-Linux8;www.aggloroanne.fr.https;53324;P.;199
15:34:45.827593;www.aggloroanne.fr.https;BP-Linux8;53324;.;0
15:34:45.830574;www.aggloroanne.fr.https;BP-Linux8;53324;.;1448
15:34:45.830581;BP-Linux8;www.aggloroanne.fr.https;53324;.;0
15:34:45.830682;www.aggloroanne.fr.https;BP-Linux8;53324;.;1448
15:34:45.830688;BP-Linux8;www.aggloroanne.fr.https;53324;.;0
15:34:45.830695;www.aggloroanne.fr.https;BP-Linux8;53324;P.;1144
15:34:45.830698;BP-Linux8;www.aggloroanne.fr.https;53324;.;0
15:34:45.836079;BP-Linux8;www.aggloroanne.fr.https;53324;P.;126
15:34:45.836193;BP-Linux8;www.aggloroanne.fr.https;53324;P.;383
15:34:45.855734;www.aggloroanne.fr.https;BP-Linux8;53324;P.;258
15:34:45.892732;BP-Linux8;www.aggloroanne.fr.https;53324;.;0
15:34:46.004853;www.aggloroanne.fr.https;BP-Linux8;53324;P.;574
15:34:46.004869;BP-Linux8;www.aggloroanne.fr.https;53324;.;0
15:34:46.020545;BP-Linux8;www.aggloroanne.fr.https;53324;P.;491
15:34:46.079805;www.aggloroanne.fr.https;BP-Linux8;53324;.;0
15:34:46.268804;www.aggloroanne.fr.https;BP-Linux8;53324;.;1448
15:34:46.268820;www.aggloroanne.fr.https;BP-Linux8;53324;.;1448
15:34:46.268828;BP-Linux8;www.aggloroanne.fr.https;53324;.;0
15:34:46.268934;www.aggloroanne.fr.https;BP-Linux8;53324;.;1448
15:34:46.268938;www.aggloroanne.fr.https;BP-Linux8;53324;.;1448
15:34:46.268940;BP-Linux8;www.aggloroanne.fr.https;53324;.;0
15:34:46.268948;www.aggloroanne.fr.https;BP-Linux8;53324;.;1448
15:34:46.268950;www.aggloroanne.fr.https;BP-Linux8;53324;.;1448
15:34:46.268952;BP-Linux8;www.aggloroanne.fr.https;53324;.;0
15:34:46.269089;www.aggloroanne.fr.https;BP-Linux8;53324;.;1448
15:34:46.269240;www.aggloroanne.fr.https;BP-Linux8;53324;.;1448
15:34:46.269244;BP-Linux8;www.aggloroanne.fr.https;53324;.;0
15:34:46.269251;www.aggloroanne.fr.https;BP-Linux8;53324;.;1448
15:34:46.269253;www.aggloroanne.fr.https;BP-Linux8;53324;.;1448
15:34:46.269255;BP-Linux8;www.aggloroanne.fr.https;53324;.;0
15:34:46.288019;www.aggloroanne.fr.https;BP-Linux8;53324;.;1448
15:34:46.288169;www.aggloroanne.fr.https;BP-Linux8;53324;.;1448
15:34:46.288175;BP-Linux8;www.aggloroanne.fr.https;53324;.;0
15:34:46.288183;www.aggloroanne.fr.https;BP-Linux8;53324;.;1448
15:34:46.288186;www.aggloroanne.fr.https;BP-Linux8;53324;.;1448
15:34:46.288188;BP-Linux8;www.aggloroanne.fr.https;53324;.;0
15:34:46.288192;www.aggloroanne.fr.https;BP-Linux8;53324;.;1448
15:34:46.288280;www.aggloroanne.fr.https;BP-Linux8;53324;.;1448
15:34:46.288285;BP-Linux8;www.aggloroanne.fr.https;53324;.;0
15:34:46.288292;www.aggloroanne.fr.https;BP-Linux8;53324;.;1448
15:34:46.288293;www.aggloroanne.fr.https;BP-Linux8;53324;.;1448
15:34:46.288295;BP-Linux8;www.aggloroanne.fr.https;53324;.;0
15:34:46.288386;www.aggloroanne.fr.https;BP-Linux8;53324;.;1448
15:34:46.288388;www.aggloroanne.fr.https;BP-Linux8;53324;.;1448
15:34:46.288389;BP-Linux8;www.aggloroanne.fr.https;53324;.;0
15:34:46.288394;www.aggloroanne.fr.https;BP-Linux8;53324;.;1448
15:34:46.288491;www.aggloroanne.fr.https;BP-Linux8;53324;.;1448
15:34:46.288493;BP-Linux8;www.aggloroanne.fr.https;53324;.;0
15:34:46.288498;www.aggloroanne.fr.https;BP-Linux8;53324;.;1448
15:34:46.288500;www.aggloroanne.fr.https;BP-Linux8;53324;.;1448
15:34:46.288501;BP-Linux8;www.aggloroanne.fr.https;53324;.;0
15:34:46.288505;www.aggloroanne.fr.https;BP-Linux8;53324;.;1448
15:34:46.288507;www.aggloroanne.fr.https;BP-Linux8;53324;.;1448
15:34:46.288508;BP-Linux8;www.aggloroanne.fr.https;53324;.;0
15:34:46.288513;www.aggloroanne.fr.https;BP-Linux8;53324;.;1448
15:34:46.288515;www.aggloroanne.fr.https;BP-Linux8;53324;.;1448
15:34:46.288517;BP-Linux8;www.aggloroanne.fr.https;53324;.;0
15:34:46.288521;www.aggloroanne.fr.https;BP-Linux8;53324;.;1448
15:34:46.288523;www.aggloroanne.fr.https;BP-Linux8;53324;P.;1015
15:34:46.288525;BP-Linux8;www.aggloroanne.fr.https;53324;.;0
15:34:46.369510;BP-Linux8;par21s04-in-f4.1e100.net.https;41767;P.;161
15:34:46.369656;BP-Linux8;par21s04-in-f4.1e100.net.https;41767;P.;38
15:34:46.381396;par21s04-in-f4.1e100.net.https;BP-Linux8;41767;.;0
15:34:46.381503;par21s04-in-f4.1e100.net.https;BP-Linux8;41767;.;0
15:34:46.389374;par21s04-in-f4.1e100.net.https;BP-Linux8;41767;P.;158
15:34:46.389491;par21s04-in-f4.1e100.net.https;BP-Linux8;41767;P.;38
15:34:46.389495;par21s04-in-f4.1e100.net.https;BP-Linux8;41767;P.;46
15:34:46.389655;BP-Linux8;par21s04-in-f4.1e100.net.https;41767;.;0
15:34:46.389703;BP-Linux8;par21s04-in-f4.1e100.net.https;41767;P.;46
15:34:46.407429;par21s04-in-f4.1e100.net.https;BP-Linux8;41767;.;0
15:34:46.471259;BP-Linux8;www.aggloroanne.fr.https;53324;P.;528
15:34:46.472625;BP-Linux8;www.aggloroanne.fr.https;53325;S;0
15:34:46.474022;BP-Linux8;www.aggloroanne.fr.https;53326;S;0
15:34:46.475692;BP-Linux8;www.aggloroanne.fr.https;53327;S;0
15:34:46.483804;BP-Linux8;www.aggloroanne.fr.https;53328;S;0
15:34:46.486353;BP-Linux8;www.aggloroanne.fr.https;53329;S;0
15:34:46.489416;BP-Linux8;par21s11-in-f10.1e100.net.https;34595;P.;162
15:34:46.490188;www.aggloroanne.fr.https;BP-Linux8;53324;.;0
15:34:46.491634;www.aggloroanne.fr.https;BP-Linux8;53325;S.;0
15:34:46.491648;BP-Linux8;www.aggloroanne.fr.https;53325;.;0
15:34:46.491817;BP-Linux8;www.aggloroanne.fr.https;53325;P.;517
15:34:46.492115;BP-Linux8;par21s11-in-f10.1e100.net.https;34595;P.;89
15:34:46.492941;www.aggloroanne.fr.https;BP-Linux8;53324;P.;1088
15:34:46.493181;BP-Linux8;www.aggloroanne.fr.https;53324;P.;498
15:34:46.493196;www.aggloroanne.fr.https;BP-Linux8;53326;S.;0
15:34:46.493203;BP-Linux8;www.aggloroanne.fr.https;53326;.;0
15:34:46.493364;BP-Linux8;www.aggloroanne.fr.https;53326;P.;517
15:34:46.494773;www.aggloroanne.fr.https;BP-Linux8;53327;S.;0
15:34:46.494783;BP-Linux8;www.aggloroanne.fr.https;53327;.;0
15:34:46.494929;BP-Linux8;www.aggloroanne.fr.https;53327;P.;517
15:34:46.501319;par21s11-in-f10.1e100.net.https;BP-Linux8;34595;.;0
15:34:46.502936;www.aggloroanne.fr.https;BP-Linux8;53328;S.;0
15:34:46.502946;BP-Linux8;www.aggloroanne.fr.https;53328;.;0
15:34:46.503280;BP-Linux8;www.aggloroanne.fr.https;53328;P.;517
15:34:46.503930;par21s11-in-f10.1e100.net.https;BP-Linux8;34595;.;0
15:34:46.505382;www.aggloroanne.fr.https;BP-Linux8;53329;S.;0
15:34:46.505392;BP-Linux8;www.aggloroanne.fr.https;53329;.;0
15:34:46.505698;BP-Linux8;www.aggloroanne.fr.https;53329;P.;517
15:34:46.509482;par21s11-in-f10.1e100.net.https;BP-Linux8;34595;P.;102
15:34:46.509609;par21s11-in-f10.1e100.net.https;BP-Linux8;34595;P.;445
15:34:46.509614;par21s11-in-f10.1e100.net.https;BP-Linux8;34595;P.;185
15:34:46.509616;par21s11-in-f10.1e100.net.https;BP-Linux8;34595;P.;242
15:34:46.509716;par21s11-in-f10.1e100.net.https;BP-Linux8;34595;P.;46
15:34:46.509937;BP-Linux8;par21s11-in-f10.1e100.net.https;34595;.;0
15:34:46.509988;BP-Linux8;par21s11-in-f10.1e100.net.https;34595;P.;46
15:34:46.510413;par21s11-in-f10.1e100.net.https;BP-Linux8;34595;P.;79
15:34:46.510545;par21s11-in-f10.1e100.net.https;BP-Linux8;34595;P.;847
15:34:46.510602;BP-Linux8;par21s11-in-f10.1e100.net.https;34595;.;0
15:34:46.510658;par21s11-in-f10.1e100.net.https;BP-Linux8;34595;P.;126
15:34:46.510783;par21s11-in-f10.1e100.net.https;BP-Linux8;34595;P.;79
15:34:46.510806;BP-Linux8;par21s11-in-f10.1e100.net.https;34595;.;0
15:34:46.511014;www.aggloroanne.fr.https;BP-Linux8;53325;.;0
15:34:46.511284;www.aggloroanne.fr.https;BP-Linux8;53325;P.;141
15:34:46.511290;BP-Linux8;www.aggloroanne.fr.https;53325;.;0
15:34:46.511585;BP-Linux8;www.aggloroanne.fr.https;53325;P.;51
15:34:46.511764;BP-Linux8;www.aggloroanne.fr.https;53325;P.;512
15:34:46.512485;www.aggloroanne.fr.https;BP-Linux8;53326;.;0
15:34:46.512657;www.aggloroanne.fr.https;BP-Linux8;53326;P.;141
15:34:46.512661;BP-Linux8;www.aggloroanne.fr.https;53326;.;0
15:34:46.512959;BP-Linux8;www.aggloroanne.fr.https;53326;P.;51
15:34:46.513093;BP-Linux8;www.aggloroanne.fr.https;53326;P.;492
15:34:46.514038;www.aggloroanne.fr.https;BP-Linux8;53327;.;0
15:34:46.514166;www.aggloroanne.fr.https;BP-Linux8;53327;P.;141
15:34:46.514173;BP-Linux8;www.aggloroanne.fr.https;53327;.;0
15:34:46.514457;BP-Linux8;www.aggloroanne.fr.https;53327;P.;51
15:34:46.517153;BP-Linux8;www.aggloroanne.fr.https;53327;P.;484
15:34:46.522389;www.aggloroanne.fr.https;BP-Linux8;53328;.;0
15:34:46.522559;www.aggloroanne.fr.https;BP-Linux8;53328;P.;141
15:34:46.522564;BP-Linux8;www.aggloroanne.fr.https;53328;.;0
15:34:46.522860;BP-Linux8;www.aggloroanne.fr.https;53328;P.;51
15:34:46.522996;BP-Linux8;www.aggloroanne.fr.https;53328;P.;502
15:34:46.524691;www.aggloroanne.fr.https;BP-Linux8;53329;.;0
15:34:46.524814;www.aggloroanne.fr.https;BP-Linux8;53329;P.;141
15:34:46.524821;BP-Linux8;www.aggloroanne.fr.https;53329;.;0
15:34:46.525292;BP-Linux8;www.aggloroanne.fr.https;53329;P.;51
15:34:46.525452;BP-Linux8;www.aggloroanne.fr.https;53329;P.;477
15:34:46.526714;par21s11-in-f10.1e100.net.https;BP-Linux8;34595;.;0
15:34:46.530591;www.aggloroanne.fr.https;BP-Linux8;53325;.;0
15:34:46.531731;www.aggloroanne.fr.https;BP-Linux8;53324;.;1448
15:34:46.531945;www.aggloroanne.fr.https;BP-Linux8;53324;.;1448
15:34:46.531952;BP-Linux8;www.aggloroanne.fr.https;53324;.;0
15:34:46.531963;www.aggloroanne.fr.https;BP-Linux8;53324;.;1448
15:34:46.531965;www.aggloroanne.fr.https;BP-Linux8;53324;.;1448
15:34:46.531968;BP-Linux8;www.aggloroanne.fr.https;53324;.;0
15:34:46.531973;www.aggloroanne.fr.https;BP-Linux8;53324;.;1448
15:34:46.531974;www.aggloroanne.fr.https;BP-Linux8;53324;.;1448
15:34:46.531976;BP-Linux8;www.aggloroanne.fr.https;53324;.;0
15:34:46.531981;www.aggloroanne.fr.https;BP-Linux8;53324;.;1448
15:34:46.531982;www.aggloroanne.fr.https;BP-Linux8;53324;.;1448
15:34:46.531984;BP-Linux8;www.aggloroanne.fr.https;53324;.;0
15:34:46.531988;www.aggloroanne.fr.https;BP-Linux8;53324;.;1448
15:34:46.532033;www.aggloroanne.fr.https;BP-Linux8;53324;.;1448
15:34:46.532037;BP-Linux8;www.aggloroanne.fr.https;53324;.;0
15:34:46.532043;www.aggloroanne.fr.https;BP-Linux8;53324;.;1448
15:34:46.532045;www.aggloroanne.fr.https;BP-Linux8;53324;.;1448
15:34:46.532046;BP-Linux8;www.aggloroanne.fr.https;53324;.;0
15:34:46.532051;www.aggloroanne.fr.https;BP-Linux8;53324;.;1448
15:34:46.532052;www.aggloroanne.fr.https;BP-Linux8;53324;.;1448
15:34:46.532054;www.aggloroanne.fr.https;BP-Linux8;53324;.;1448
15:34:46.532099;BP-Linux8;www.aggloroanne.fr.https;53324;.;0
15:34:46.532121;www.aggloroanne.fr.https;BP-Linux8;53324;.;1448
15:34:46.532124;www.aggloroanne.fr.https;BP-Linux8;53324;.;1448
15:34:46.532125;www.aggloroanne.fr.https;BP-Linux8;53324;.;1448
15:34:46.532127;www.aggloroanne.fr.https;BP-Linux8;53326;.;0
15:34:46.532284;www.aggloroanne.fr.https;BP-Linux8;53324;.;1448
15:34:46.532286;www.aggloroanne.fr.https;BP-Linux8;53324;.;1448
15:34:46.532288;www.aggloroanne.fr.https;BP-Linux8;53324;.;1448
15:34:46.532289;www.aggloroanne.fr.https;BP-Linux8;53324;.;1448
15:34:46.532291;www.aggloroanne.fr.https;BP-Linux8;53324;.;1448
15:34:46.532292;www.aggloroanne.fr.https;BP-Linux8;53324;.;1448
15:34:46.532375;www.aggloroanne.fr.https;BP-Linux8;53324;.;1448
15:34:46.532553;www.aggloroanne.fr.https;BP-Linux8;53324;.;1448
15:34:46.532556;www.aggloroanne.fr.https;BP-Linux8;53324;.;1448
15:34:46.532557;www.aggloroanne.fr.https;BP-Linux8;53324;.;1448
15:34:46.532559;www.aggloroanne.fr.https;BP-Linux8;53324;.;1448
15:34:46.532560;www.aggloroanne.fr.https;BP-Linux8;53324;.;1448
15:34:46.532623;www.aggloroanne.fr.https;BP-Linux8;53324;.;1448
15:34:46.532799;www.aggloroanne.fr.https;BP-Linux8;53324;.;1448
15:34:46.532802;www.aggloroanne.fr.https;BP-Linux8;53324;.;1448
15:34:46.532803;www.aggloroanne.fr.https;BP-Linux8;53324;.;1448
15:34:46.532805;www.aggloroanne.fr.https;BP-Linux8;53324;.;1448
15:34:46.532806;www.aggloroanne.fr.https;BP-Linux8;53324;P.;797
15:34:46.532956;www.aggloroanne.fr.https;BP-Linux8;53325;P.;852
15:34:46.533159;BP-Linux8;www.aggloroanne.fr.https;53324;.;0
15:34:46.535070;www.aggloroanne.fr.https;BP-Linux8;53326;P.;767
15:34:46.536084;www.aggloroanne.fr.https;BP-Linux8;53327;.;0
15:34:46.539889;www.aggloroanne.fr.https;BP-Linux8;53327;.;1448
15:34:46.540050;www.aggloroanne.fr.https;BP-Linux8;53327;.;1448
15:34:46.540057;BP-Linux8;www.aggloroanne.fr.https;53327;.;0
15:34:46.540065;www.aggloroanne.fr.https;BP-Linux8;53327;.;1448
15:34:46.540067;www.aggloroanne.fr.https;BP-Linux8;53327;.;1448
15:34:46.540069;BP-Linux8;www.aggloroanne.fr.https;53327;.;0
15:34:46.540074;www.aggloroanne.fr.https;BP-Linux8;53327;P.;1231
15:34:46.540141;BP-Linux8;www.aggloroanne.fr.https;53324;P.;491
15:34:46.542041;www.aggloroanne.fr.https;BP-Linux8;53328;.;0
15:34:46.543573;BP-Linux8;www.aggloroanne.fr.https;53325;P.;480
15:34:46.544161;www.aggloroanne.fr.https;BP-Linux8;53328;.;1448
15:34:46.544168;www.aggloroanne.fr.https;BP-Linux8;53328;P.;818
15:34:46.544172;BP-Linux8;www.aggloroanne.fr.https;53328;.;0
15:34:46.544378;www.aggloroanne.fr.https;BP-Linux8;53329;.;0
15:34:46.547022;www.aggloroanne.fr.https;BP-Linux8;53329;P.;1247
15:34:46.564182;www.aggloroanne.fr.https;BP-Linux8;53324;.;1448
15:34:46.564351;www.aggloroanne.fr.https;BP-Linux8;53324;.;1448
15:34:46.564359;BP-Linux8;www.aggloroanne.fr.https;53324;.;0
15:34:46.564368;www.aggloroanne.fr.https;BP-Linux8;53324;.;1448
15:34:46.564371;www.aggloroanne.fr.https;BP-Linux8;53324;.;1448
15:34:46.564372;www.aggloroanne.fr.https;BP-Linux8;53324;.;1448
15:34:46.564374;www.aggloroanne.fr.https;BP-Linux8;53324;.;1448
15:34:46.564469;www.aggloroanne.fr.https;BP-Linux8;53324;.;1448
15:34:46.564472;www.aggloroanne.fr.https;BP-Linux8;53324;.;1448
15:34:46.564473;www.aggloroanne.fr.https;BP-Linux8;53324;.;1448
15:34:46.564475;www.aggloroanne.fr.https;BP-Linux8;53324;.;1448
15:34:46.564476;www.aggloroanne.fr.https;BP-Linux8;53324;.;1448
15:34:46.564478;www.aggloroanne.fr.https;BP-Linux8;53324;P.;485
15:34:46.564479;www.aggloroanne.fr.https;BP-Linux8;53324;P.;447
15:34:46.570024;www.aggloroanne.fr.https;BP-Linux8;53325;.;1448
15:34:46.570196;www.aggloroanne.fr.https;BP-Linux8;53325;.;1448
15:34:46.570204;BP-Linux8;www.aggloroanne.fr.https;53325;.;0
15:34:46.570211;www.aggloroanne.fr.https;BP-Linux8;53325;.;1448
15:34:46.570214;www.aggloroanne.fr.https;BP-Linux8;53325;.;1448
15:34:46.570216;BP-Linux8;www.aggloroanne.fr.https;53325;.;0
15:34:46.570221;www.aggloroanne.fr.https;BP-Linux8;53325;.;1448
15:34:46.570223;www.aggloroanne.fr.https;BP-Linux8;53325;.;1448
15:34:46.570225;BP-Linux8;www.aggloroanne.fr.https;53325;.;0
15:34:46.570343;www.aggloroanne.fr.https;BP-Linux8;53325;.;1448
15:34:46.570498;www.aggloroanne.fr.https;BP-Linux8;53325;.;1448
15:34:46.570505;BP-Linux8;www.aggloroanne.fr.https;53325;.;0
15:34:46.570513;www.aggloroanne.fr.https;BP-Linux8;53325;.;1448
15:34:46.570515;www.aggloroanne.fr.https;BP-Linux8;53325;.;1448
15:34:46.570517;BP-Linux8;www.aggloroanne.fr.https;53325;.;0
15:34:46.572730;BP-Linux8;www.aggloroanne.fr.https;53326;.;0
15:34:46.576729;BP-Linux8;www.aggloroanne.fr.https;53327;.;0
15:34:46.580370;BP-Linux8;www.aggloroanne.fr.https;53324;.;0
15:34:46.584729;BP-Linux8;www.aggloroanne.fr.https;53329;.;0
15:34:46.589369;www.aggloroanne.fr.https;BP-Linux8;53325;.;1448
15:34:46.589515;www.aggloroanne.fr.https;BP-Linux8;53325;.;1448
15:34:46.589522;BP-Linux8;www.aggloroanne.fr.https;53325;.;0
15:34:46.589530;www.aggloroanne.fr.https;BP-Linux8;53325;.;1448
15:34:46.589532;www.aggloroanne.fr.https;BP-Linux8;53325;.;1448
15:34:46.589534;BP-Linux8;www.aggloroanne.fr.https;53325;.;0
15:34:46.589626;www.aggloroanne.fr.https;BP-Linux8;53325;.;1448
15:34:46.589790;www.aggloroanne.fr.https;BP-Linux8;53325;.;1448
15:34:46.589796;BP-Linux8;www.aggloroanne.fr.https;53325;.;0
15:34:46.589803;www.aggloroanne.fr.https;BP-Linux8;53325;.;1448
15:34:46.589805;www.aggloroanne.fr.https;BP-Linux8;53325;.;1448
15:34:46.589807;BP-Linux8;www.aggloroanne.fr.https;53325;.;0
15:34:46.589883;www.aggloroanne.fr.https;BP-Linux8;53325;.;1448
15:34:46.590056;www.aggloroanne.fr.https;BP-Linux8;53325;.;1448
15:34:46.590061;BP-Linux8;www.aggloroanne.fr.https;53325;.;0
15:34:46.590068;www.aggloroanne.fr.https;BP-Linux8;53325;.;1448
15:34:46.590070;www.aggloroanne.fr.https;BP-Linux8;53325;.;1448
15:34:46.590072;BP-Linux8;www.aggloroanne.fr.https;53325;.;0
15:34:46.590076;www.aggloroanne.fr.https;BP-Linux8;53325;.;1448
15:34:46.590119;www.aggloroanne.fr.https;BP-Linux8;53325;P.;600
15:34:46.590124;BP-Linux8;www.aggloroanne.fr.https;53325;.;0
15:34:46.604784;BP-Linux8;www.aggloroanne.fr.https;53324;P.;458
15:34:46.605160;BP-Linux8;www.aggloroanne.fr.https;53327;P.;459
15:34:46.605610;BP-Linux8;www.aggloroanne.fr.https;53328;P.;457
15:34:46.605878;BP-Linux8;www.aggloroanne.fr.https;53329;P.;457
15:34:46.606237;BP-Linux8;www.aggloroanne.fr.https;53326;P.;462
15:34:46.616974;BP-Linux8;www.aggloroanne.fr.https;53325;P.;470
15:34:46.627920;www.aggloroanne.fr.https;BP-Linux8;53324;.;1448
15:34:46.628020;www.aggloroanne.fr.https;BP-Linux8;53327;.;1448
15:34:46.628027;BP-Linux8;www.aggloroanne.fr.https;53327;.;0
15:34:46.628034;www.aggloroanne.fr.https;BP-Linux8;53324;P.;1071
15:34:46.628037;BP-Linux8;www.aggloroanne.fr.https;53324;.;0
15:34:46.628126;www.aggloroanne.fr.https;BP-Linux8;53327;.;1448
15:34:46.628130;BP-Linux8;www.aggloroanne.fr.https;53327;.;0
15:34:46.628136;www.aggloroanne.fr.https;BP-Linux8;53327;P.;755
15:34:46.628138;BP-Linux8;www.aggloroanne.fr.https;53327;.;0
15:34:46.628151;www.aggloroanne.fr.https;BP-Linux8;53329;.;1448
15:34:46.628154;BP-Linux8;www.aggloroanne.fr.https;53329;.;0
15:34:46.628287;www.aggloroanne.fr.https;BP-Linux8;53329;P.;1300
15:34:46.628291;BP-Linux8;www.aggloroanne.fr.https;53329;.;0
15:34:46.628385;www.aggloroanne.fr.https;BP-Linux8;53326;.;1448
15:34:46.628390;BP-Linux8;www.aggloroanne.fr.https;53326;.;0
15:34:46.628396;www.aggloroanne.fr.https;BP-Linux8;53328;.;1448
15:34:46.628399;www.aggloroanne.fr.https;BP-Linux8;53328;P.;911
15:34:46.628401;BP-Linux8;www.aggloroanne.fr.https;53328;.;0
15:34:46.628490;www.aggloroanne.fr.https;BP-Linux8;53326;.;1448
15:34:46.628492;BP-Linux8;www.aggloroanne.fr.https;53326;.;0
15:34:46.628645;www.aggloroanne.fr.https;BP-Linux8;53326;P.;405
15:34:46.628650;BP-Linux8;www.aggloroanne.fr.https;53326;.;0
15:34:46.628708;BP-Linux8;www.aggloroanne.fr.https;53324;P.;471
15:34:46.628792;BP-Linux8;www.aggloroanne.fr.https;53327;P.;482
15:34:46.629526;BP-Linux8;www.aggloroanne.fr.https;53326;P.;478
15:34:46.629593;BP-Linux8;www.aggloroanne.fr.https;53328;P.;471
15:34:46.629654;BP-Linux8;www.aggloroanne.fr.https;53329;P.;473
15:34:46.637696;www.aggloroanne.fr.https;BP-Linux8;53325;.;1448
15:34:46.637822;www.aggloroanne.fr.https;BP-Linux8;53325;.;1448
15:34:46.637829;BP-Linux8;www.aggloroanne.fr.https;53325;.;0
15:34:46.637838;www.aggloroanne.fr.https;BP-Linux8;53325;P.;757
15:34:46.638202;BP-Linux8;www.aggloroanne.fr.https;53325;P.;487
15:34:46.649693;www.aggloroanne.fr.https;BP-Linux8;53327;.;1448
15:34:46.649701;www.aggloroanne.fr.https;BP-Linux8;53327;.;1448
15:34:46.649706;BP-Linux8;www.aggloroanne.fr.https;53327;.;0
15:34:46.649802;www.aggloroanne.fr.https;BP-Linux8;53327;.;1448
15:34:46.649806;www.aggloroanne.fr.https;BP-Linux8;53327;.;1448
15:34:46.649809;BP-Linux8;www.aggloroanne.fr.https;53327;.;0
15:34:46.649888;www.aggloroanne.fr.https;BP-Linux8;53327;.;1448
15:34:46.649892;www.aggloroanne.fr.https;BP-Linux8;53327;.;1448
15:34:46.649894;BP-Linux8;www.aggloroanne.fr.https;53327;.;0
15:34:46.649901;www.aggloroanne.fr.https;BP-Linux8;53327;.;1448
15:34:46.649903;www.aggloroanne.fr.https;BP-Linux8;53327;.;1448
15:34:46.649904;BP-Linux8;www.aggloroanne.fr.https;53327;.;0
15:34:46.649908;www.aggloroanne.fr.https;BP-Linux8;53327;.;1448
15:34:46.649911;www.aggloroanne.fr.https;BP-Linux8;53327;.;1448
15:34:46.649913;BP-Linux8;www.aggloroanne.fr.https;53327;.;0
15:34:46.649948;www.aggloroanne.fr.https;BP-Linux8;53324;P.;405
15:34:46.650159;BP-Linux8;www.aggloroanne.fr.https;53324;P.;478
15:34:46.650644;www.aggloroanne.fr.https;BP-Linux8;53326;.;1448
15:34:46.650885;www.aggloroanne.fr.https;BP-Linux8;53326;.;1448
15:34:46.650891;BP-Linux8;www.aggloroanne.fr.https;53326;.;0
15:34:46.650899;www.aggloroanne.fr.https;BP-Linux8;53326;.;1448
15:34:46.650902;www.aggloroanne.fr.https;BP-Linux8;53326;.;1448
15:34:46.650903;BP-Linux8;www.aggloroanne.fr.https;53326;.;0
15:34:46.650909;www.aggloroanne.fr.https;BP-Linux8;53329;P.;540
15:34:46.650912;www.aggloroanne.fr.https;BP-Linux8;53326;.;1448
15:34:46.650913;www.aggloroanne.fr.https;BP-Linux8;53326;.;1448
15:34:46.650915;BP-Linux8;www.aggloroanne.fr.https;53326;.;0
15:34:46.650919;www.aggloroanne.fr.https;BP-Linux8;53326;.;1448
15:34:46.650921;www.aggloroanne.fr.https;BP-Linux8;53326;.;1448
15:34:46.650923;BP-Linux8;www.aggloroanne.fr.https;53326;.;0
15:34:46.650927;www.aggloroanne.fr.https;BP-Linux8;53326;.;1448
15:34:46.650928;www.aggloroanne.fr.https;BP-Linux8;53326;.;1448
15:34:46.650931;BP-Linux8;www.aggloroanne.fr.https;53326;.;0
15:34:46.650935;www.aggloroanne.fr.https;BP-Linux8;53328;.;1448
15:34:46.651145;www.aggloroanne.fr.https;BP-Linux8;53328;.;1448
15:34:46.651150;BP-Linux8;www.aggloroanne.fr.https;53328;.;0
15:34:46.651157;www.aggloroanne.fr.https;BP-Linux8;53328;.;1448
15:34:46.651159;www.aggloroanne.fr.https;BP-Linux8;53328;.;1448
15:34:46.651162;BP-Linux8;www.aggloroanne.fr.https;53328;.;0
15:34:46.651166;www.aggloroanne.fr.https;BP-Linux8;53328;.;1448
15:34:46.651167;www.aggloroanne.fr.https;BP-Linux8;53328;.;1448
15:34:46.651169;BP-Linux8;www.aggloroanne.fr.https;53328;.;0
15:34:46.651173;www.aggloroanne.fr.https;BP-Linux8;53328;.;1448
15:34:46.651175;www.aggloroanne.fr.https;BP-Linux8;53328;.;1448
15:34:46.651176;BP-Linux8;www.aggloroanne.fr.https;53328;.;0
15:34:46.651180;www.aggloroanne.fr.https;BP-Linux8;53328;.;1448
15:34:46.651182;www.aggloroanne.fr.https;BP-Linux8;53328;.;1448
15:34:46.651183;BP-Linux8;www.aggloroanne.fr.https;53328;.;0
15:34:46.651208;BP-Linux8;www.aggloroanne.fr.https;53329;P.;479
15:34:46.658770;www.aggloroanne.fr.https;BP-Linux8;53325;.;1448
15:34:46.658917;www.aggloroanne.fr.https;BP-Linux8;53325;.;1448
15:34:46.658923;BP-Linux8;www.aggloroanne.fr.https;53325;.;0
15:34:46.658931;www.aggloroanne.fr.https;BP-Linux8;53325;.;1448
15:34:46.658933;www.aggloroanne.fr.https;BP-Linux8;53325;.;1448
15:34:46.658937;BP-Linux8;www.aggloroanne.fr.https;53325;.;0
15:34:46.659042;www.aggloroanne.fr.https;BP-Linux8;53325;.;1448
15:34:46.659046;www.aggloroanne.fr.https;BP-Linux8;53325;.;1448
15:34:46.659049;BP-Linux8;www.aggloroanne.fr.https;53325;.;0
15:34:46.659055;www.aggloroanne.fr.https;BP-Linux8;53325;.;1448
15:34:46.659057;www.aggloroanne.fr.https;BP-Linux8;53325;.;1448
15:34:46.659058;BP-Linux8;www.aggloroanne.fr.https;53325;.;0
15:34:46.659106;www.aggloroanne.fr.https;BP-Linux8;53325;.;1448
15:34:46.659108;www.aggloroanne.fr.https;BP-Linux8;53325;.;1448
15:34:46.659110;BP-Linux8;www.aggloroanne.fr.https;53325;.;0
15:34:46.659116;www.aggloroanne.fr.https;BP-Linux8;53325;.;1448
15:34:46.659118;www.aggloroanne.fr.https;BP-Linux8;53325;.;1448
15:34:46.659119;BP-Linux8;www.aggloroanne.fr.https;53325;.;0
15:34:46.659147;www.aggloroanne.fr.https;BP-Linux8;53325;.;1448
15:34:46.659149;www.aggloroanne.fr.https;BP-Linux8;53325;.;1448
15:34:46.659151;BP-Linux8;www.aggloroanne.fr.https;53325;.;0
15:34:46.659305;www.aggloroanne.fr.https;BP-Linux8;53325;.;1448
15:34:46.659309;www.aggloroanne.fr.https;BP-Linux8;53325;.;1448
15:34:46.659311;BP-Linux8;www.aggloroanne.fr.https;53325;.;0
15:34:46.659317;www.aggloroanne.fr.https;BP-Linux8;53325;.;1448
15:34:46.659319;www.aggloroanne.fr.https;BP-Linux8;53325;.;1448
15:34:46.659320;BP-Linux8;www.aggloroanne.fr.https;53325;.;0
15:34:46.659465;www.aggloroanne.fr.https;BP-Linux8;53325;.;1448
15:34:46.659618;www.aggloroanne.fr.https;BP-Linux8;53325;.;1448
15:34:46.659620;www.aggloroanne.fr.https;BP-Linux8;53325;.;1448
15:34:46.659621;www.aggloroanne.fr.https;BP-Linux8;53325;.;1448
15:34:46.659721;www.aggloroanne.fr.https;BP-Linux8;53325;.;1448
15:34:46.659866;www.aggloroanne.fr.https;BP-Linux8;53325;.;1448
15:34:46.659868;www.aggloroanne.fr.https;BP-Linux8;53325;.;1448
15:34:46.659869;www.aggloroanne.fr.https;BP-Linux8;53325;P.;612
15:34:46.660143;BP-Linux8;www.aggloroanne.fr.https;53325;.;0
15:34:46.665962;BP-Linux8;www.aggloroanne.fr.https;53325;P.;471
15:34:46.668655;www.aggloroanne.fr.https;BP-Linux8;53327;.;1448
15:34:46.668855;www.aggloroanne.fr.https;BP-Linux8;53327;.;1448
15:34:46.668861;BP-Linux8;www.aggloroanne.fr.https;53327;.;0
15:34:46.668869;www.aggloroanne.fr.https;BP-Linux8;53327;.;1448
15:34:46.668872;www.aggloroanne.fr.https;BP-Linux8;53327;.;1448
15:34:46.668873;BP-Linux8;www.aggloroanne.fr.https;53327;.;0
15:34:46.668878;www.aggloroanne.fr.https;BP-Linux8;53327;.;1448
15:34:46.668879;www.aggloroanne.fr.https;BP-Linux8;53327;.;1448
15:34:46.668881;BP-Linux8;www.aggloroanne.fr.https;53327;.;0
15:34:46.668882;www.aggloroanne.fr.https;BP-Linux8;53327;.;1448
15:34:46.668884;www.aggloroanne.fr.https;BP-Linux8;53327;.;1448
15:34:46.668885;BP-Linux8;www.aggloroanne.fr.https;53327;.;0
15:34:46.668896;www.aggloroanne.fr.https;BP-Linux8;53327;.;1448
15:34:46.669050;www.aggloroanne.fr.https;BP-Linux8;53327;.;1448
15:34:46.669055;BP-Linux8;www.aggloroanne.fr.https;53327;.;0
15:34:46.669063;www.aggloroanne.fr.https;BP-Linux8;53327;.;1448
15:34:46.669065;www.aggloroanne.fr.https;BP-Linux8;53327;.;1448
15:34:46.669067;BP-Linux8;www.aggloroanne.fr.https;53327;.;0
15:34:46.669164;www.aggloroanne.fr.https;BP-Linux8;53327;.;1448
15:34:46.669167;www.aggloroanne.fr.https;BP-Linux8;53327;.;1448
15:34:46.669170;BP-Linux8;www.aggloroanne.fr.https;53327;.;0
15:34:46.669248;www.aggloroanne.fr.https;BP-Linux8;53327;.;1448
15:34:46.669250;www.aggloroanne.fr.https;BP-Linux8;53327;.;1448
15:34:46.669252;BP-Linux8;www.aggloroanne.fr.https;53327;.;0
15:34:46.669257;www.aggloroanne.fr.https;BP-Linux8;53327;.;1448
15:34:46.669260;www.aggloroanne.fr.https;BP-Linux8;53327;.;1448
15:34:46.669261;BP-Linux8;www.aggloroanne.fr.https;53327;.;0
15:34:46.669265;www.aggloroanne.fr.https;BP-Linux8;53327;.;1448
15:34:46.669267;www.aggloroanne.fr.https;BP-Linux8;53327;.;1448
15:34:46.669268;BP-Linux8;www.aggloroanne.fr.https;53327;.;0
15:34:46.669821;www.aggloroanne.fr.https;BP-Linux8;53326;.;1448
15:34:46.669966;www.aggloroanne.fr.https;BP-Linux8;53326;.;1448
15:34:46.669970;BP-Linux8;www.aggloroanne.fr.https;53326;.;0
15:34:46.669977;www.aggloroanne.fr.https;BP-Linux8;53326;.;1448
15:34:46.669979;www.aggloroanne.fr.https;BP-Linux8;53326;.;1448
15:34:46.669980;BP-Linux8;www.aggloroanne.fr.https;53326;.;0
15:34:46.670072;www.aggloroanne.fr.https;BP-Linux8;53326;.;1448
15:34:46.670074;www.aggloroanne.fr.https;BP-Linux8;53326;.;1448
15:34:46.670076;BP-Linux8;www.aggloroanne.fr.https;53326;.;0
15:34:46.670087;www.aggloroanne.fr.https;BP-Linux8;53326;.;1448
15:34:46.670134;www.aggloroanne.fr.https;BP-Linux8;53328;.;1448
15:34:46.670214;www.aggloroanne.fr.https;BP-Linux8;53326;.;1448
15:34:46.670217;BP-Linux8;www.aggloroanne.fr.https;53326;.;0
15:34:46.670225;www.aggloroanne.fr.https;BP-Linux8;53326;.;1448
15:34:46.670226;www.aggloroanne.fr.https;BP-Linux8;53326;.;1448
15:34:46.670227;BP-Linux8;www.aggloroanne.fr.https;53326;.;0
15:34:46.670282;www.aggloroanne.fr.https;BP-Linux8;53328;.;1448
15:34:46.670284;BP-Linux8;www.aggloroanne.fr.https;53328;.;0
15:34:46.670289;www.aggloroanne.fr.https;BP-Linux8;53328;.;1448
15:34:46.670290;www.aggloroanne.fr.https;BP-Linux8;53328;.;1448
15:34:46.670292;BP-Linux8;www.aggloroanne.fr.https;53328;.;0
15:34:46.670317;www.aggloroanne.fr.https;BP-Linux8;53326;.;1448
15:34:46.670318;www.aggloroanne.fr.https;BP-Linux8;53326;P.;450
15:34:46.670320;BP-Linux8;www.aggloroanne.fr.https;53326;.;0
15:34:46.670417;www.aggloroanne.fr.https;BP-Linux8;53328;.;1448
15:34:46.670420;www.aggloroanne.fr.https;BP-Linux8;53328;.;1448
15:34:46.670422;BP-Linux8;www.aggloroanne.fr.https;53328;.;0
15:34:46.670428;www.aggloroanne.fr.https;BP-Linux8;53328;.;1448
15:34:46.670430;www.aggloroanne.fr.https;BP-Linux8;53328;.;1448
15:34:46.670431;BP-Linux8;www.aggloroanne.fr.https;53328;.;0
15:34:46.670462;www.aggloroanne.fr.https;BP-Linux8;53328;.;1448
15:34:46.670463;www.aggloroanne.fr.https;BP-Linux8;53328;.;1448
15:34:46.670466;BP-Linux8;www.aggloroanne.fr.https;53328;.;0
15:34:46.670470;www.aggloroanne.fr.https;BP-Linux8;53328;.;1448
15:34:46.670561;www.aggloroanne.fr.https;BP-Linux8;53328;.;1448
15:34:46.670564;BP-Linux8;www.aggloroanne.fr.https;53328;.;0
15:34:46.670569;www.aggloroanne.fr.https;BP-Linux8;53328;.;1448
15:34:46.670571;www.aggloroanne.fr.https;BP-Linux8;53328;.;1448
15:34:46.670572;BP-Linux8;www.aggloroanne.fr.https;53328;.;0
15:34:46.670576;www.aggloroanne.fr.https;BP-Linux8;53328;.;1448
15:34:46.670579;www.aggloroanne.fr.https;BP-Linux8;53328;.;1448
15:34:46.670580;BP-Linux8;www.aggloroanne.fr.https;53328;.;0
15:34:46.670584;www.aggloroanne.fr.https;BP-Linux8;53328;.;1448
15:34:46.670596;www.aggloroanne.fr.https;BP-Linux8;53328;.;1448
15:34:46.670597;BP-Linux8;www.aggloroanne.fr.https;53328;.;0
15:34:46.670602;www.aggloroanne.fr.https;BP-Linux8;53328;.;1448
15:34:46.670611;www.aggloroanne.fr.https;BP-Linux8;53328;P.;274
15:34:46.670612;BP-Linux8;www.aggloroanne.fr.https;53328;.;0
15:34:46.670929;www.aggloroanne.fr.https;BP-Linux8;53324;.;1448
15:34:46.670934;www.aggloroanne.fr.https;BP-Linux8;53324;.;1448
15:34:46.670936;www.aggloroanne.fr.https;BP-Linux8;53324;.;1448
15:34:46.670937;www.aggloroanne.fr.https;BP-Linux8;53324;.;1448
15:34:46.670939;www.aggloroanne.fr.https;BP-Linux8;53324;.;1448
15:34:46.670940;www.aggloroanne.fr.https;BP-Linux8;53324;.;1448
15:34:46.670942;www.aggloroanne.fr.https;BP-Linux8;53324;.;1448
15:34:46.670943;www.aggloroanne.fr.https;BP-Linux8;53324;.;1448
15:34:46.670945;www.aggloroanne.fr.https;BP-Linux8;53324;.;1448
15:34:46.670946;www.aggloroanne.fr.https;BP-Linux8;53324;.;1448
15:34:46.670947;www.aggloroanne.fr.https;BP-Linux8;53324;.;1448
15:34:46.670949;www.aggloroanne.fr.https;BP-Linux8;53324;P.;485
15:34:46.670950;www.aggloroanne.fr.https;BP-Linux8;53324;.;1448
15:34:46.670952;www.aggloroanne.fr.https;BP-Linux8;53324;.;1448
15:34:46.670954;www.aggloroanne.fr.https;BP-Linux8;53324;.;1448
15:34:46.671102;www.aggloroanne.fr.https;BP-Linux8;53324;.;1448
15:34:46.671104;www.aggloroanne.fr.https;BP-Linux8;53324;.;1448
15:34:46.671106;www.aggloroanne.fr.https;BP-Linux8;53324;.;1448
15:34:46.671107;www.aggloroanne.fr.https;BP-Linux8;53324;.;1448
15:34:46.671109;www.aggloroanne.fr.https;BP-Linux8;53324;.;1448
15:34:46.671110;www.aggloroanne.fr.https;BP-Linux8;53324;.;1448
15:34:46.671111;www.aggloroanne.fr.https;BP-Linux8;53324;.;1448
15:34:46.671113;www.aggloroanne.fr.https;BP-Linux8;53324;P.;1196
15:34:46.671976;www.aggloroanne.fr.https;BP-Linux8;53329;.;1448
15:34:46.672154;www.aggloroanne.fr.https;BP-Linux8;53329;.;1448
15:34:46.672158;BP-Linux8;www.aggloroanne.fr.https;53329;.;0
15:34:46.672172;www.aggloroanne.fr.https;BP-Linux8;53329;.;1448
15:34:46.672174;www.aggloroanne.fr.https;BP-Linux8;53329;.;1448
15:34:46.672176;BP-Linux8;www.aggloroanne.fr.https;53329;.;0
15:34:46.672180;www.aggloroanne.fr.https;BP-Linux8;53329;.;1448
15:34:46.672182;www.aggloroanne.fr.https;BP-Linux8;53329;.;1448
15:34:46.672184;BP-Linux8;www.aggloroanne.fr.https;53329;.;0
15:34:46.672245;www.aggloroanne.fr.https;BP-Linux8;53329;.;1448
15:34:46.672246;www.aggloroanne.fr.https;BP-Linux8;53329;.;1448
15:34:46.672248;BP-Linux8;www.aggloroanne.fr.https;53329;.;0
15:34:46.672340;www.aggloroanne.fr.https;BP-Linux8;53329;.;1448
15:34:46.672366;www.aggloroanne.fr.https;BP-Linux8;53329;.;1448
15:34:46.672368;BP-Linux8;www.aggloroanne.fr.https;53329;.;0
15:34:46.674136;BP-Linux8;www.aggloroanne.fr.https;53324;.;0
15:34:46.686852;www.aggloroanne.fr.https;BP-Linux8;53325;.;1448
15:34:46.686861;www.aggloroanne.fr.https;BP-Linux8;53325;.;1448
15:34:46.686865;BP-Linux8;www.aggloroanne.fr.https;53325;.;0
15:34:46.686873;www.aggloroanne.fr.https;BP-Linux8;53325;.;1448
15:34:46.686876;www.aggloroanne.fr.https;BP-Linux8;53325;.;1448
15:34:46.686878;www.aggloroanne.fr.https;BP-Linux8;53325;.;1448
15:34:46.686879;www.aggloroanne.fr.https;BP-Linux8;53325;.;1448
15:34:46.686880;www.aggloroanne.fr.https;BP-Linux8;53325;.;1448
15:34:46.686881;www.aggloroanne.fr.https;BP-Linux8;53325;.;1448
15:34:46.686883;www.aggloroanne.fr.https;BP-Linux8;53325;.;1448
15:34:46.686884;www.aggloroanne.fr.https;BP-Linux8;53325;.;1448
15:34:46.686885;www.aggloroanne.fr.https;BP-Linux8;53325;.;1448
15:34:46.686887;www.aggloroanne.fr.https;BP-Linux8;53325;.;1448
15:34:46.686970;www.aggloroanne.fr.https;BP-Linux8;53325;.;1448
15:34:46.686973;www.aggloroanne.fr.https;BP-Linux8;53325;.;1448
15:34:46.686975;www.aggloroanne.fr.https;BP-Linux8;53325;.;1448
15:34:46.686976;www.aggloroanne.fr.https;BP-Linux8;53325;.;1448
15:34:46.687111;www.aggloroanne.fr.https;BP-Linux8;53325;.;1448
15:34:46.687113;www.aggloroanne.fr.https;BP-Linux8;53325;.;1448
15:34:46.687115;www.aggloroanne.fr.https;BP-Linux8;53325;.;1448
15:34:46.687117;www.aggloroanne.fr.https;BP-Linux8;53325;.;1448
15:34:46.687118;www.aggloroanne.fr.https;BP-Linux8;53325;.;1448
15:34:46.687120;www.aggloroanne.fr.https;BP-Linux8;53325;.;1448
15:34:46.687121;www.aggloroanne.fr.https;BP-Linux8;53325;.;1448
15:34:46.687122;www.aggloroanne.fr.https;BP-Linux8;53325;.;1448
15:34:46.687124;www.aggloroanne.fr.https;BP-Linux8;53325;.;1448
15:34:46.687125;www.aggloroanne.fr.https;BP-Linux8;53325;.;1448
15:34:46.687215;www.aggloroanne.fr.https;BP-Linux8;53325;.;1448
15:34:46.687217;www.aggloroanne.fr.https;BP-Linux8;53325;.;1448
15:34:46.687219;www.aggloroanne.fr.https;BP-Linux8;53325;.;1448
15:34:46.687220;www.aggloroanne.fr.https;BP-Linux8;53325;P.;274
15:34:46.687977;www.aggloroanne.fr.https;BP-Linux8;53327;.;1448
15:34:46.688112;www.aggloroanne.fr.https;BP-Linux8;53327;.;1448
15:34:46.688116;BP-Linux8;www.aggloroanne.fr.https;53327;.;0
15:34:46.688123;www.aggloroanne.fr.https;BP-Linux8;53327;.;1448
15:34:46.688126;www.aggloroanne.fr.https;BP-Linux8;53327;P.;46
15:34:46.688127;BP-Linux8;www.aggloroanne.fr.https;53327;.;0
15:34:46.691196;www.aggloroanne.fr.https;BP-Linux8;53329;.;1448
15:34:46.691201;www.aggloroanne.fr.https;BP-Linux8;53329;.;1448
15:34:46.691205;BP-Linux8;www.aggloroanne.fr.https;53329;.;0
15:34:46.691302;www.aggloroanne.fr.https;BP-Linux8;53329;.;1448
15:34:46.691303;www.aggloroanne.fr.https;BP-Linux8;53329;.;1448
15:34:46.691305;BP-Linux8;www.aggloroanne.fr.https;53329;.;0
15:34:46.691406;www.aggloroanne.fr.https;BP-Linux8;53329;.;1448
15:34:46.691408;www.aggloroanne.fr.https;BP-Linux8;53329;.;1448
15:34:46.691410;BP-Linux8;www.aggloroanne.fr.https;53329;.;0
15:34:46.691415;www.aggloroanne.fr.https;BP-Linux8;53329;.;1448
15:34:46.691417;www.aggloroanne.fr.https;BP-Linux8;53329;.;1448
15:34:46.691419;BP-Linux8;www.aggloroanne.fr.https;53329;.;0
15:34:46.691423;www.aggloroanne.fr.https;BP-Linux8;53329;.;1448
15:34:46.691425;www.aggloroanne.fr.https;BP-Linux8;53329;.;1448
15:34:46.691426;BP-Linux8;www.aggloroanne.fr.https;53329;.;0
15:34:46.691430;www.aggloroanne.fr.https;BP-Linux8;53329;.;1448
15:34:46.691432;www.aggloroanne.fr.https;BP-Linux8;53329;.;1448
15:34:46.691433;BP-Linux8;www.aggloroanne.fr.https;53329;.;0
15:34:46.691463;www.aggloroanne.fr.https;BP-Linux8;53329;.;1448
15:34:46.691465;www.aggloroanne.fr.https;BP-Linux8;53329;.;1448
15:34:46.691466;BP-Linux8;www.aggloroanne.fr.https;53329;.;0
15:34:46.691470;www.aggloroanne.fr.https;BP-Linux8;53329;.;1448
15:34:46.691472;www.aggloroanne.fr.https;BP-Linux8;53329;P.;1024
15:34:46.691474;BP-Linux8;www.aggloroanne.fr.https;53329;.;0
15:34:46.724732;BP-Linux8;www.aggloroanne.fr.https;53325;.;0
15:34:46.724940;BP-Linux8.ssh;192.168.190.130;50245;P.;100
15:34:46.733802;BP-Linux8;www.aggloroanne.fr.https;53324;P.;477
15:34:46.733915;BP-Linux8;www.aggloroanne.fr.https;53326;P.;459
15:34:46.734389;BP-Linux8;www.aggloroanne.fr.https;53327;P.;502
15:34:46.734515;BP-Linux8;www.aggloroanne.fr.https;53328;P.;482
15:34:46.734614;BP-Linux8;www.aggloroanne.fr.https;53329;P.;496
15:34:46.745315;192.168.190.130;BP-Linux8.ssh;50245;.;0
15:34:46.755047;www.aggloroanne.fr.https;BP-Linux8;53324;.;1448
15:34:46.755311;www.aggloroanne.fr.https;BP-Linux8;53324;.;1448
15:34:46.755316;www.aggloroanne.fr.https;BP-Linux8;53324;.;1448
15:34:46.755318;www.aggloroanne.fr.https;BP-Linux8;53324;.;1448
15:34:46.755319;www.aggloroanne.fr.https;BP-Linux8;53324;.;1448
15:34:46.755321;www.aggloroanne.fr.https;BP-Linux8;53324;.;1448
15:34:46.755322;www.aggloroanne.fr.https;BP-Linux8;53324;.;1448
15:34:46.755324;www.aggloroanne.fr.https;BP-Linux8;53324;.;1448
15:34:46.755325;www.aggloroanne.fr.https;BP-Linux8;53324;.;1448
15:34:46.755327;www.aggloroanne.fr.https;BP-Linux8;53324;.;1448
15:34:46.755328;www.aggloroanne.fr.https;BP-Linux8;53324;.;1448
15:34:46.755330;www.aggloroanne.fr.https;BP-Linux8;53324;P.;485
15:34:46.755331;www.aggloroanne.fr.https;BP-Linux8;53324;.;1448
15:34:46.755542;www.aggloroanne.fr.https;BP-Linux8;53324;.;1448
15:34:46.755547;www.aggloroanne.fr.https;BP-Linux8;53324;.;1448
15:34:46.755549;www.aggloroanne.fr.https;BP-Linux8;53324;.;1448
15:34:46.755550;www.aggloroanne.fr.https;BP-Linux8;53324;.;1448
15:34:46.755552;www.aggloroanne.fr.https;BP-Linux8;53324;.;1448
15:34:46.755554;www.aggloroanne.fr.https;BP-Linux8;53324;.;1448
15:34:46.755555;www.aggloroanne.fr.https;BP-Linux8;53324;.;1448
15:34:46.755557;www.aggloroanne.fr.https;BP-Linux8;53324;.;1448
15:34:46.755558;www.aggloroanne.fr.https;BP-Linux8;53324;.;1448
15:34:46.755559;www.aggloroanne.fr.https;BP-Linux8;53324;.;1448
15:34:46.755561;www.aggloroanne.fr.https;BP-Linux8;53324;P.;454
15:34:46.755571;www.aggloroanne.fr.https;BP-Linux8;53327;.;1448
15:34:46.755778;www.aggloroanne.fr.https;BP-Linux8;53327;.;1448
15:34:46.755784;BP-Linux8;www.aggloroanne.fr.https;53327;.;0
15:34:46.755792;www.aggloroanne.fr.https;BP-Linux8;53327;.;1448
15:34:46.755795;www.aggloroanne.fr.https;BP-Linux8;53327;.;1448
15:34:46.755797;BP-Linux8;www.aggloroanne.fr.https;53327;.;0
15:34:46.755801;www.aggloroanne.fr.https;BP-Linux8;53327;.;1448
15:34:46.755803;www.aggloroanne.fr.https;BP-Linux8;53327;.;1448
15:34:46.755805;BP-Linux8;www.aggloroanne.fr.https;53327;.;0
15:34:46.755809;www.aggloroanne.fr.https;BP-Linux8;53327;.;1448
15:34:46.755810;www.aggloroanne.fr.https;BP-Linux8;53327;.;1448
15:34:46.755859;www.aggloroanne.fr.https;BP-Linux8;53327;.;1448
15:34:46.755861;www.aggloroanne.fr.https;BP-Linux8;53327;.;1448
15:34:46.755863;www.aggloroanne.fr.https;BP-Linux8;53327;.;1448
15:34:46.755864;www.aggloroanne.fr.https;BP-Linux8;53327;.;1448
15:34:46.756121;www.aggloroanne.fr.https;BP-Linux8;53327;.;1448
15:34:46.756125;www.aggloroanne.fr.https;BP-Linux8;53326;.;1448
15:34:46.756128;www.aggloroanne.fr.https;BP-Linux8;53327;.;1448
15:34:46.756130;www.aggloroanne.fr.https;BP-Linux8;53327;.;1448
15:34:46.756131;www.aggloroanne.fr.https;BP-Linux8;53327;.;1448
15:34:46.756133;www.aggloroanne.fr.https;BP-Linux8;53327;.;1448
15:34:46.756134;www.aggloroanne.fr.https;BP-Linux8;53327;.;1448
15:34:46.756136;www.aggloroanne.fr.https;BP-Linux8;53327;.;1448
15:34:46.756137;www.aggloroanne.fr.https;BP-Linux8;53327;.;1448
15:34:46.756138;www.aggloroanne.fr.https;BP-Linux8;53326;.;1448
15:34:46.756141;BP-Linux8;www.aggloroanne.fr.https;53326;.;0
15:34:46.756148;www.aggloroanne.fr.https;BP-Linux8;53326;.;1448
15:34:46.756151;www.aggloroanne.fr.https;BP-Linux8;53326;.;1448
15:34:46.756152;BP-Linux8;www.aggloroanne.fr.https;53326;.;0
15:34:46.756157;www.aggloroanne.fr.https;BP-Linux8;53326;.;1448
15:34:46.756158;www.aggloroanne.fr.https;BP-Linux8;53326;.;1448
15:34:46.756160;BP-Linux8;www.aggloroanne.fr.https;53326;.;0
15:34:46.756164;www.aggloroanne.fr.https;BP-Linux8;53327;.;1448
15:34:46.756237;www.aggloroanne.fr.https;BP-Linux8;53326;.;1448
15:34:46.756240;www.aggloroanne.fr.https;BP-Linux8;53326;.;1448
15:34:46.756243;BP-Linux8;www.aggloroanne.fr.https;53326;.;0
15:34:46.756250;www.aggloroanne.fr.https;BP-Linux8;53326;.;1448
15:34:46.756252;www.aggloroanne.fr.https;BP-Linux8;53326;.;1448
15:34:46.756253;BP-Linux8;www.aggloroanne.fr.https;53326;.;0
15:34:46.756301;www.aggloroanne.fr.https;BP-Linux8;53327;.;1448
15:34:46.756304;www.aggloroanne.fr.https;BP-Linux8;53327;.;1448
15:34:46.756306;www.aggloroanne.fr.https;BP-Linux8;53327;P.;1095
15:34:46.756307;www.aggloroanne.fr.https;BP-Linux8;53328;.;1448
15:34:46.756603;www.aggloroanne.fr.https;BP-Linux8;53328;.;1448
15:34:46.756609;BP-Linux8;www.aggloroanne.fr.https;53328;.;0
15:34:46.756616;www.aggloroanne.fr.https;BP-Linux8;53328;.;1448
15:34:46.756618;www.aggloroanne.fr.https;BP-Linux8;53328;.;1448
15:34:46.756620;BP-Linux8;www.aggloroanne.fr.https;53328;.;0
15:34:46.756624;www.aggloroanne.fr.https;BP-Linux8;53328;.;1448
15:34:46.756626;www.aggloroanne.fr.https;BP-Linux8;53328;.;1448
15:34:46.756627;BP-Linux8;www.aggloroanne.fr.https;53328;.;0
15:34:46.756632;www.aggloroanne.fr.https;BP-Linux8;53328;.;1448
15:34:46.756633;www.aggloroanne.fr.https;BP-Linux8;53328;.;1448
15:34:46.756635;BP-Linux8;www.aggloroanne.fr.https;53328;.;0
15:34:46.756639;www.aggloroanne.fr.https;BP-Linux8;53328;.;1448
15:34:46.756640;www.aggloroanne.fr.https;BP-Linux8;53328;.;1448
15:34:46.756642;BP-Linux8;www.aggloroanne.fr.https;53328;.;0
15:34:46.756646;www.aggloroanne.fr.https;BP-Linux8;53328;.;1448
15:34:46.756648;www.aggloroanne.fr.https;BP-Linux8;53328;.;1448
15:34:46.756649;BP-Linux8;www.aggloroanne.fr.https;53328;.;0
15:34:46.756653;www.aggloroanne.fr.https;BP-Linux8;53328;.;1448
15:34:46.756654;www.aggloroanne.fr.https;BP-Linux8;53326;.;1448
15:34:46.756657;www.aggloroanne.fr.https;BP-Linux8;53328;.;1448
15:34:46.756658;www.aggloroanne.fr.https;BP-Linux8;53328;.;1448
15:34:46.756757;www.aggloroanne.fr.https;BP-Linux8;53328;.;1448
15:34:46.756760;www.aggloroanne.fr.https;BP-Linux8;53326;.;1448
15:34:46.756763;BP-Linux8;www.aggloroanne.fr.https;53326;.;0
15:34:46.756770;www.aggloroanne.fr.https;BP-Linux8;53326;.;1448
15:34:46.756772;www.aggloroanne.fr.https;BP-Linux8;53326;.;1448
15:34:46.756773;BP-Linux8;www.aggloroanne.fr.https;53326;.;0
15:34:46.756777;www.aggloroanne.fr.https;BP-Linux8;53329;.;1448
15:34:46.756780;www.aggloroanne.fr.https;BP-Linux8;53329;.;1448
15:34:46.756781;BP-Linux8;www.aggloroanne.fr.https;53329;.;0
15:34:46.756786;www.aggloroanne.fr.https;BP-Linux8;53329;.;1448
15:34:46.756787;www.aggloroanne.fr.https;BP-Linux8;53329;.;1448
15:34:46.756788;BP-Linux8;www.aggloroanne.fr.https;53329;.;0
15:34:46.756792;www.aggloroanne.fr.https;BP-Linux8;53329;.;1448
15:34:46.756794;www.aggloroanne.fr.https;BP-Linux8;53329;.;1448
15:34:46.756795;BP-Linux8;www.aggloroanne.fr.https;53329;.;0
15:34:46.756799;www.aggloroanne.fr.https;BP-Linux8;53329;.;1448
15:34:46.756800;www.aggloroanne.fr.https;BP-Linux8;53329;.;1448
15:34:46.756802;BP-Linux8;www.aggloroanne.fr.https;53329;.;0
15:34:46.756863;www.aggloroanne.fr.https;BP-Linux8;53329;.;1448
15:34:46.756866;www.aggloroanne.fr.https;BP-Linux8;53326;.;1448
15:34:46.756868;www.aggloroanne.fr.https;BP-Linux8;53326;.;1448
15:34:46.756870;BP-Linux8;www.aggloroanne.fr.https;53326;.;0
15:34:46.756876;www.aggloroanne.fr.https;BP-Linux8;53326;.;1448
15:34:46.756878;www.aggloroanne.fr.https;BP-Linux8;53326;.;1448
15:34:46.756879;BP-Linux8;www.aggloroanne.fr.https;53326;.;0
15:34:46.756883;www.aggloroanne.fr.https;BP-Linux8;53328;.;1448
15:34:46.756885;www.aggloroanne.fr.https;BP-Linux8;53328;.;1448
15:34:46.756886;www.aggloroanne.fr.https;BP-Linux8;53328;.;1448
15:34:46.756888;www.aggloroanne.fr.https;BP-Linux8;53328;.;1448
15:34:46.756975;www.aggloroanne.fr.https;BP-Linux8;53328;.;1448
15:34:46.756979;www.aggloroanne.fr.https;BP-Linux8;53328;.;1448
15:34:46.756980;www.aggloroanne.fr.https;BP-Linux8;53328;.;1448
15:34:46.756981;www.aggloroanne.fr.https;BP-Linux8;53328;.;1448
15:34:46.756983;www.aggloroanne.fr.https;BP-Linux8;53328;.;1448
15:34:46.757015;www.aggloroanne.fr.https;BP-Linux8;53328;.;1448
15:34:46.757017;www.aggloroanne.fr.https;BP-Linux8;53328;.;1448
15:34:46.757018;www.aggloroanne.fr.https;BP-Linux8;53328;.;1448
15:34:46.757062;www.aggloroanne.fr.https;BP-Linux8;53328;.;1448
15:34:46.757065;www.aggloroanne.fr.https;BP-Linux8;53328;.;1448
15:34:46.757139;www.aggloroanne.fr.https;BP-Linux8;53326;.;1448
15:34:46.757345;www.aggloroanne.fr.https;BP-Linux8;53328;.;1448
15:34:46.757349;www.aggloroanne.fr.https;BP-Linux8;53328;.;1448
15:34:46.757351;www.aggloroanne.fr.https;BP-Linux8;53329;.;1448
15:34:46.757354;BP-Linux8;www.aggloroanne.fr.https;53329;.;0
15:34:46.757361;www.aggloroanne.fr.https;BP-Linux8;53329;.;1448
15:34:46.757362;www.aggloroanne.fr.https;BP-Linux8;53329;.;1448
15:34:46.757364;BP-Linux8;www.aggloroanne.fr.https;53329;.;0
15:34:46.757368;www.aggloroanne.fr.https;BP-Linux8;53329;.;1448
15:34:46.757369;www.aggloroanne.fr.https;BP-Linux8;53329;P.;183
15:34:46.757371;BP-Linux8;www.aggloroanne.fr.https;53329;.;0
15:34:46.757375;www.aggloroanne.fr.https;BP-Linux8;53326;.;1448
15:34:46.757376;www.aggloroanne.fr.https;BP-Linux8;53326;.;1448
15:34:46.757378;www.aggloroanne.fr.https;BP-Linux8;53326;.;1448
15:34:46.757379;www.aggloroanne.fr.https;BP-Linux8;53326;.;1448
15:34:46.757380;www.aggloroanne.fr.https;BP-Linux8;53326;.;1448
15:34:46.757381;www.aggloroanne.fr.https;BP-Linux8;53328;.;1448
15:34:46.757383;www.aggloroanne.fr.https;BP-Linux8;53328;.;1448
15:34:46.757384;www.aggloroanne.fr.https;BP-Linux8;53328;.;1448
15:34:46.757385;www.aggloroanne.fr.https;BP-Linux8;53328;.;1448
15:34:46.757466;www.aggloroanne.fr.https;BP-Linux8;53328;.;1448
15:34:46.757469;www.aggloroanne.fr.https;BP-Linux8;53328;.;1448
15:34:46.757471;www.aggloroanne.fr.https;BP-Linux8;53328;.;1448
15:34:46.757472;www.aggloroanne.fr.https;BP-Linux8;53328;.;1448
15:34:46.774673;BP-Linux8;www.aggloroanne.fr.https;53325;P.;472
15:34:46.774742;BP-Linux8;www.aggloroanne.fr.https;53324;.;0
15:34:46.775327;www.aggloroanne.fr.https;BP-Linux8;53326;.;1448
15:34:46.775332;www.aggloroanne.fr.https;BP-Linux8;53326;.;1448
15:34:46.775445;www.aggloroanne.fr.https;BP-Linux8;53326;.;1448
15:34:46.775446;www.aggloroanne.fr.https;BP-Linux8;53326;.;1448
15:34:46.775615;www.aggloroanne.fr.https;BP-Linux8;53326;.;1448
15:34:46.775617;www.aggloroanne.fr.https;BP-Linux8;53326;.;1448
15:34:46.775725;www.aggloroanne.fr.https;BP-Linux8;53326;P.;1122
15:34:46.775809;www.aggloroanne.fr.https;BP-Linux8;53328;.;1448
15:34:46.776016;www.aggloroanne.fr.https;BP-Linux8;53328;.;1448
15:34:46.776017;www.aggloroanne.fr.https;BP-Linux8;53328;.;1448
15:34:46.776019;www.aggloroanne.fr.https;BP-Linux8;53328;.;1448
15:34:46.776020;www.aggloroanne.fr.https;BP-Linux8;53328;.;1448
15:34:46.776021;www.aggloroanne.fr.https;BP-Linux8;53328;.;1448
15:34:46.776022;www.aggloroanne.fr.https;BP-Linux8;53328;.;1448
15:34:46.776024;www.aggloroanne.fr.https;BP-Linux8;53328;.;1448
15:34:46.776100;www.aggloroanne.fr.https;BP-Linux8;53328;.;1448
15:34:46.776248;www.aggloroanne.fr.https;BP-Linux8;53328;.;1448
15:34:46.776250;www.aggloroanne.fr.https;BP-Linux8;53328;.;1448
15:34:46.776252;www.aggloroanne.fr.https;BP-Linux8;53328;P.;1071
15:34:46.785492;BP-Linux8;www.aggloroanne.fr.https;53326;.;0
15:34:46.790438;BP-Linux8;www.aggloroanne.fr.https;53327;.;0
15:34:46.792728;BP-Linux8;www.aggloroanne.fr.https;53328;.;0
15:34:46.796084;www.aggloroanne.fr.https;BP-Linux8;53325;.;1448
15:34:46.796092;BP-Linux8;www.aggloroanne.fr.https;53325;.;0
15:34:46.796188;www.aggloroanne.fr.https;BP-Linux8;53325;.;1448
15:34:46.796191;BP-Linux8;www.aggloroanne.fr.https;53325;.;0
15:34:46.796282;www.aggloroanne.fr.https;BP-Linux8;53325;.;1448
15:34:46.796284;BP-Linux8;www.aggloroanne.fr.https;53325;.;0
15:34:46.796289;www.aggloroanne.fr.https;BP-Linux8;53325;.;1448
15:34:46.796291;BP-Linux8;www.aggloroanne.fr.https;53325;.;0
15:34:46.796295;www.aggloroanne.fr.https;BP-Linux8;53325;.;1448
15:34:46.796296;BP-Linux8;www.aggloroanne.fr.https;53325;.;0
15:34:46.796300;www.aggloroanne.fr.https;BP-Linux8;53325;.;1448
15:34:46.796302;BP-Linux8;www.aggloroanne.fr.https;53325;.;0
15:34:46.796306;www.aggloroanne.fr.https;BP-Linux8;53325;.;1448
15:34:46.796307;BP-Linux8;www.aggloroanne.fr.https;53325;.;0
15:34:46.796311;www.aggloroanne.fr.https;BP-Linux8;53325;.;1448
15:34:46.796313;BP-Linux8;www.aggloroanne.fr.https;53325;.;0
15:34:46.796420;www.aggloroanne.fr.https;BP-Linux8;53325;.;1448
15:34:46.796423;BP-Linux8;www.aggloroanne.fr.https;53325;.;0
15:34:46.796428;www.aggloroanne.fr.https;BP-Linux8;53325;.;1448
15:34:46.796431;www.aggloroanne.fr.https;BP-Linux8;53325;.;1448
15:34:46.796432;www.aggloroanne.fr.https;BP-Linux8;53325;P.;485
15:34:46.796433;www.aggloroanne.fr.https;BP-Linux8;53325;.;1448
15:34:46.796434;www.aggloroanne.fr.https;BP-Linux8;53325;.;1448
15:34:46.796436;www.aggloroanne.fr.https;BP-Linux8;53325;.;1448
15:34:46.796437;www.aggloroanne.fr.https;BP-Linux8;53325;.;1448
15:34:46.796517;www.aggloroanne.fr.https;BP-Linux8;53325;.;1448
15:34:46.796519;www.aggloroanne.fr.https;BP-Linux8;53325;.;1448
15:34:46.796521;www.aggloroanne.fr.https;BP-Linux8;53325;.;1448
15:34:46.796522;www.aggloroanne.fr.https;BP-Linux8;53325;.;1448
15:34:46.796523;www.aggloroanne.fr.https;BP-Linux8;53325;.;1448
15:34:46.796525;www.aggloroanne.fr.https;BP-Linux8;53325;.;1448
15:34:46.796526;www.aggloroanne.fr.https;BP-Linux8;53325;.;1448
15:34:46.796528;www.aggloroanne.fr.https;BP-Linux8;53325;.;1448
15:34:46.796616;www.aggloroanne.fr.https;BP-Linux8;53325;.;1448
15:34:46.796618;www.aggloroanne.fr.https;BP-Linux8;53325;.;1448
15:34:46.796619;www.aggloroanne.fr.https;BP-Linux8;53325;.;1448
15:34:46.796620;www.aggloroanne.fr.https;BP-Linux8;53325;.;1448
15:34:46.796797;www.aggloroanne.fr.https;BP-Linux8;53325;.;1448
15:34:46.796800;www.aggloroanne.fr.https;BP-Linux8;53325;.;1448
15:34:46.796802;www.aggloroanne.fr.https;BP-Linux8;53325;.;1448
15:34:46.796804;www.aggloroanne.fr.https;BP-Linux8;53325;.;1448
15:34:46.796805;www.aggloroanne.fr.https;BP-Linux8;53325;.;1448
15:34:46.796808;www.aggloroanne.fr.https;BP-Linux8;53325;.;1448
15:34:46.796809;www.aggloroanne.fr.https;BP-Linux8;53325;.;1448
15:34:46.796811;www.aggloroanne.fr.https;BP-Linux8;53325;.;1448
15:34:46.796812;www.aggloroanne.fr.https;BP-Linux8;53325;P.;70
15:34:46.827101;BP-Linux8;www.aggloroanne.fr.https;53324;P.;474
15:34:46.827222;BP-Linux8;www.aggloroanne.fr.https;53326;P.;466
15:34:46.827700;BP-Linux8;www.aggloroanne.fr.https;53327;P.;463
15:34:46.827823;BP-Linux8;www.aggloroanne.fr.https;53328;P.;470
15:34:46.827899;BP-Linux8;www.aggloroanne.fr.https;53329;P.;460
15:34:46.827968;BP-Linux8;www.aggloroanne.fr.https;53325;.;0
15:34:46.840789;BP-Linux8;www.aggloroanne.fr.https;53325;P.;465
15:34:46.848422;www.aggloroanne.fr.https;BP-Linux8;53326;.;1448
15:34:46.848608;www.aggloroanne.fr.https;BP-Linux8;53326;.;1448
15:34:46.848614;BP-Linux8;www.aggloroanne.fr.https;53326;.;0
15:34:46.848623;www.aggloroanne.fr.https;BP-Linux8;53326;.;1448
15:34:46.848625;www.aggloroanne.fr.https;BP-Linux8;53326;.;1448
15:34:46.848627;BP-Linux8;www.aggloroanne.fr.https;53326;.;0
15:34:46.848631;www.aggloroanne.fr.https;BP-Linux8;53326;.;1448
15:34:46.848633;www.aggloroanne.fr.https;BP-Linux8;53326;.;1448
15:34:46.848634;www.aggloroanne.fr.https;BP-Linux8;53326;.;1448
15:34:46.848734;www.aggloroanne.fr.https;BP-Linux8;53326;.;1448
15:34:46.848737;www.aggloroanne.fr.https;BP-Linux8;53326;.;1448
15:34:46.848739;www.aggloroanne.fr.https;BP-Linux8;53326;.;1448
15:34:46.848740;www.aggloroanne.fr.https;BP-Linux8;53326;.;1448
15:34:46.848742;www.aggloroanne.fr.https;BP-Linux8;53326;P.;485
15:34:46.848743;www.aggloroanne.fr.https;BP-Linux8;53326;.;1448
15:34:46.848745;www.aggloroanne.fr.https;BP-Linux8;53326;.;1448
15:34:46.848811;www.aggloroanne.fr.https;BP-Linux8;53326;.;1448
15:34:46.848813;www.aggloroanne.fr.https;BP-Linux8;53326;.;1448
15:34:46.848815;www.aggloroanne.fr.https;BP-Linux8;53326;.;1448
15:34:46.848816;www.aggloroanne.fr.https;BP-Linux8;53326;.;1448
15:34:46.848818;www.aggloroanne.fr.https;BP-Linux8;53326;.;1448
15:34:46.848819;www.aggloroanne.fr.https;BP-Linux8;53326;.;1448
15:34:46.848927;www.aggloroanne.fr.https;BP-Linux8;53326;.;1448
15:34:46.849061;www.aggloroanne.fr.https;BP-Linux8;53326;.;1448
15:34:46.849065;www.aggloroanne.fr.https;BP-Linux8;53326;P.;772
15:34:46.849219;www.aggloroanne.fr.https;BP-Linux8;53327;.;1448
15:34:46.849225;www.aggloroanne.fr.https;BP-Linux8;53327;.;1448
15:34:46.849228;BP-Linux8;www.aggloroanne.fr.https;53327;.;0
15:34:46.849235;www.aggloroanne.fr.https;BP-Linux8;53327;.;1448
15:34:46.849238;www.aggloroanne.fr.https;BP-Linux8;53327;.;1448
15:34:46.849239;www.aggloroanne.fr.https;BP-Linux8;53327;.;1448
15:34:46.849241;www.aggloroanne.fr.https;BP-Linux8;53327;.;1448
15:34:46.849242;www.aggloroanne.fr.https;BP-Linux8;53327;.;1448
15:34:46.849244;www.aggloroanne.fr.https;BP-Linux8;53327;.;1448
15:34:46.849245;www.aggloroanne.fr.https;BP-Linux8;53327;.;1448
15:34:46.849368;www.aggloroanne.fr.https;BP-Linux8;53327;.;1448
15:34:46.849538;www.aggloroanne.fr.https;BP-Linux8;53324;.;1448
15:34:46.849543;www.aggloroanne.fr.https;BP-Linux8;53327;.;1448
15:34:46.849545;www.aggloroanne.fr.https;BP-Linux8;53327;.;1448
15:34:46.849547;www.aggloroanne.fr.https;BP-Linux8;53327;.;1448
15:34:46.849549;www.aggloroanne.fr.https;BP-Linux8;53327;.;1448
15:34:46.849550;www.aggloroanne.fr.https;BP-Linux8;53327;.;1448
15:34:46.849762;www.aggloroanne.fr.https;BP-Linux8;53324;.;1448
15:34:46.849766;www.aggloroanne.fr.https;BP-Linux8;53324;.;1448
15:34:46.849768;www.aggloroanne.fr.https;BP-Linux8;53324;.;1448
15:34:46.849769;www.aggloroanne.fr.https;BP-Linux8;53324;.;1448
15:34:46.849771;www.aggloroanne.fr.https;BP-Linux8;53324;.;1448
15:34:46.849772;www.aggloroanne.fr.https;BP-Linux8;53324;.;1448
15:34:46.849774;www.aggloroanne.fr.https;BP-Linux8;53324;.;1448
15:34:46.849775;www.aggloroanne.fr.https;BP-Linux8;53324;.;1448
15:34:46.849777;www.aggloroanne.fr.https;BP-Linux8;53324;.;1448
15:34:46.849778;www.aggloroanne.fr.https;BP-Linux8;53324;.;1448
15:34:46.849780;www.aggloroanne.fr.https;BP-Linux8;53324;P.;485
15:34:46.849782;www.aggloroanne.fr.https;BP-Linux8;53324;.;1448
15:34:46.849783;www.aggloroanne.fr.https;BP-Linux8;53324;.;1448
15:34:46.849785;www.aggloroanne.fr.https;BP-Linux8;53324;.;1448
15:34:46.849786;www.aggloroanne.fr.https;BP-Linux8;53327;.;1448
15:34:46.849798;www.aggloroanne.fr.https;BP-Linux8;53324;.;1448
15:34:46.849800;www.aggloroanne.fr.https;BP-Linux8;53324;.;1448
15:34:46.849802;www.aggloroanne.fr.https;BP-Linux8;53324;.;1448
15:34:46.850014;www.aggloroanne.fr.https;BP-Linux8;53327;.;1448
15:34:46.850017;www.aggloroanne.fr.https;BP-Linux8;53328;.;1448
15:34:46.850022;BP-Linux8;www.aggloroanne.fr.https;53328;.;0
15:34:46.850029;www.aggloroanne.fr.https;BP-Linux8;53327;.;1448
15:34:46.850031;www.aggloroanne.fr.https;BP-Linux8;53328;.;1448
15:34:46.850033;BP-Linux8;www.aggloroanne.fr.https;53328;.;0
15:34:46.850038;www.aggloroanne.fr.https;BP-Linux8;53327;.;1448
15:34:46.850039;www.aggloroanne.fr.https;BP-Linux8;53328;.;1448
15:34:46.850041;BP-Linux8;www.aggloroanne.fr.https;53328;.;0
15:34:46.850045;www.aggloroanne.fr.https;BP-Linux8;53327;.;1448
15:34:46.850046;www.aggloroanne.fr.https;BP-Linux8;53328;.;1448
15:34:46.850048;BP-Linux8;www.aggloroanne.fr.https;53328;.;0
15:34:46.850052;www.aggloroanne.fr.https;BP-Linux8;53328;.;1448
15:34:46.850054;BP-Linux8;www.aggloroanne.fr.https;53328;.;0
15:34:46.850058;www.aggloroanne.fr.https;BP-Linux8;53327;.;1448
15:34:46.850059;www.aggloroanne.fr.https;BP-Linux8;53327;.;1448
15:34:46.850061;www.aggloroanne.fr.https;BP-Linux8;53328;.;1448
15:34:46.850063;BP-Linux8;www.aggloroanne.fr.https;53328;.;0
15:34:46.850067;www.aggloroanne.fr.https;BP-Linux8;53327;.;1448
15:34:46.850068;www.aggloroanne.fr.https;BP-Linux8;53327;.;1448
15:34:46.850069;www.aggloroanne.fr.https;BP-Linux8;53328;.;1448
15:34:46.850071;BP-Linux8;www.aggloroanne.fr.https;53328;.;0
15:34:46.850183;www.aggloroanne.fr.https;BP-Linux8;53328;.;1448
15:34:46.850188;BP-Linux8;www.aggloroanne.fr.https;53328;.;0
15:34:46.850195;www.aggloroanne.fr.https;BP-Linux8;53328;.;1448
15:34:46.850197;BP-Linux8;www.aggloroanne.fr.https;53328;.;0
15:34:46.850201;www.aggloroanne.fr.https;BP-Linux8;53328;.;1448
15:34:46.850203;www.aggloroanne.fr.https;BP-Linux8;53328;.;1448
15:34:46.850204;www.aggloroanne.fr.https;BP-Linux8;53328;P.;485
15:34:46.850206;www.aggloroanne.fr.https;BP-Linux8;53324;.;1448
15:34:46.850208;www.aggloroanne.fr.https;BP-Linux8;53327;.;1448
15:34:46.850209;www.aggloroanne.fr.https;BP-Linux8;53324;.;1448
15:34:46.850210;www.aggloroanne.fr.https;BP-Linux8;53327;.;1448
15:34:46.850212;www.aggloroanne.fr.https;BP-Linux8;53324;.;1448
15:34:46.850213;www.aggloroanne.fr.https;BP-Linux8;53327;.;1448
15:34:46.850214;www.aggloroanne.fr.https;BP-Linux8;53324;.;1448
15:34:46.850216;www.aggloroanne.fr.https;BP-Linux8;53324;.;1448
15:34:46.850217;www.aggloroanne.fr.https;BP-Linux8;53324;P.;599
15:34:46.850301;www.aggloroanne.fr.https;BP-Linux8;53329;.;1448
15:34:46.850306;www.aggloroanne.fr.https;BP-Linux8;53329;.;1448
15:34:46.850309;BP-Linux8;www.aggloroanne.fr.https;53329;.;0
15:34:46.850316;www.aggloroanne.fr.https;BP-Linux8;53329;.;1448
15:34:46.850317;www.aggloroanne.fr.https;BP-Linux8;53329;.;1448
15:34:46.850319;BP-Linux8;www.aggloroanne.fr.https;53329;.;0
15:34:46.850323;www.aggloroanne.fr.https;BP-Linux8;53327;.;1448
15:34:46.850325;www.aggloroanne.fr.https;BP-Linux8;53329;.;1448
15:34:46.850326;www.aggloroanne.fr.https;BP-Linux8;53329;.;1448
15:34:46.850327;www.aggloroanne.fr.https;BP-Linux8;53329;.;1448
15:34:46.850328;www.aggloroanne.fr.https;BP-Linux8;53329;.;1448
15:34:46.850330;www.aggloroanne.fr.https;BP-Linux8;53329;.;1448
15:34:46.850418;www.aggloroanne.fr.https;BP-Linux8;53327;.;1448
15:34:46.850422;www.aggloroanne.fr.https;BP-Linux8;53328;.;1448
15:34:46.850423;www.aggloroanne.fr.https;BP-Linux8;53327;.;1448
15:34:46.850425;www.aggloroanne.fr.https;BP-Linux8;53328;.;1448
15:34:46.850426;www.aggloroanne.fr.https;BP-Linux8;53327;.;1448
15:34:46.850427;www.aggloroanne.fr.https;BP-Linux8;53328;.;1448
15:34:46.850428;www.aggloroanne.fr.https;BP-Linux8;53328;.;1448
15:34:46.850430;www.aggloroanne.fr.https;BP-Linux8;53327;.;1448
15:34:46.850534;www.aggloroanne.fr.https;BP-Linux8;53327;.;1448
15:34:46.850538;www.aggloroanne.fr.https;BP-Linux8;53327;.;1448
15:34:46.850540;www.aggloroanne.fr.https;BP-Linux8;53328;.;1448
15:34:46.850541;www.aggloroanne.fr.https;BP-Linux8;53327;.;1448
15:34:46.850543;www.aggloroanne.fr.https;BP-Linux8;53328;.;1448
15:34:46.850544;www.aggloroanne.fr.https;BP-Linux8;53327;.;1448
15:34:46.850545;www.aggloroanne.fr.https;BP-Linux8;53328;.;1448
15:34:46.850547;www.aggloroanne.fr.https;BP-Linux8;53327;.;1448
15:34:46.850548;www.aggloroanne.fr.https;BP-Linux8;53328;P.;102
15:34:46.850681;www.aggloroanne.fr.https;BP-Linux8;53327;.;1448
15:34:46.850684;www.aggloroanne.fr.https;BP-Linux8;53329;.;1448
15:34:46.850686;www.aggloroanne.fr.https;BP-Linux8;53327;.;1448
15:34:46.850687;www.aggloroanne.fr.https;BP-Linux8;53329;.;1448
15:34:46.850689;www.aggloroanne.fr.https;BP-Linux8;53329;.;1448
15:34:46.850690;www.aggloroanne.fr.https;BP-Linux8;53329;.;1448
15:34:46.850692;www.aggloroanne.fr.https;BP-Linux8;53329;.;1448
15:34:46.850693;www.aggloroanne.fr.https;BP-Linux8;53329;.;1448
15:34:46.850707;www.aggloroanne.fr.https;BP-Linux8;53329;.;1448
15:34:46.850770;www.aggloroanne.fr.https;BP-Linux8;53327;.;1448
15:34:46.850966;www.aggloroanne.fr.https;BP-Linux8;53329;.;1448
15:34:46.850970;www.aggloroanne.fr.https;BP-Linux8;53329;.;1448
15:34:46.850971;www.aggloroanne.fr.https;BP-Linux8;53329;.;1448
15:34:46.850973;www.aggloroanne.fr.https;BP-Linux8;53329;.;1448
15:34:46.850975;www.aggloroanne.fr.https;BP-Linux8;53329;.;1448
15:34:46.850976;www.aggloroanne.fr.https;BP-Linux8;53327;.;1448
15:34:46.850978;www.aggloroanne.fr.https;BP-Linux8;53327;.;1448
15:34:46.850979;www.aggloroanne.fr.https;BP-Linux8;53327;.;1448
15:34:46.850980;www.aggloroanne.fr.https;BP-Linux8;53327;.;1448
15:34:46.850981;www.aggloroanne.fr.https;BP-Linux8;53327;.;1448
15:34:46.850983;www.aggloroanne.fr.https;BP-Linux8;53329;P.;160
15:34:46.851049;www.aggloroanne.fr.https;BP-Linux8;53327;.;1448
15:34:46.851052;www.aggloroanne.fr.https;BP-Linux8;53327;.;1448
15:34:46.851053;www.aggloroanne.fr.https;BP-Linux8;53327;.;1448
15:34:46.851985;BP-Linux8;www.aggloroanne.fr.https;53324;.;0
15:34:46.856409;BP-Linux8;www.aggloroanne.fr.https;53326;.;0
15:34:46.861763;www.aggloroanne.fr.https;BP-Linux8;53325;.;1448
15:34:46.861770;www.aggloroanne.fr.https;BP-Linux8;53325;.;1448
15:34:46.861904;www.aggloroanne.fr.https;BP-Linux8;53325;.;1448
15:34:46.861908;www.aggloroanne.fr.https;BP-Linux8;53325;.;1448
15:34:46.861909;www.aggloroanne.fr.https;BP-Linux8;53325;.;1448
15:34:46.861911;www.aggloroanne.fr.https;BP-Linux8;53325;.;1448
15:34:46.862158;www.aggloroanne.fr.https;BP-Linux8;53325;.;1448
15:34:46.862160;www.aggloroanne.fr.https;BP-Linux8;53325;.;1448
15:34:46.862162;www.aggloroanne.fr.https;BP-Linux8;53325;.;1448
15:34:46.862163;www.aggloroanne.fr.https;BP-Linux8;53325;.;1448
15:34:46.862164;www.aggloroanne.fr.https;BP-Linux8;53325;.;1448
15:34:46.862166;www.aggloroanne.fr.https;BP-Linux8;53325;P.;485
15:34:46.862167;www.aggloroanne.fr.https;BP-Linux8;53325;.;1448
15:34:46.862168;www.aggloroanne.fr.https;BP-Linux8;53325;.;1448
15:34:46.862170;www.aggloroanne.fr.https;BP-Linux8;53325;.;1448
15:34:46.862171;www.aggloroanne.fr.https;BP-Linux8;53325;.;1448
15:34:46.862173;www.aggloroanne.fr.https;BP-Linux8;53325;.;1448
15:34:46.862174;www.aggloroanne.fr.https;BP-Linux8;53325;.;1448
15:34:46.862175;www.aggloroanne.fr.https;BP-Linux8;53325;.;1448
15:34:46.862177;www.aggloroanne.fr.https;BP-Linux8;53325;.;1448
15:34:46.862178;www.aggloroanne.fr.https;BP-Linux8;53325;.;1448
15:34:46.862194;www.aggloroanne.fr.https;BP-Linux8;53325;.;1448
15:34:46.862195;www.aggloroanne.fr.https;BP-Linux8;53325;.;1448
15:34:46.862197;www.aggloroanne.fr.https;BP-Linux8;53325;.;1448
15:34:46.862248;www.aggloroanne.fr.https;BP-Linux8;53325;.;1448
15:34:46.862250;www.aggloroanne.fr.https;BP-Linux8;53325;.;1448
15:34:46.862371;www.aggloroanne.fr.https;BP-Linux8;53325;.;1448
15:34:46.862374;www.aggloroanne.fr.https;BP-Linux8;53325;P.;1115
15:34:46.866997;BP-Linux8;www.aggloroanne.fr.https;53327;.;0
15:34:46.868147;www.aggloroanne.fr.https;BP-Linux8;53327;P.;113
15:34:46.879595;BP-Linux8;www.aggloroanne.fr.https;53328;.;0
15:34:46.888729;BP-Linux8;www.aggloroanne.fr.https;53329;.;0
15:34:46.900732;BP-Linux8;www.aggloroanne.fr.https;53325;.;0
15:34:46.902068;BP-Linux8;www.aggloroanne.fr.https;53324;P.;486
15:34:46.902290;BP-Linux8;www.aggloroanne.fr.https;53326;P.;471
15:34:46.902523;BP-Linux8;www.aggloroanne.fr.https;53327;P.;462
15:34:46.903718;BP-Linux8;www.aggloroanne.fr.https;53328;P.;489
15:34:46.903941;BP-Linux8;www.aggloroanne.fr.https;53329;P.;491
15:34:46.917387;BP-Linux8;www.aggloroanne.fr.https;53325;P.;512
15:34:46.917531;BP-Linux8;par21s17-in-f14.1e100.net.https;48264;S;0
15:34:46.920453;BP-Linux8;par21s17-in-f14.1e100.net.https;48265;S;0
15:34:46.923367;www.aggloroanne.fr.https;BP-Linux8;53324;.;1448
15:34:46.923647;www.aggloroanne.fr.https;BP-Linux8;53324;.;1448
15:34:46.923652;www.aggloroanne.fr.https;BP-Linux8;53324;.;1448
15:34:46.923654;www.aggloroanne.fr.https;BP-Linux8;53324;.;1448
15:34:46.923656;www.aggloroanne.fr.https;BP-Linux8;53324;.;1448
15:34:46.923657;www.aggloroanne.fr.https;BP-Linux8;53324;.;1448
15:34:46.923658;www.aggloroanne.fr.https;BP-Linux8;53324;.;1448
15:34:46.923660;www.aggloroanne.fr.https;BP-Linux8;53324;.;1448
15:34:46.923661;www.aggloroanne.fr.https;BP-Linux8;53324;.;1448
15:34:46.923663;www.aggloroanne.fr.https;BP-Linux8;53324;.;1448
15:34:46.923665;www.aggloroanne.fr.https;BP-Linux8;53324;.;1448
15:34:46.923666;www.aggloroanne.fr.https;BP-Linux8;53324;P.;485
15:34:46.923667;www.aggloroanne.fr.https;BP-Linux8;53324;.;1448
15:34:46.923669;www.aggloroanne.fr.https;BP-Linux8;53326;.;1448
15:34:46.923673;www.aggloroanne.fr.https;BP-Linux8;53324;.;1448
15:34:46.923674;www.aggloroanne.fr.https;BP-Linux8;53324;.;1448
15:34:46.923813;www.aggloroanne.fr.https;BP-Linux8;53324;P.;406
15:34:46.923818;www.aggloroanne.fr.https;BP-Linux8;53326;.;1448
15:34:46.923823;BP-Linux8;www.aggloroanne.fr.https;53326;.;0
15:34:46.923831;www.aggloroanne.fr.https;BP-Linux8;53326;.;1448
15:34:46.923832;www.aggloroanne.fr.https;BP-Linux8;53326;.;1448
15:34:46.923834;BP-Linux8;www.aggloroanne.fr.https;53326;.;0
15:34:46.923839;www.aggloroanne.fr.https;BP-Linux8;53326;.;1448
15:34:46.923840;www.aggloroanne.fr.https;BP-Linux8;53326;.;1448
15:34:46.923842;BP-Linux8;www.aggloroanne.fr.https;53326;.;0
15:34:46.923846;www.aggloroanne.fr.https;BP-Linux8;53326;.;1448
15:34:46.923847;www.aggloroanne.fr.https;BP-Linux8;53326;.;1448
15:34:46.923849;BP-Linux8;www.aggloroanne.fr.https;53326;.;0
15:34:46.923853;www.aggloroanne.fr.https;BP-Linux8;53326;.;1448
15:34:46.923854;www.aggloroanne.fr.https;BP-Linux8;53326;.;1448
15:34:46.923856;BP-Linux8;www.aggloroanne.fr.https;53326;.;0
15:34:46.923860;www.aggloroanne.fr.https;BP-Linux8;53326;.;1448
15:34:46.923861;www.aggloroanne.fr.https;BP-Linux8;53326;.;1448
15:34:46.923863;BP-Linux8;www.aggloroanne.fr.https;53326;.;0
15:34:46.923868;www.aggloroanne.fr.https;BP-Linux8;53326;.;1448
15:34:46.923869;www.aggloroanne.fr.https;BP-Linux8;53326;.;1448
15:34:46.923871;BP-Linux8;www.aggloroanne.fr.https;53326;.;0
15:34:46.923875;www.aggloroanne.fr.https;BP-Linux8;53326;.;1448
15:34:46.923876;www.aggloroanne.fr.https;BP-Linux8;53326;.;1448
15:34:46.923878;BP-Linux8;www.aggloroanne.fr.https;53326;.;0
15:34:46.923962;www.aggloroanne.fr.https;BP-Linux8;53327;.;1448
15:34:46.923967;www.aggloroanne.fr.https;BP-Linux8;53326;.;1448
15:34:46.923969;www.aggloroanne.fr.https;BP-Linux8;53326;.;1448
15:34:46.923970;www.aggloroanne.fr.https;BP-Linux8;53326;.;1448
15:34:46.923972;www.aggloroanne.fr.https;BP-Linux8;53326;.;1448
15:34:46.924156;www.aggloroanne.fr.https;BP-Linux8;53327;.;1448
15:34:46.924160;www.aggloroanne.fr.https;BP-Linux8;53327;.;1448
15:34:46.924162;www.aggloroanne.fr.https;BP-Linux8;53327;.;1448
15:34:46.924164;www.aggloroanne.fr.https;BP-Linux8;53327;.;1448
15:34:46.924165;www.aggloroanne.fr.https;BP-Linux8;53327;.;1448
15:34:46.924167;www.aggloroanne.fr.https;BP-Linux8;53327;.;1448
15:34:46.924168;www.aggloroanne.fr.https;BP-Linux8;53327;.;1448
15:34:46.924170;www.aggloroanne.fr.https;BP-Linux8;53326;.;1448
15:34:46.924171;www.aggloroanne.fr.https;BP-Linux8;53327;.;1448
15:34:46.924173;www.aggloroanne.fr.https;BP-Linux8;53327;P.;1158
15:34:46.924281;www.aggloroanne.fr.https;BP-Linux8;53326;.;1448
15:34:46.924284;www.aggloroanne.fr.https;BP-Linux8;53326;.;1448
15:34:46.924286;www.aggloroanne.fr.https;BP-Linux8;53326;.;1448
15:34:46.924287;www.aggloroanne.fr.https;BP-Linux8;53326;.;1448
15:34:46.924289;www.aggloroanne.fr.https;BP-Linux8;53326;.;1448
15:34:46.924290;www.aggloroanne.fr.https;BP-Linux8;53326;.;1448
15:34:46.924292;www.aggloroanne.fr.https;BP-Linux8;53326;.;1448
15:34:46.924338;www.aggloroanne.fr.https;BP-Linux8;53326;.;1448
15:34:46.924341;www.aggloroanne.fr.https;BP-Linux8;53326;.;1448
15:34:46.924460;www.aggloroanne.fr.https;BP-Linux8;53326;.;1448
15:34:46.924464;www.aggloroanne.fr.https;BP-Linux8;53326;.;1448
15:34:46.924563;www.aggloroanne.fr.https;BP-Linux8;53326;P.;202
15:34:46.925291;www.aggloroanne.fr.https;BP-Linux8;53329;.;1448
15:34:46.925300;BP-Linux8;www.aggloroanne.fr.https;53329;.;0
15:34:46.925457;www.aggloroanne.fr.https;BP-Linux8;53329;.;1448
15:34:46.925462;BP-Linux8;www.aggloroanne.fr.https;53329;.;0
15:34:46.925470;www.aggloroanne.fr.https;BP-Linux8;53329;.;1448
15:34:46.925472;BP-Linux8;www.aggloroanne.fr.https;53329;.;0
15:34:46.925476;www.aggloroanne.fr.https;BP-Linux8;53329;.;1448
15:34:46.925478;BP-Linux8;www.aggloroanne.fr.https;53329;.;0
15:34:46.925481;www.aggloroanne.fr.https;BP-Linux8;53329;.;1448
15:34:46.925483;BP-Linux8;www.aggloroanne.fr.https;53329;.;0
15:34:46.925578;www.aggloroanne.fr.https;BP-Linux8;53329;.;1448
15:34:46.925580;www.aggloroanne.fr.https;BP-Linux8;53329;.;1448
15:34:46.925582;www.aggloroanne.fr.https;BP-Linux8;53329;.;1448
15:34:46.925583;www.aggloroanne.fr.https;BP-Linux8;53329;.;1448
15:34:46.925584;www.aggloroanne.fr.https;BP-Linux8;53329;.;1448
15:34:46.925626;www.aggloroanne.fr.https;BP-Linux8;53329;.;1448
15:34:46.925628;www.aggloroanne.fr.https;BP-Linux8;53329;.;1448
15:34:46.925630;www.aggloroanne.fr.https;BP-Linux8;53328;.;1448
15:34:46.925634;BP-Linux8;www.aggloroanne.fr.https;53328;.;0
15:34:46.925741;www.aggloroanne.fr.https;BP-Linux8;53328;.;1448
15:34:46.925747;BP-Linux8;www.aggloroanne.fr.https;53328;.;0
15:34:46.925754;www.aggloroanne.fr.https;BP-Linux8;53328;.;1448
15:34:46.925756;BP-Linux8;www.aggloroanne.fr.https;53328;.;0
15:34:46.925760;www.aggloroanne.fr.https;BP-Linux8;53328;.;1448
15:34:46.925762;BP-Linux8;www.aggloroanne.fr.https;53328;.;0
15:34:46.925766;www.aggloroanne.fr.https;BP-Linux8;53328;.;1448
15:34:46.925767;BP-Linux8;www.aggloroanne.fr.https;53328;.;0
15:34:46.925771;www.aggloroanne.fr.https;BP-Linux8;53328;.;1448
15:34:46.925773;BP-Linux8;www.aggloroanne.fr.https;53328;.;0
15:34:46.925777;www.aggloroanne.fr.https;BP-Linux8;53328;.;1448
15:34:46.925778;BP-Linux8;www.aggloroanne.fr.https;53328;.;0
15:34:46.925782;www.aggloroanne.fr.https;BP-Linux8;53328;.;1448
15:34:46.925784;BP-Linux8;www.aggloroanne.fr.https;53328;.;0
15:34:46.925788;www.aggloroanne.fr.https;BP-Linux8;53328;.;1448
15:34:46.925790;BP-Linux8;www.aggloroanne.fr.https;53328;.;0
15:34:46.925888;www.aggloroanne.fr.https;BP-Linux8;53329;.;1448
15:34:46.925891;www.aggloroanne.fr.https;BP-Linux8;53329;.;1448
15:34:46.925894;www.aggloroanne.fr.https;BP-Linux8;53329;.;1448
15:34:46.925896;www.aggloroanne.fr.https;BP-Linux8;53329;.;1448
15:34:46.925897;www.aggloroanne.fr.https;BP-Linux8;53328;.;1448
15:34:46.925899;BP-Linux8;www.aggloroanne.fr.https;53328;.;0
15:34:46.925906;www.aggloroanne.fr.https;BP-Linux8;53328;.;1448
15:34:46.925907;BP-Linux8;www.aggloroanne.fr.https;53328;.;0
15:34:46.925911;www.aggloroanne.fr.https;BP-Linux8;53329;.;1448
15:34:46.925913;www.aggloroanne.fr.https;BP-Linux8;53328;P.;485
15:34:46.925915;BP-Linux8;www.aggloroanne.fr.https;53328;.;0
15:34:46.925919;www.aggloroanne.fr.https;BP-Linux8;53329;.;1448
15:34:46.925920;www.aggloroanne.fr.https;BP-Linux8;53329;.;1448
15:34:46.926019;www.aggloroanne.fr.https;BP-Linux8;53329;P.;1088
15:34:46.926022;www.aggloroanne.fr.https;BP-Linux8;53328;.;1448
15:34:46.926025;BP-Linux8;www.aggloroanne.fr.https;53328;.;0
15:34:46.926031;www.aggloroanne.fr.https;BP-Linux8;53328;.;1448
15:34:46.926033;BP-Linux8;www.aggloroanne.fr.https;53328;.;0
15:34:46.926037;www.aggloroanne.fr.https;BP-Linux8;53328;.;1448
15:34:46.926039;BP-Linux8;www.aggloroanne.fr.https;53328;.;0
15:34:46.926043;www.aggloroanne.fr.https;BP-Linux8;53328;.;1448
15:34:46.926044;BP-Linux8;www.aggloroanne.fr.https;53328;.;0
15:34:46.926048;www.aggloroanne.fr.https;BP-Linux8;53328;.;1448
15:34:46.926050;BP-Linux8;www.aggloroanne.fr.https;53328;.;0
15:34:46.926054;www.aggloroanne.fr.https;BP-Linux8;53328;.;1448
15:34:46.926055;BP-Linux8;www.aggloroanne.fr.https;53328;.;0
15:34:46.926059;www.aggloroanne.fr.https;BP-Linux8;53328;.;1448
15:34:46.926061;BP-Linux8;www.aggloroanne.fr.https;53328;.;0
15:34:46.926065;www.aggloroanne.fr.https;BP-Linux8;53328;.;1448
15:34:46.926066;BP-Linux8;www.aggloroanne.fr.https;53328;.;0
15:34:46.926070;www.aggloroanne.fr.https;BP-Linux8;53328;.;1448
15:34:46.926072;BP-Linux8;www.aggloroanne.fr.https;53328;.;0
15:34:46.926173;www.aggloroanne.fr.https;BP-Linux8;53328;.;1448
15:34:46.926175;BP-Linux8;www.aggloroanne.fr.https;53328;.;0
15:34:46.926181;www.aggloroanne.fr.https;BP-Linux8;53328;.;1448
15:34:46.926183;BP-Linux8;www.aggloroanne.fr.https;53328;.;0
15:34:46.926187;www.aggloroanne.fr.https;BP-Linux8;53328;.;1448
15:34:46.926189;BP-Linux8;www.aggloroanne.fr.https;53328;.;0
15:34:46.926193;www.aggloroanne.fr.https;BP-Linux8;53328;.;1448
15:34:46.926194;BP-Linux8;www.aggloroanne.fr.https;53328;.;0
15:34:46.926199;www.aggloroanne.fr.https;BP-Linux8;53328;.;1448
15:34:46.926201;BP-Linux8;www.aggloroanne.fr.https;53328;.;0
15:34:46.926202;www.aggloroanne.fr.https;BP-Linux8;53328;.;1448
15:34:46.926203;BP-Linux8;www.aggloroanne.fr.https;53328;.;0
15:34:46.926204;www.aggloroanne.fr.https;BP-Linux8;53328;.;1448
15:34:46.926205;BP-Linux8;www.aggloroanne.fr.https;53328;.;0
15:34:46.926210;www.aggloroanne.fr.https;BP-Linux8;53328;.;1448
15:34:46.926211;BP-Linux8;www.aggloroanne.fr.https;53328;.;0
15:34:46.926212;www.aggloroanne.fr.https;BP-Linux8;53328;.;1448
15:34:46.926213;BP-Linux8;www.aggloroanne.fr.https;53328;.;0
15:34:46.926218;www.aggloroanne.fr.https;BP-Linux8;53328;.;1448
15:34:46.926219;BP-Linux8;www.aggloroanne.fr.https;53328;.;0
15:34:46.926220;www.aggloroanne.fr.https;BP-Linux8;53328;.;1448
15:34:46.926222;BP-Linux8;www.aggloroanne.fr.https;53328;.;0
15:34:46.926226;www.aggloroanne.fr.https;BP-Linux8;53328;.;1448
15:34:46.926228;BP-Linux8;www.aggloroanne.fr.https;53328;.;0
15:34:46.926323;www.aggloroanne.fr.https;BP-Linux8;53328;.;1448
15:34:46.926327;BP-Linux8;www.aggloroanne.fr.https;53328;.;0
15:34:46.926334;www.aggloroanne.fr.https;BP-Linux8;53328;P.;198
15:34:46.926335;BP-Linux8;www.aggloroanne.fr.https;53328;.;0
15:34:46.929476;par21s17-in-f14.1e100.net.https;BP-Linux8;48264;S.;0
15:34:46.929503;BP-Linux8;par21s17-in-f14.1e100.net.https;48264;.;0
15:34:46.932388;par21s17-in-f14.1e100.net.https;BP-Linux8;48265;S.;0
15:34:46.932396;BP-Linux8;par21s17-in-f14.1e100.net.https;48265;.;0
15:34:46.937769;BP-Linux8;www.aggloroanne.fr.https;53324;.;0
15:34:46.938718;www.aggloroanne.fr.https;BP-Linux8;53325;P.;893
15:34:46.939015;BP-Linux8;www.aggloroanne.fr.https;53326;.;0
15:34:46.957459;BP-Linux8;www.aggloroanne.fr.https;53327;.;0
15:34:46.964729;BP-Linux8;www.aggloroanne.fr.https;53329;.;0
15:34:46.976728;BP-Linux8;www.aggloroanne.fr.https;53325;.;0
15:34:46.987737;BP-Linux8;www.aggloroanne.fr.https;53324;P.;472
15:34:46.987859;BP-Linux8;www.aggloroanne.fr.https;53326;P.;514
15:34:46.988790;BP-Linux8;www.aggloroanne.fr.https;53327;P.;511
15:34:47.000676;BP-Linux8;par21s17-in-f14.1e100.net.https;48264;P.;201
15:34:47.004365;BP-Linux8;par21s17-in-f14.1e100.net.https;48265;P.;201
15:34:47.009276;www.aggloroanne.fr.https;BP-Linux8;53326;P.;878
15:34:47.011228;www.aggloroanne.fr.https;BP-Linux8;53327;.;1448
15:34:47.011372;www.aggloroanne.fr.https;BP-Linux8;53327;.;1448
15:34:47.011377;BP-Linux8;www.aggloroanne.fr.https;53327;.;0
15:34:47.011385;www.aggloroanne.fr.https;BP-Linux8;53327;.;1448
15:34:47.011388;www.aggloroanne.fr.https;BP-Linux8;53327;.;1448
15:34:47.011390;BP-Linux8;www.aggloroanne.fr.https;53327;.;0
15:34:47.011394;www.aggloroanne.fr.https;BP-Linux8;53327;P.;394
15:34:47.012660;par21s17-in-f14.1e100.net.https;BP-Linux8;48264;.;0
15:34:47.016309;par21s17-in-f14.1e100.net.https;BP-Linux8;48265;.;0
15:34:47.016873;par21s17-in-f14.1e100.net.https;BP-Linux8;48264;.;1418
15:34:47.016879;BP-Linux8;par21s17-in-f14.1e100.net.https;48264;.;0
15:34:47.016888;par21s17-in-f14.1e100.net.https;BP-Linux8;48264;P.;1418
15:34:47.016891;BP-Linux8;par21s17-in-f14.1e100.net.https;48264;.;0
15:34:47.016985;par21s17-in-f14.1e100.net.https;BP-Linux8;48264;.;1418
15:34:47.016990;BP-Linux8;par21s17-in-f14.1e100.net.https;48264;.;0
15:34:47.016997;par21s17-in-f14.1e100.net.https;BP-Linux8;48264;P.;1418
15:34:47.016999;BP-Linux8;par21s17-in-f14.1e100.net.https;48264;.;0
15:34:47.017003;par21s17-in-f14.1e100.net.https;BP-Linux8;48264;P.;881
15:34:47.017005;BP-Linux8;par21s17-in-f14.1e100.net.https;48264;.;0
15:34:47.020598;par21s17-in-f14.1e100.net.https;BP-Linux8;48265;.;1418
15:34:47.020604;BP-Linux8;par21s17-in-f14.1e100.net.https;48265;.;0
15:34:47.020699;par21s17-in-f14.1e100.net.https;BP-Linux8;48265;P.;1418
15:34:47.020701;BP-Linux8;par21s17-in-f14.1e100.net.https;48265;.;0
15:34:47.020748;par21s17-in-f14.1e100.net.https;BP-Linux8;48265;.;1418
15:34:47.020752;BP-Linux8;par21s17-in-f14.1e100.net.https;48265;.;0
15:34:47.020758;par21s17-in-f14.1e100.net.https;BP-Linux8;48265;P.;1418
15:34:47.020760;BP-Linux8;par21s17-in-f14.1e100.net.https;48265;.;0
15:34:47.020762;par21s17-in-f14.1e100.net.https;BP-Linux8;48265;P.;881
15:34:47.020764;BP-Linux8;par21s17-in-f14.1e100.net.https;48265;.;0
15:34:47.021342;www.aggloroanne.fr.https;BP-Linux8;53324;.;1448
15:34:47.021349;www.aggloroanne.fr.https;BP-Linux8;53324;.;1448
15:34:47.021551;www.aggloroanne.fr.https;BP-Linux8;53324;.;1448
15:34:47.021556;www.aggloroanne.fr.https;BP-Linux8;53324;.;1448
15:34:47.021557;www.aggloroanne.fr.https;BP-Linux8;53324;.;1448
15:34:47.021559;www.aggloroanne.fr.https;BP-Linux8;53324;.;1448
15:34:47.021560;www.aggloroanne.fr.https;BP-Linux8;53324;.;1448
15:34:47.021562;www.aggloroanne.fr.https;BP-Linux8;53324;.;1448
15:34:47.021563;www.aggloroanne.fr.https;BP-Linux8;53324;.;1448
15:34:47.021565;www.aggloroanne.fr.https;BP-Linux8;53324;.;1448
15:34:47.021569;www.aggloroanne.fr.https;BP-Linux8;53324;.;1448
15:34:47.021571;www.aggloroanne.fr.https;BP-Linux8;53324;P.;485
15:34:47.021840;www.aggloroanne.fr.https;BP-Linux8;53324;.;1448
15:34:47.021844;www.aggloroanne.fr.https;BP-Linux8;53324;.;1448
15:34:47.021846;www.aggloroanne.fr.https;BP-Linux8;53324;.;1448
15:34:47.021847;www.aggloroanne.fr.https;BP-Linux8;53324;.;1448
15:34:47.021849;www.aggloroanne.fr.https;BP-Linux8;53324;.;1448
15:34:47.021850;www.aggloroanne.fr.https;BP-Linux8;53324;.;1448
15:34:47.021851;www.aggloroanne.fr.https;BP-Linux8;53324;.;1448
15:34:47.021854;www.aggloroanne.fr.https;BP-Linux8;53324;.;1448
15:34:47.021855;www.aggloroanne.fr.https;BP-Linux8;53324;.;1448
15:34:47.021857;www.aggloroanne.fr.https;BP-Linux8;53324;.;1448
15:34:47.021859;www.aggloroanne.fr.https;BP-Linux8;53324;.;1448
15:34:47.021860;www.aggloroanne.fr.https;BP-Linux8;53324;P.;485
15:34:47.037555;www.aggloroanne.fr.https;BP-Linux8;53324;.;1448
15:34:47.037561;www.aggloroanne.fr.https;BP-Linux8;53324;.;1448
15:34:47.037757;www.aggloroanne.fr.https;BP-Linux8;53324;.;1448
15:34:47.037760;www.aggloroanne.fr.https;BP-Linux8;53324;.;1448
15:34:47.037762;www.aggloroanne.fr.https;BP-Linux8;53324;.;1448
15:34:47.037763;www.aggloroanne.fr.https;BP-Linux8;53324;.;1448
15:34:47.037765;www.aggloroanne.fr.https;BP-Linux8;53324;.;1448
15:34:47.037766;www.aggloroanne.fr.https;BP-Linux8;53324;.;1448
15:34:47.037768;www.aggloroanne.fr.https;BP-Linux8;53324;.;1448
15:34:47.037769;www.aggloroanne.fr.https;BP-Linux8;53324;.;1448
15:34:47.037780;www.aggloroanne.fr.https;BP-Linux8;53324;.;1448
15:34:47.037781;www.aggloroanne.fr.https;BP-Linux8;53324;P.;485
15:34:47.048729;BP-Linux8;www.aggloroanne.fr.https;53326;.;0
15:34:47.048739;BP-Linux8;www.aggloroanne.fr.https;53327;.;0
15:34:47.060728;BP-Linux8;www.aggloroanne.fr.https;53324;.;0
15:34:47.079985;www.aggloroanne.fr.https;BP-Linux8;53324;.;1448
15:34:47.079993;www.aggloroanne.fr.https;BP-Linux8;53324;.;1448
15:34:47.079997;BP-Linux8;www.aggloroanne.fr.https;53324;.;0
15:34:47.080099;www.aggloroanne.fr.https;BP-Linux8;53324;.;1448
15:34:47.080103;www.aggloroanne.fr.https;BP-Linux8;53324;.;1448
15:34:47.080104;www.aggloroanne.fr.https;BP-Linux8;53324;.;1448
15:34:47.080243;www.aggloroanne.fr.https;BP-Linux8;53324;.;1448
15:34:47.080245;www.aggloroanne.fr.https;BP-Linux8;53324;.;1448
15:34:47.080246;www.aggloroanne.fr.https;BP-Linux8;53324;.;1448
15:34:47.080248;www.aggloroanne.fr.https;BP-Linux8;53324;.;1448
15:34:47.080250;www.aggloroanne.fr.https;BP-Linux8;53324;.;1448
15:34:47.080251;www.aggloroanne.fr.https;BP-Linux8;53324;.;1448
15:34:47.080252;www.aggloroanne.fr.https;BP-Linux8;53324;.;1448
15:34:47.080254;www.aggloroanne.fr.https;BP-Linux8;53324;.;1448
15:34:47.080255;www.aggloroanne.fr.https;BP-Linux8;53324;.;1448
15:34:47.080257;www.aggloroanne.fr.https;BP-Linux8;53324;.;1448
15:34:47.080412;www.aggloroanne.fr.https;BP-Linux8;53324;.;1448
15:34:47.080415;www.aggloroanne.fr.https;BP-Linux8;53324;.;1448
15:34:47.080417;www.aggloroanne.fr.https;BP-Linux8;53324;.;1448
15:34:47.080418;www.aggloroanne.fr.https;BP-Linux8;53324;.;1448
15:34:47.080420;www.aggloroanne.fr.https;BP-Linux8;53324;.;1448
15:34:47.080421;www.aggloroanne.fr.https;BP-Linux8;53324;.;1448
15:34:47.080422;www.aggloroanne.fr.https;BP-Linux8;53324;.;1448
15:34:47.080496;www.aggloroanne.fr.https;BP-Linux8;53324;.;1448
15:34:47.080498;www.aggloroanne.fr.https;BP-Linux8;53324;.;1448
15:34:47.080500;www.aggloroanne.fr.https;BP-Linux8;53324;.;1448
15:34:47.080501;www.aggloroanne.fr.https;BP-Linux8;53324;.;1448
15:34:47.080676;www.aggloroanne.fr.https;BP-Linux8;53324;.;1448
15:34:47.080679;www.aggloroanne.fr.https;BP-Linux8;53324;.;1448
15:34:47.080681;www.aggloroanne.fr.https;BP-Linux8;53324;.;1448
15:34:47.080682;www.aggloroanne.fr.https;BP-Linux8;53324;.;1448
15:34:47.080683;www.aggloroanne.fr.https;BP-Linux8;53324;.;1448
15:34:47.080685;www.aggloroanne.fr.https;BP-Linux8;53324;.;1448
15:34:47.080686;www.aggloroanne.fr.https;BP-Linux8;53324;.;1448
15:34:47.080687;www.aggloroanne.fr.https;BP-Linux8;53324;.;1448
15:34:47.080760;www.aggloroanne.fr.https;BP-Linux8;53324;.;1448
15:34:47.080763;www.aggloroanne.fr.https;BP-Linux8;53324;.;1448
15:34:47.080764;www.aggloroanne.fr.https;BP-Linux8;53324;.;1448
15:34:47.080767;www.aggloroanne.fr.https;BP-Linux8;53324;.;1448
15:34:47.080769;www.aggloroanne.fr.https;BP-Linux8;53324;.;1448
15:34:47.080897;www.aggloroanne.fr.https;BP-Linux8;53324;.;1448
15:34:47.080901;www.aggloroanne.fr.https;BP-Linux8;53324;.;1448
15:34:47.080903;www.aggloroanne.fr.https;BP-Linux8;53324;.;1448
15:34:47.080904;www.aggloroanne.fr.https;BP-Linux8;53324;.;1448
15:34:47.080906;www.aggloroanne.fr.https;BP-Linux8;53324;.;1448
15:34:47.080907;www.aggloroanne.fr.https;BP-Linux8;53324;.;1448
15:34:47.080942;www.aggloroanne.fr.https;BP-Linux8;53324;P.;735
15:34:47.116731;BP-Linux8;www.aggloroanne.fr.https;53324;.;0
15:34:47.123797;BP-Linux8;par21s17-in-f14.1e100.net.https;48264;P.;93
15:34:47.135898;par21s17-in-f14.1e100.net.https;BP-Linux8;48264;P.;292
15:34:47.135909;BP-Linux8;par21s17-in-f14.1e100.net.https;48264;.;0
15:34:47.136004;par21s17-in-f14.1e100.net.https;BP-Linux8;48264;P.;69
15:34:47.136006;BP-Linux8;par21s17-in-f14.1e100.net.https;48264;.;0
15:34:47.165048;BP-Linux8;par21s17-in-f14.1e100.net.https;48265;P.;93
15:34:47.165191;BP-Linux8;www.aggloroanne.fr.https;53328;P.;491
15:34:47.165389;BP-Linux8;www.aggloroanne.fr.https;53325;P.;491
15:34:47.165563;BP-Linux8;www.aggloroanne.fr.https;53329;P.;487
15:34:47.194598;par21s17-in-f14.1e100.net.https;BP-Linux8;48265;P.;292
15:34:47.194610;BP-Linux8;par21s17-in-f14.1e100.net.https;48265;.;0
15:34:47.194618;par21s17-in-f14.1e100.net.https;BP-Linux8;48265;P.;69
15:34:47.194621;BP-Linux8;par21s17-in-f14.1e100.net.https;48265;.;0
15:34:47.194623;www.aggloroanne.fr.https;BP-Linux8;53325;.;1448
15:34:47.194627;BP-Linux8;www.aggloroanne.fr.https;53325;.;0
15:34:47.194631;www.aggloroanne.fr.https;BP-Linux8;53325;.;1448
15:34:47.194633;BP-Linux8;www.aggloroanne.fr.https;53325;.;0
15:34:47.194638;www.aggloroanne.fr.https;BP-Linux8;53325;.;1448
15:34:47.194640;BP-Linux8;www.aggloroanne.fr.https;53325;.;0
15:34:47.194644;www.aggloroanne.fr.https;BP-Linux8;53325;.;1448
15:34:47.194646;BP-Linux8;www.aggloroanne.fr.https;53325;.;0
15:34:47.194650;www.aggloroanne.fr.https;BP-Linux8;53325;.;1448
15:34:47.194652;BP-Linux8;www.aggloroanne.fr.https;53325;.;0
15:34:47.194657;www.aggloroanne.fr.https;BP-Linux8;53325;.;1448
15:34:47.194659;BP-Linux8;www.aggloroanne.fr.https;53325;.;0
15:34:47.194663;www.aggloroanne.fr.https;BP-Linux8;53325;.;1448
15:34:47.194665;BP-Linux8;www.aggloroanne.fr.https;53325;.;0
15:34:47.194669;www.aggloroanne.fr.https;BP-Linux8;53325;.;1448
15:34:47.194671;BP-Linux8;www.aggloroanne.fr.https;53325;.;0
15:34:47.194674;www.aggloroanne.fr.https;BP-Linux8;53325;.;1448
15:34:47.194676;BP-Linux8;www.aggloroanne.fr.https;53325;.;0
15:34:47.194680;www.aggloroanne.fr.https;BP-Linux8;53325;.;1448
15:34:47.194682;BP-Linux8;www.aggloroanne.fr.https;53325;.;0
15:34:47.194686;www.aggloroanne.fr.https;BP-Linux8;53325;.;1448
15:34:47.194688;BP-Linux8;www.aggloroanne.fr.https;53325;.;0
15:34:47.194692;www.aggloroanne.fr.https;BP-Linux8;53325;.;1448
15:34:47.194693;BP-Linux8;www.aggloroanne.fr.https;53325;.;0
15:34:47.194697;www.aggloroanne.fr.https;BP-Linux8;53325;.;1448
15:34:47.194699;BP-Linux8;www.aggloroanne.fr.https;53325;.;0
15:34:47.194703;www.aggloroanne.fr.https;BP-Linux8;53325;.;1448
15:34:47.194704;BP-Linux8;www.aggloroanne.fr.https;53325;.;0
15:34:47.194708;www.aggloroanne.fr.https;BP-Linux8;53325;.;1448
15:34:47.194710;BP-Linux8;www.aggloroanne.fr.https;53325;.;0
15:34:47.194714;www.aggloroanne.fr.https;BP-Linux8;53325;.;1448
15:34:47.194716;BP-Linux8;www.aggloroanne.fr.https;53325;.;0
15:34:47.194720;www.aggloroanne.fr.https;BP-Linux8;53325;.;1448
15:34:47.194722;www.aggloroanne.fr.https;BP-Linux8;53325;.;1448
15:34:47.194723;www.aggloroanne.fr.https;BP-Linux8;53325;.;1448
15:34:47.194724;www.aggloroanne.fr.https;BP-Linux8;53325;.;1448
15:34:47.194725;www.aggloroanne.fr.https;BP-Linux8;53325;.;1448
15:34:47.194727;www.aggloroanne.fr.https;BP-Linux8;53325;P.;911
15:34:47.194728;www.aggloroanne.fr.https;BP-Linux8;53328;.;1448
15:34:47.194731;BP-Linux8;www.aggloroanne.fr.https;53328;.;0
15:34:47.194735;www.aggloroanne.fr.https;BP-Linux8;53328;.;1448
15:34:47.194737;BP-Linux8;www.aggloroanne.fr.https;53328;.;0
15:34:47.194741;www.aggloroanne.fr.https;BP-Linux8;53328;.;1448
15:34:47.194742;BP-Linux8;www.aggloroanne.fr.https;53328;.;0
15:34:47.194746;www.aggloroanne.fr.https;BP-Linux8;53328;.;1448
15:34:47.194748;BP-Linux8;www.aggloroanne.fr.https;53328;.;0
15:34:47.194752;www.aggloroanne.fr.https;BP-Linux8;53328;.;1448
15:34:47.194754;BP-Linux8;www.aggloroanne.fr.https;53328;.;0
15:34:47.194758;www.aggloroanne.fr.https;BP-Linux8;53328;.;1448
15:34:47.194760;BP-Linux8;www.aggloroanne.fr.https;53328;.;0
15:34:47.194764;www.aggloroanne.fr.https;BP-Linux8;53328;.;1448
15:34:47.194766;BP-Linux8;www.aggloroanne.fr.https;53328;.;0
15:34:47.194770;www.aggloroanne.fr.https;BP-Linux8;53328;.;1448
15:34:47.194773;BP-Linux8;www.aggloroanne.fr.https;53328;.;0
15:34:47.194776;www.aggloroanne.fr.https;BP-Linux8;53328;.;1448
15:34:47.194779;BP-Linux8;www.aggloroanne.fr.https;53328;.;0
15:34:47.194783;www.aggloroanne.fr.https;BP-Linux8;53328;.;1448
15:34:47.194785;BP-Linux8;www.aggloroanne.fr.https;53328;.;0
15:34:47.194789;www.aggloroanne.fr.https;BP-Linux8;53328;.;1448
15:34:47.194791;BP-Linux8;www.aggloroanne.fr.https;53328;.;0
15:34:47.194794;www.aggloroanne.fr.https;BP-Linux8;53328;.;1448
15:34:47.194796;BP-Linux8;www.aggloroanne.fr.https;53328;.;0
15:34:47.194800;www.aggloroanne.fr.https;BP-Linux8;53328;.;1448
15:34:47.194802;BP-Linux8;www.aggloroanne.fr.https;53328;.;0
15:34:47.194806;www.aggloroanne.fr.https;BP-Linux8;53328;.;1448
15:34:47.194808;BP-Linux8;www.aggloroanne.fr.https;53328;.;0
15:34:47.194812;www.aggloroanne.fr.https;BP-Linux8;53328;.;1448
15:34:47.194814;BP-Linux8;www.aggloroanne.fr.https;53328;.;0
15:34:47.194818;www.aggloroanne.fr.https;BP-Linux8;53328;.;1448
15:34:47.194821;BP-Linux8;www.aggloroanne.fr.https;53328;.;0
15:34:47.194825;www.aggloroanne.fr.https;BP-Linux8;53328;.;1448
15:34:47.194826;BP-Linux8;www.aggloroanne.fr.https;53328;.;0
15:34:47.194830;www.aggloroanne.fr.https;BP-Linux8;53328;.;1448
15:34:47.194832;BP-Linux8;www.aggloroanne.fr.https;53328;.;0
15:34:47.194836;www.aggloroanne.fr.https;BP-Linux8;53328;.;1448
15:34:47.194838;BP-Linux8;www.aggloroanne.fr.https;53328;.;0
15:34:47.194842;www.aggloroanne.fr.https;BP-Linux8;53328;.;1448
15:34:47.194844;BP-Linux8;www.aggloroanne.fr.https;53328;.;0
15:34:47.194848;www.aggloroanne.fr.https;BP-Linux8;53328;P.;159
15:34:47.194851;BP-Linux8;www.aggloroanne.fr.https;53328;.;0
15:34:47.194855;www.aggloroanne.fr.https;BP-Linux8;53329;.;1448
15:34:47.194858;BP-Linux8;www.aggloroanne.fr.https;53329;.;0
15:34:47.194861;www.aggloroanne.fr.https;BP-Linux8;53329;.;1448
15:34:47.194863;BP-Linux8;www.aggloroanne.fr.https;53329;.;0
15:34:47.194867;www.aggloroanne.fr.https;BP-Linux8;53329;.;1448
15:34:47.194869;BP-Linux8;www.aggloroanne.fr.https;53329;.;0
15:34:47.194873;www.aggloroanne.fr.https;BP-Linux8;53329;.;1448
15:34:47.194875;BP-Linux8;www.aggloroanne.fr.https;53329;.;0
15:34:47.194879;www.aggloroanne.fr.https;BP-Linux8;53329;.;1448
15:34:47.194880;BP-Linux8;www.aggloroanne.fr.https;53329;.;0
15:34:47.194884;www.aggloroanne.fr.https;BP-Linux8;53329;.;1448
15:34:47.194886;BP-Linux8;www.aggloroanne.fr.https;53329;.;0
15:34:47.194891;www.aggloroanne.fr.https;BP-Linux8;53329;.;1448
15:34:47.194894;BP-Linux8;www.aggloroanne.fr.https;53329;.;0
15:34:47.194899;www.aggloroanne.fr.https;BP-Linux8;53329;.;1448
15:34:47.194901;BP-Linux8;www.aggloroanne.fr.https;53329;.;0
15:34:47.194904;www.aggloroanne.fr.https;BP-Linux8;53329;.;1448
15:34:47.194906;BP-Linux8;www.aggloroanne.fr.https;53329;.;0
15:34:47.194910;www.aggloroanne.fr.https;BP-Linux8;53329;.;1448
15:34:47.194912;BP-Linux8;www.aggloroanne.fr.https;53329;.;0
15:34:47.194916;www.aggloroanne.fr.https;BP-Linux8;53329;.;1448
15:34:47.194917;BP-Linux8;www.aggloroanne.fr.https;53329;.;0
15:34:47.194921;www.aggloroanne.fr.https;BP-Linux8;53329;.;1448
15:34:47.194923;BP-Linux8;www.aggloroanne.fr.https;53329;.;0
15:34:47.194927;www.aggloroanne.fr.https;BP-Linux8;53329;.;1448
15:34:47.194928;BP-Linux8;www.aggloroanne.fr.https;53329;.;0
15:34:47.194932;www.aggloroanne.fr.https;BP-Linux8;53329;.;1448
15:34:47.194934;BP-Linux8;www.aggloroanne.fr.https;53329;.;0
15:34:47.194938;www.aggloroanne.fr.https;BP-Linux8;53329;.;1448
15:34:47.194939;BP-Linux8;www.aggloroanne.fr.https;53329;.;0
15:34:47.194943;www.aggloroanne.fr.https;BP-Linux8;53329;.;1448
15:34:47.194944;BP-Linux8;www.aggloroanne.fr.https;53329;.;0
15:34:47.194949;www.aggloroanne.fr.https;BP-Linux8;53329;.;1448
15:34:47.194950;www.aggloroanne.fr.https;BP-Linux8;53329;.;1448
15:34:47.194951;www.aggloroanne.fr.https;BP-Linux8;53329;.;1448
15:34:47.194959;www.aggloroanne.fr.https;BP-Linux8;53329;.;1448
15:34:47.194960;www.aggloroanne.fr.https;BP-Linux8;53329;.;1448
15:34:47.194962;www.aggloroanne.fr.https;BP-Linux8;53329;.;1448
15:34:47.194963;www.aggloroanne.fr.https;BP-Linux8;53329;.;1448
15:34:47.194964;www.aggloroanne.fr.https;BP-Linux8;53329;.;1448
15:34:47.194966;www.aggloroanne.fr.https;BP-Linux8;53329;.;1448
15:34:47.194967;www.aggloroanne.fr.https;BP-Linux8;53329;.;1448
15:34:47.194968;www.aggloroanne.fr.https;BP-Linux8;53329;.;1448
15:34:47.203454;par21s17-in-f14.1e100.net.https;BP-Linux8;48265;P.;69
15:34:47.203459;BP-Linux8;par21s17-in-f14.1e100.net.https;48265;.;0
15:34:47.213913;www.aggloroanne.fr.https;BP-Linux8;53329;.;1448
15:34:47.214060;www.aggloroanne.fr.https;BP-Linux8;53329;.;1448
15:34:47.214063;www.aggloroanne.fr.https;BP-Linux8;53329;.;1448
15:34:47.214065;www.aggloroanne.fr.https;BP-Linux8;53329;.;1448
15:34:47.214171;www.aggloroanne.fr.https;BP-Linux8;53329;.;1448
15:34:47.214175;www.aggloroanne.fr.https;BP-Linux8;53329;.;1448
15:34:47.214324;www.aggloroanne.fr.https;BP-Linux8;53329;.;1448
15:34:47.214328;www.aggloroanne.fr.https;BP-Linux8;53329;.;1448
15:34:47.214329;www.aggloroanne.fr.https;BP-Linux8;53329;.;1448
15:34:47.214331;www.aggloroanne.fr.https;BP-Linux8;53329;.;1448
15:34:47.214464;www.aggloroanne.fr.https;BP-Linux8;53329;.;1448
15:34:47.214467;www.aggloroanne.fr.https;BP-Linux8;53329;.;1448
15:34:47.214469;www.aggloroanne.fr.https;BP-Linux8;53329;.;1448
15:34:47.214470;www.aggloroanne.fr.https;BP-Linux8;53329;.;1448
15:34:47.214471;www.aggloroanne.fr.https;BP-Linux8;53329;.;1448
15:34:47.214626;www.aggloroanne.fr.https;BP-Linux8;53329;.;1448
15:34:47.214629;www.aggloroanne.fr.https;BP-Linux8;53329;.;1448
15:34:47.214631;www.aggloroanne.fr.https;BP-Linux8;53329;.;1448
15:34:47.214632;www.aggloroanne.fr.https;BP-Linux8;53329;.;1448
15:34:47.214633;www.aggloroanne.fr.https;BP-Linux8;53329;.;1448
15:34:47.214635;www.aggloroanne.fr.https;BP-Linux8;53329;.;1448
15:34:47.214636;www.aggloroanne.fr.https;BP-Linux8;53329;.;1448
15:34:47.214638;www.aggloroanne.fr.https;BP-Linux8;53329;.;1448
15:34:47.214683;www.aggloroanne.fr.https;BP-Linux8;53329;.;1448
15:34:47.214686;www.aggloroanne.fr.https;BP-Linux8;53329;.;1448
15:34:47.214687;www.aggloroanne.fr.https;BP-Linux8;53329;.;1448
15:34:47.220000;BP-Linux8;www.aggloroanne.fr.https;53326;P.;487
15:34:47.232729;BP-Linux8;www.aggloroanne.fr.https;53325;.;0
15:34:47.232738;BP-Linux8;www.aggloroanne.fr.https;53329;.;0
15:34:47.234011;BP-Linux8;www.aggloroanne.fr.https;53327;P.;463
15:34:47.240828;www.aggloroanne.fr.https;BP-Linux8;53326;.;1448
15:34:47.240839;BP-Linux8;www.aggloroanne.fr.https;53326;.;0
15:34:47.241047;www.aggloroanne.fr.https;BP-Linux8;53326;.;1448
15:34:47.241052;BP-Linux8;www.aggloroanne.fr.https;53326;.;0
15:34:47.241060;www.aggloroanne.fr.https;BP-Linux8;53326;.;1448
15:34:47.241062;BP-Linux8;www.aggloroanne.fr.https;53326;.;0
15:34:47.241066;www.aggloroanne.fr.https;BP-Linux8;53326;.;1448
15:34:47.241068;BP-Linux8;www.aggloroanne.fr.https;53326;.;0
15:34:47.241072;www.aggloroanne.fr.https;BP-Linux8;53326;.;1448
15:34:47.241074;BP-Linux8;www.aggloroanne.fr.https;53326;.;0
15:34:47.241078;www.aggloroanne.fr.https;BP-Linux8;53326;.;1448
15:34:47.241079;BP-Linux8;www.aggloroanne.fr.https;53326;.;0
15:34:47.241084;www.aggloroanne.fr.https;BP-Linux8;53326;.;1448
15:34:47.241085;BP-Linux8;www.aggloroanne.fr.https;53326;.;0
15:34:47.241089;www.aggloroanne.fr.https;BP-Linux8;53326;.;1448
15:34:47.241091;BP-Linux8;www.aggloroanne.fr.https;53326;.;0
15:34:47.241095;www.aggloroanne.fr.https;BP-Linux8;53326;.;1448
15:34:47.241096;BP-Linux8;www.aggloroanne.fr.https;53326;.;0
15:34:47.241161;www.aggloroanne.fr.https;BP-Linux8;53326;.;1448
15:34:47.241164;BP-Linux8;www.aggloroanne.fr.https;53326;.;0
15:34:47.241169;www.aggloroanne.fr.https;BP-Linux8;53326;.;1448
15:34:47.241170;BP-Linux8;www.aggloroanne.fr.https;53326;.;0
15:34:47.241174;www.aggloroanne.fr.https;BP-Linux8;53326;P.;485
15:34:47.241176;BP-Linux8;www.aggloroanne.fr.https;53326;.;0
15:34:47.241180;www.aggloroanne.fr.https;BP-Linux8;53326;.;1448
15:34:47.241181;BP-Linux8;www.aggloroanne.fr.https;53326;.;0
15:34:47.241185;www.aggloroanne.fr.https;BP-Linux8;53326;.;1448
15:34:47.241187;BP-Linux8;www.aggloroanne.fr.https;53326;.;0
15:34:47.241191;www.aggloroanne.fr.https;BP-Linux8;53326;.;1448
15:34:47.241192;BP-Linux8;www.aggloroanne.fr.https;53326;.;0
15:34:47.241196;www.aggloroanne.fr.https;BP-Linux8;53326;.;1448
15:34:47.241198;BP-Linux8;www.aggloroanne.fr.https;53326;.;0
15:34:47.241202;www.aggloroanne.fr.https;BP-Linux8;53326;.;1448
15:34:47.241204;BP-Linux8;www.aggloroanne.fr.https;53326;.;0
15:34:47.241224;www.aggloroanne.fr.https;BP-Linux8;53326;.;1448
15:34:47.241225;BP-Linux8;www.aggloroanne.fr.https;53326;.;0
15:34:47.241229;www.aggloroanne.fr.https;BP-Linux8;53326;.;1448
15:34:47.241231;BP-Linux8;www.aggloroanne.fr.https;53326;.;0
15:34:47.241235;www.aggloroanne.fr.https;BP-Linux8;53326;.;1448
15:34:47.241320;www.aggloroanne.fr.https;BP-Linux8;53326;.;1448
15:34:47.241394;www.aggloroanne.fr.https;BP-Linux8;53326;.;1448
15:34:47.241397;www.aggloroanne.fr.https;BP-Linux8;53326;.;1448
15:34:47.241399;www.aggloroanne.fr.https;BP-Linux8;53326;.;1448
15:34:47.241400;www.aggloroanne.fr.https;BP-Linux8;53326;.;1448
15:34:47.241401;www.aggloroanne.fr.https;BP-Linux8;53326;.;1448
15:34:47.241472;www.aggloroanne.fr.https;BP-Linux8;53326;.;1448
15:34:47.241473;www.aggloroanne.fr.https;BP-Linux8;53326;.;1448
15:34:47.241475;www.aggloroanne.fr.https;BP-Linux8;53326;.;1448
15:34:47.241610;www.aggloroanne.fr.https;BP-Linux8;53326;.;1448
15:34:47.241612;www.aggloroanne.fr.https;BP-Linux8;53326;.;1448
15:34:47.241613;www.aggloroanne.fr.https;BP-Linux8;53326;.;1448
15:34:47.241615;www.aggloroanne.fr.https;BP-Linux8;53326;.;1448
15:34:47.251725;www.aggloroanne.fr.https;BP-Linux8;53329;.;1448
15:34:47.251889;www.aggloroanne.fr.https;BP-Linux8;53329;.;1448
15:34:47.251894;www.aggloroanne.fr.https;BP-Linux8;53329;.;1448
15:34:47.251896;www.aggloroanne.fr.https;BP-Linux8;53329;.;1448
15:34:47.251897;www.aggloroanne.fr.https;BP-Linux8;53329;.;1448
15:34:47.251899;www.aggloroanne.fr.https;BP-Linux8;53329;P.;593
15:34:47.255193;www.aggloroanne.fr.https;BP-Linux8;53327;.;1448
15:34:47.255202;BP-Linux8;www.aggloroanne.fr.https;53327;.;0
15:34:47.255210;www.aggloroanne.fr.https;BP-Linux8;53327;.;1448
15:34:47.255213;BP-Linux8;www.aggloroanne.fr.https;53327;.;0
15:34:47.255214;www.aggloroanne.fr.https;BP-Linux8;53327;P.;74
15:34:47.255215;BP-Linux8;www.aggloroanne.fr.https;53327;.;0
15:34:47.259770;www.aggloroanne.fr.https;BP-Linux8;53326;.;1448
15:34:47.259890;www.aggloroanne.fr.https;BP-Linux8;53326;.;1448
15:34:47.260030;www.aggloroanne.fr.https;BP-Linux8;53326;.;1448
15:34:47.260210;www.aggloroanne.fr.https;BP-Linux8;53326;.;1448
15:34:47.260215;www.aggloroanne.fr.https;BP-Linux8;53326;.;1448
15:34:47.260216;www.aggloroanne.fr.https;BP-Linux8;53326;.;1448
15:34:47.260218;www.aggloroanne.fr.https;BP-Linux8;53326;.;1448
15:34:47.260219;www.aggloroanne.fr.https;BP-Linux8;53326;.;1448
15:34:47.260319;www.aggloroanne.fr.https;BP-Linux8;53326;.;1448
15:34:47.260323;www.aggloroanne.fr.https;BP-Linux8;53326;.;1448
15:34:47.260325;www.aggloroanne.fr.https;BP-Linux8;53326;.;1448
15:34:47.260327;www.aggloroanne.fr.https;BP-Linux8;53326;.;1448
15:34:47.260445;www.aggloroanne.fr.https;BP-Linux8;53326;.;1448
15:34:47.260449;www.aggloroanne.fr.https;BP-Linux8;53326;.;1448
15:34:47.260450;www.aggloroanne.fr.https;BP-Linux8;53326;.;1448
15:34:47.260452;www.aggloroanne.fr.https;BP-Linux8;53326;.;1448
15:34:47.260551;www.aggloroanne.fr.https;BP-Linux8;53326;.;1448
15:34:47.260555;www.aggloroanne.fr.https;BP-Linux8;53326;.;1448
15:34:47.260556;www.aggloroanne.fr.https;BP-Linux8;53326;P.;1112
15:34:47.271023;BP-Linux8;www.aggloroanne.fr.https;53329;.;0
15:34:47.280729;BP-Linux8;www.aggloroanne.fr.https;53326;.;0
15:34:47.296819;BP-Linux8;par21s17-in-f14.1e100.net.https;48264;P.;163
15:34:47.296883;BP-Linux8;par21s17-in-f14.1e100.net.https;48264;P.;522
15:34:47.297080;BP-Linux8;par21s17-in-f14.1e100.net.https;48265;P.;163
15:34:47.297121;BP-Linux8;par21s17-in-f14.1e100.net.https;48265;P.;46
15:34:47.308772;par21s17-in-f14.1e100.net.https;BP-Linux8;48264;.;0
15:34:47.308914;par21s17-in-f14.1e100.net.https;BP-Linux8;48265;P.;38
15:34:47.308921;BP-Linux8;par21s17-in-f14.1e100.net.https;48265;.;0
15:34:47.309793;par21s17-in-f14.1e100.net.https;BP-Linux8;48264;P.;38
15:34:47.309796;BP-Linux8;par21s17-in-f14.1e100.net.https;48264;.;0
15:34:47.313403;par21s17-in-f14.1e100.net.https;BP-Linux8;48265;.;0
15:34:47.321332;par21s17-in-f14.1e100.net.https;BP-Linux8;48264;P.;412
15:34:47.321339;BP-Linux8;par21s17-in-f14.1e100.net.https;48264;.;0
15:34:47.321464;par21s17-in-f14.1e100.net.https;BP-Linux8;48264;P.;1418
15:34:47.321467;BP-Linux8;par21s17-in-f14.1e100.net.https;48264;.;0
15:34:47.321639;par21s17-in-f14.1e100.net.https;BP-Linux8;48264;.;1418
15:34:47.321642;BP-Linux8;par21s17-in-f14.1e100.net.https;48264;.;0
15:34:47.321775;par21s17-in-f14.1e100.net.https;BP-Linux8;48264;.;1418
15:34:47.321778;BP-Linux8;par21s17-in-f14.1e100.net.https;48264;.;0
15:34:47.321784;par21s17-in-f14.1e100.net.https;BP-Linux8;48264;P.;1418
15:34:47.321786;BP-Linux8;par21s17-in-f14.1e100.net.https;48264;.;0
15:34:47.322983;par21s17-in-f14.1e100.net.https;BP-Linux8;48264;.;1418
15:34:47.322986;BP-Linux8;par21s17-in-f14.1e100.net.https;48264;.;0
15:34:47.323119;par21s17-in-f14.1e100.net.https;BP-Linux8;48264;.;1418
15:34:47.323123;BP-Linux8;par21s17-in-f14.1e100.net.https;48264;.;0
15:34:47.323128;par21s17-in-f14.1e100.net.https;BP-Linux8;48264;P.;1418
15:34:47.323130;BP-Linux8;par21s17-in-f14.1e100.net.https;48264;.;0
15:34:47.323423;par21s17-in-f14.1e100.net.https;BP-Linux8;48264;.;1418
15:34:47.323427;BP-Linux8;par21s17-in-f14.1e100.net.https;48264;.;0
15:34:47.323515;par21s17-in-f14.1e100.net.https;BP-Linux8;48264;P.;350
15:34:47.323516;BP-Linux8;par21s17-in-f14.1e100.net.https;48264;.;0
15:34:47.323792;par21s17-in-f14.1e100.net.https;BP-Linux8;48264;.;1418
15:34:47.323795;BP-Linux8;par21s17-in-f14.1e100.net.https;48264;.;0
15:34:47.323916;par21s17-in-f14.1e100.net.https;BP-Linux8;48264;P.;1418
15:34:47.323919;BP-Linux8;par21s17-in-f14.1e100.net.https;48264;.;0
15:34:47.324391;par21s17-in-f14.1e100.net.https;BP-Linux8;48264;.;1418
15:34:47.324394;BP-Linux8;par21s17-in-f14.1e100.net.https;48264;.;0
15:34:47.324526;par21s17-in-f14.1e100.net.https;BP-Linux8;48264;.;1418
15:34:47.324529;BP-Linux8;par21s17-in-f14.1e100.net.https;48264;.;0
15:34:47.324533;par21s17-in-f14.1e100.net.https;BP-Linux8;48264;P.;1418
15:34:47.324535;BP-Linux8;par21s17-in-f14.1e100.net.https;48264;.;0
15:34:47.325348;par21s17-in-f14.1e100.net.https;BP-Linux8;48264;.;1418
15:34:47.325353;BP-Linux8;par21s17-in-f14.1e100.net.https;48264;.;0
15:34:47.325359;par21s17-in-f14.1e100.net.https;BP-Linux8;48264;.;1418
15:34:47.325361;BP-Linux8;par21s17-in-f14.1e100.net.https;48264;.;0
15:34:47.325452;par21s17-in-f14.1e100.net.https;BP-Linux8;48264;P.;1418
15:34:47.325455;BP-Linux8;par21s17-in-f14.1e100.net.https;48264;.;0
15:34:47.326178;par21s17-in-f14.1e100.net.https;BP-Linux8;48264;.;1418
15:34:47.326181;BP-Linux8;par21s17-in-f14.1e100.net.https;48264;.;0
15:34:47.326311;par21s17-in-f14.1e100.net.https;BP-Linux8;48264;.;1418
15:34:47.326314;BP-Linux8;par21s17-in-f14.1e100.net.https;48264;.;0
15:34:47.326319;par21s17-in-f14.1e100.net.https;BP-Linux8;48264;P.;1418
15:34:47.326321;BP-Linux8;par21s17-in-f14.1e100.net.https;48264;.;0
15:34:47.333179;par21s17-in-f14.1e100.net.https;BP-Linux8;48264;P.;1377
15:34:47.333185;BP-Linux8;par21s17-in-f14.1e100.net.https;48264;.;0
15:34:47.383986;BP-Linux8;www.aggloroanne.fr.https;53324;P.;479
15:34:47.384823;BP-Linux8;www.aggloroanne.fr.https;53325;P.;486
15:34:47.385004;BP-Linux8;www.aggloroanne.fr.https;53328;P.;478
15:34:47.385346;BP-Linux8;www.aggloroanne.fr.https;53329;P.;484
15:34:47.405267;BP-Linux8;par21s17-in-f14.1e100.net.https;48264;P.;38
15:34:47.405779;www.aggloroanne.fr.https;BP-Linux8;53324;.;1448
15:34:47.405792;BP-Linux8;www.aggloroanne.fr.https;53324;.;0
15:34:47.405887;www.aggloroanne.fr.https;BP-Linux8;53324;.;1448
15:34:47.405891;BP-Linux8;www.aggloroanne.fr.https;53324;.;0
15:34:47.405996;www.aggloroanne.fr.https;BP-Linux8;53324;.;1448
15:34:47.405999;BP-Linux8;www.aggloroanne.fr.https;53324;.;0
15:34:47.406005;www.aggloroanne.fr.https;BP-Linux8;53324;.;1448
15:34:47.406007;BP-Linux8;www.aggloroanne.fr.https;53324;.;0
15:34:47.406011;www.aggloroanne.fr.https;BP-Linux8;53324;.;1448
15:34:47.406013;BP-Linux8;www.aggloroanne.fr.https;53324;.;0
15:34:47.406017;www.aggloroanne.fr.https;BP-Linux8;53324;.;1448
15:34:47.406019;BP-Linux8;www.aggloroanne.fr.https;53324;.;0
15:34:47.406036;www.aggloroanne.fr.https;BP-Linux8;53324;.;1448
15:34:47.406038;BP-Linux8;www.aggloroanne.fr.https;53324;.;0
15:34:47.406043;www.aggloroanne.fr.https;BP-Linux8;53324;.;1448
15:34:47.406044;BP-Linux8;www.aggloroanne.fr.https;53324;.;0
15:34:47.406048;www.aggloroanne.fr.https;BP-Linux8;53324;.;1448
15:34:47.406050;BP-Linux8;www.aggloroanne.fr.https;53324;.;0
15:34:47.406054;www.aggloroanne.fr.https;BP-Linux8;53324;.;1448
15:34:47.406056;BP-Linux8;www.aggloroanne.fr.https;53324;.;0
15:34:47.406170;www.aggloroanne.fr.https;BP-Linux8;53324;.;1448
15:34:47.406173;BP-Linux8;www.aggloroanne.fr.https;53324;.;0
15:34:47.406178;www.aggloroanne.fr.https;BP-Linux8;53324;P.;485
15:34:47.406180;BP-Linux8;www.aggloroanne.fr.https;53324;.;0
15:34:47.406184;www.aggloroanne.fr.https;BP-Linux8;53324;.;1448
15:34:47.406185;BP-Linux8;www.aggloroanne.fr.https;53324;.;0
15:34:47.406189;www.aggloroanne.fr.https;BP-Linux8;53324;.;1448
15:34:47.406191;BP-Linux8;www.aggloroanne.fr.https;53324;.;0
15:34:47.406195;www.aggloroanne.fr.https;BP-Linux8;53324;.;1448
15:34:47.406196;BP-Linux8;www.aggloroanne.fr.https;53324;.;0
15:34:47.406200;www.aggloroanne.fr.https;BP-Linux8;53324;.;1448
15:34:47.406201;BP-Linux8;www.aggloroanne.fr.https;53324;.;0
15:34:47.406206;www.aggloroanne.fr.https;BP-Linux8;53324;.;1448
15:34:47.406208;www.aggloroanne.fr.https;BP-Linux8;53324;.;1448
15:34:47.406210;www.aggloroanne.fr.https;BP-Linux8;53324;.;1448
15:34:47.406211;www.aggloroanne.fr.https;BP-Linux8;53324;.;1448
15:34:47.406213;www.aggloroanne.fr.https;BP-Linux8;53324;.;1448
15:34:47.406214;www.aggloroanne.fr.https;BP-Linux8;53324;.;1448
15:34:47.406215;www.aggloroanne.fr.https;BP-Linux8;53324;.;1448
15:34:47.406217;www.aggloroanne.fr.https;BP-Linux8;53324;.;1448
15:34:47.406218;www.aggloroanne.fr.https;BP-Linux8;53324;.;1448
15:34:47.406220;www.aggloroanne.fr.https;BP-Linux8;53324;.;1448
15:34:47.406221;www.aggloroanne.fr.https;BP-Linux8;53324;.;1448
15:34:47.406222;www.aggloroanne.fr.https;BP-Linux8;53324;.;1448
15:34:47.406294;www.aggloroanne.fr.https;BP-Linux8;53324;.;1448
15:34:47.406295;www.aggloroanne.fr.https;BP-Linux8;53324;.;1448
15:34:47.406297;www.aggloroanne.fr.https;BP-Linux8;53324;.;1448
15:34:47.406298;www.aggloroanne.fr.https;BP-Linux8;53324;.;1448
15:34:47.406429;www.aggloroanne.fr.https;BP-Linux8;53324;.;1448
15:34:47.406433;www.aggloroanne.fr.https;BP-Linux8;53324;.;1448
15:34:47.406435;www.aggloroanne.fr.https;BP-Linux8;53324;.;1448
15:34:47.406436;www.aggloroanne.fr.https;BP-Linux8;53324;.;1448
15:34:47.406438;www.aggloroanne.fr.https;BP-Linux8;53324;.;1448
15:34:47.406440;www.aggloroanne.fr.https;BP-Linux8;53324;.;1448
15:34:47.406441;www.aggloroanne.fr.https;BP-Linux8;53324;.;1448
15:34:47.406443;www.aggloroanne.fr.https;BP-Linux8;53324;.;1448
15:34:47.406444;www.aggloroanne.fr.https;BP-Linux8;53324;.;1448
15:34:47.406661;www.aggloroanne.fr.https;BP-Linux8;53324;.;1448
15:34:47.406665;www.aggloroanne.fr.https;BP-Linux8;53324;.;1448
15:34:47.406666;www.aggloroanne.fr.https;BP-Linux8;53324;.;1448
15:34:47.406668;www.aggloroanne.fr.https;BP-Linux8;53324;.;1448
15:34:47.406669;www.aggloroanne.fr.https;BP-Linux8;53324;.;1448
15:34:47.406671;www.aggloroanne.fr.https;BP-Linux8;53324;.;1448
15:34:47.406672;www.aggloroanne.fr.https;BP-Linux8;53324;.;1448
15:34:47.406673;www.aggloroanne.fr.https;BP-Linux8;53324;.;1448
15:34:47.406675;www.aggloroanne.fr.https;BP-Linux8;53325;.;1448
15:34:47.406678;www.aggloroanne.fr.https;BP-Linux8;53324;.;1448
15:34:47.406680;www.aggloroanne.fr.https;BP-Linux8;53324;.;1448
15:34:47.406681;www.aggloroanne.fr.https;BP-Linux8;53324;P.;871
15:34:47.406741;www.aggloroanne.fr.https;BP-Linux8;53325;.;1448
15:34:47.406745;www.aggloroanne.fr.https;BP-Linux8;53325;.;1448
15:34:47.406746;www.aggloroanne.fr.https;BP-Linux8;53325;.;1448
15:34:47.406748;www.aggloroanne.fr.https;BP-Linux8;53325;.;1448
15:34:47.406749;www.aggloroanne.fr.https;BP-Linux8;53325;.;1448
15:34:47.406854;www.aggloroanne.fr.https;BP-Linux8;53328;.;1448
15:34:47.406861;BP-Linux8;www.aggloroanne.fr.https;53328;.;0
15:34:47.406867;www.aggloroanne.fr.https;BP-Linux8;53325;.;1448
15:34:47.406869;www.aggloroanne.fr.https;BP-Linux8;53325;.;1448
15:34:47.406871;www.aggloroanne.fr.https;BP-Linux8;53325;.;1448
15:34:47.406872;www.aggloroanne.fr.https;BP-Linux8;53325;.;1448
15:34:47.406956;www.aggloroanne.fr.https;BP-Linux8;53328;.;1448
15:34:47.406960;BP-Linux8;www.aggloroanne.fr.https;53328;.;0
15:34:47.406966;www.aggloroanne.fr.https;BP-Linux8;53328;.;1448
15:34:47.406968;BP-Linux8;www.aggloroanne.fr.https;53328;.;0
15:34:47.406972;www.aggloroanne.fr.https;BP-Linux8;53328;.;1448
15:34:47.406973;BP-Linux8;www.aggloroanne.fr.https;53328;.;0
15:34:47.406978;www.aggloroanne.fr.https;BP-Linux8;53328;.;1448
15:34:47.406979;BP-Linux8;www.aggloroanne.fr.https;53328;.;0
15:34:47.407083;www.aggloroanne.fr.https;BP-Linux8;53328;.;1448
15:34:47.407087;BP-Linux8;www.aggloroanne.fr.https;53328;.;0
15:34:47.407094;www.aggloroanne.fr.https;BP-Linux8;53328;.;1448
15:34:47.407095;BP-Linux8;www.aggloroanne.fr.https;53328;.;0
15:34:47.407099;www.aggloroanne.fr.https;BP-Linux8;53328;.;1448
15:34:47.407101;BP-Linux8;www.aggloroanne.fr.https;53328;.;0
15:34:47.407105;www.aggloroanne.fr.https;BP-Linux8;53328;.;1448
15:34:47.407106;BP-Linux8;www.aggloroanne.fr.https;53328;.;0
15:34:47.407110;www.aggloroanne.fr.https;BP-Linux8;53328;.;1448
15:34:47.407112;BP-Linux8;www.aggloroanne.fr.https;53328;.;0
15:34:47.407116;www.aggloroanne.fr.https;BP-Linux8;53328;.;1448
15:34:47.407118;BP-Linux8;www.aggloroanne.fr.https;53328;.;0
15:34:47.407122;www.aggloroanne.fr.https;BP-Linux8;53325;.;1448
15:34:47.407124;www.aggloroanne.fr.https;BP-Linux8;53328;.;1448
15:34:47.407125;BP-Linux8;www.aggloroanne.fr.https;53328;.;0
15:34:47.407129;www.aggloroanne.fr.https;BP-Linux8;53328;.;1448
15:34:47.407132;BP-Linux8;www.aggloroanne.fr.https;53328;.;0
15:34:47.407136;www.aggloroanne.fr.https;BP-Linux8;53328;.;1448
15:34:47.407138;BP-Linux8;www.aggloroanne.fr.https;53328;.;0
15:34:47.407142;www.aggloroanne.fr.https;BP-Linux8;53328;.;1448
15:34:47.407144;BP-Linux8;www.aggloroanne.fr.https;53328;.;0
15:34:47.407250;www.aggloroanne.fr.https;BP-Linux8;53325;.;1448
15:34:47.407254;www.aggloroanne.fr.https;BP-Linux8;53329;.;1448
15:34:47.407258;BP-Linux8;www.aggloroanne.fr.https;53329;.;0
15:34:47.407264;www.aggloroanne.fr.https;BP-Linux8;53325;.;1448
15:34:47.407266;www.aggloroanne.fr.https;BP-Linux8;53329;.;1448
15:34:47.407267;BP-Linux8;www.aggloroanne.fr.https;53329;.;0
15:34:47.407271;www.aggloroanne.fr.https;BP-Linux8;53325;.;1448
15:34:47.407272;www.aggloroanne.fr.https;BP-Linux8;53329;.;1448
15:34:47.407274;BP-Linux8;www.aggloroanne.fr.https;53329;.;0
15:34:47.407278;www.aggloroanne.fr.https;BP-Linux8;53329;.;1448
15:34:47.407279;BP-Linux8;www.aggloroanne.fr.https;53329;.;0
15:34:47.407372;www.aggloroanne.fr.https;BP-Linux8;53329;.;1448
15:34:47.407376;BP-Linux8;www.aggloroanne.fr.https;53329;.;0
15:34:47.407384;www.aggloroanne.fr.https;BP-Linux8;53329;.;1448
15:34:47.407386;BP-Linux8;www.aggloroanne.fr.https;53329;.;0
15:34:47.407390;www.aggloroanne.fr.https;BP-Linux8;53329;.;1448
15:34:47.407392;BP-Linux8;www.aggloroanne.fr.https;53329;.;0
15:34:47.407396;www.aggloroanne.fr.https;BP-Linux8;53329;.;1448
15:34:47.407397;BP-Linux8;www.aggloroanne.fr.https;53329;.;0
15:34:47.407401;www.aggloroanne.fr.https;BP-Linux8;53325;.;1448
15:34:47.407403;www.aggloroanne.fr.https;BP-Linux8;53329;.;1448
15:34:47.407405;BP-Linux8;www.aggloroanne.fr.https;53329;.;0
15:34:47.407409;www.aggloroanne.fr.https;BP-Linux8;53325;.;1448
15:34:47.407410;www.aggloroanne.fr.https;BP-Linux8;53329;.;1448
15:34:47.407412;BP-Linux8;www.aggloroanne.fr.https;53329;.;0
15:34:47.407416;www.aggloroanne.fr.https;BP-Linux8;53325;.;1448
15:34:47.407417;www.aggloroanne.fr.https;BP-Linux8;53328;.;1448
15:34:47.407419;BP-Linux8;www.aggloroanne.fr.https;53328;.;0
15:34:47.407423;www.aggloroanne.fr.https;BP-Linux8;53325;.;1448
15:34:47.407424;www.aggloroanne.fr.https;BP-Linux8;53328;.;1448
15:34:47.407426;BP-Linux8;www.aggloroanne.fr.https;53328;.;0
15:34:47.407476;www.aggloroanne.fr.https;BP-Linux8;53328;.;1448
15:34:47.407478;BP-Linux8;www.aggloroanne.fr.https;53328;.;0
15:34:47.407482;www.aggloroanne.fr.https;BP-Linux8;53328;.;1448
15:34:47.407484;BP-Linux8;www.aggloroanne.fr.https;53328;.;0
15:34:47.407488;www.aggloroanne.fr.https;BP-Linux8;53328;.;1448
15:34:47.407489;www.aggloroanne.fr.https;BP-Linux8;53328;.;1448
15:34:47.407491;www.aggloroanne.fr.https;BP-Linux8;53325;.;1448
15:34:47.407581;www.aggloroanne.fr.https;BP-Linux8;53328;.;1448
15:34:47.407582;www.aggloroanne.fr.https;BP-Linux8;53328;.;1448
15:34:47.407584;www.aggloroanne.fr.https;BP-Linux8;53328;.;1448
15:34:47.407585;www.aggloroanne.fr.https;BP-Linux8;53328;.;1448
15:34:47.407637;www.aggloroanne.fr.https;BP-Linux8;53328;.;1448
15:34:47.407640;www.aggloroanne.fr.https;BP-Linux8;53325;.;1448
15:34:47.407642;www.aggloroanne.fr.https;BP-Linux8;53325;.;1448
15:34:47.407643;www.aggloroanne.fr.https;BP-Linux8;53325;.;1448
15:34:47.407727;www.aggloroanne.fr.https;BP-Linux8;53328;.;1448
15:34:47.407730;www.aggloroanne.fr.https;BP-Linux8;53329;.;1448
15:34:47.407734;BP-Linux8;www.aggloroanne.fr.https;53329;.;0
15:34:47.407740;www.aggloroanne.fr.https;BP-Linux8;53329;.;1448
15:34:47.407742;BP-Linux8;www.aggloroanne.fr.https;53329;.;0
15:34:47.407746;www.aggloroanne.fr.https;BP-Linux8;53329;.;1448
15:34:47.407748;BP-Linux8;www.aggloroanne.fr.https;53329;.;0
15:34:47.407752;www.aggloroanne.fr.https;BP-Linux8;53329;.;1448
15:34:47.407753;BP-Linux8;www.aggloroanne.fr.https;53329;.;0
15:34:47.407848;www.aggloroanne.fr.https;BP-Linux8;53325;.;1448
15:34:47.407852;www.aggloroanne.fr.https;BP-Linux8;53329;.;1448
15:34:47.407855;BP-Linux8;www.aggloroanne.fr.https;53329;.;0
15:34:47.407861;www.aggloroanne.fr.https;BP-Linux8;53329;.;1448
15:34:47.407863;BP-Linux8;www.aggloroanne.fr.https;53329;.;0
15:34:47.407867;www.aggloroanne.fr.https;BP-Linux8;53329;.;1448
15:34:47.407868;BP-Linux8;www.aggloroanne.fr.https;53329;.;0
15:34:47.407872;www.aggloroanne.fr.https;BP-Linux8;53329;.;1448
15:34:47.407874;BP-Linux8;www.aggloroanne.fr.https;53329;.;0
15:34:47.407966;www.aggloroanne.fr.https;BP-Linux8;53325;.;1448
15:34:47.407970;www.aggloroanne.fr.https;BP-Linux8;53328;.;1448
15:34:47.407972;www.aggloroanne.fr.https;BP-Linux8;53325;.;1448
15:34:47.407973;www.aggloroanne.fr.https;BP-Linux8;53328;.;1448
15:34:47.407975;www.aggloroanne.fr.https;BP-Linux8;53325;.;1448
15:34:47.407976;www.aggloroanne.fr.https;BP-Linux8;53328;.;1448
15:34:47.407988;www.aggloroanne.fr.https;BP-Linux8;53328;.;1448
15:34:47.408089;www.aggloroanne.fr.https;BP-Linux8;53325;.;1448
15:34:47.408093;www.aggloroanne.fr.https;BP-Linux8;53328;.;1448
15:34:47.408095;www.aggloroanne.fr.https;BP-Linux8;53328;.;1448
15:34:47.408096;www.aggloroanne.fr.https;BP-Linux8;53328;.;1448
15:34:47.408097;www.aggloroanne.fr.https;BP-Linux8;53328;P.;813
15:34:47.408246;www.aggloroanne.fr.https;BP-Linux8;53325;.;1448
15:34:47.408250;www.aggloroanne.fr.https;BP-Linux8;53329;.;1448
15:34:47.408253;BP-Linux8;www.aggloroanne.fr.https;53329;.;0
15:34:47.408260;www.aggloroanne.fr.https;BP-Linux8;53325;.;1448
15:34:47.408261;www.aggloroanne.fr.https;BP-Linux8;53329;.;1448
15:34:47.408263;BP-Linux8;www.aggloroanne.fr.https;53329;.;0
15:34:47.408267;www.aggloroanne.fr.https;BP-Linux8;53325;.;1448
15:34:47.408268;www.aggloroanne.fr.https;BP-Linux8;53329;.;1448
15:34:47.408270;BP-Linux8;www.aggloroanne.fr.https;53329;.;0
15:34:47.408274;www.aggloroanne.fr.https;BP-Linux8;53329;.;1448
15:34:47.408275;BP-Linux8;www.aggloroanne.fr.https;53329;.;0
15:34:47.408321;www.aggloroanne.fr.https;BP-Linux8;53329;.;1448
15:34:47.408325;BP-Linux8;www.aggloroanne.fr.https;53329;.;0
15:34:47.408331;www.aggloroanne.fr.https;BP-Linux8;53329;.;1448
15:34:47.408333;BP-Linux8;www.aggloroanne.fr.https;53329;.;0
15:34:47.408356;www.aggloroanne.fr.https;BP-Linux8;53325;.;1448
15:34:47.408446;www.aggloroanne.fr.https;BP-Linux8;53329;.;1448
15:34:47.408450;BP-Linux8;www.aggloroanne.fr.https;53329;.;0
15:34:47.408456;www.aggloroanne.fr.https;BP-Linux8;53329;.;1448
15:34:47.408458;BP-Linux8;www.aggloroanne.fr.https;53329;.;0
15:34:47.408510;www.aggloroanne.fr.https;BP-Linux8;53325;.;1448
15:34:47.408512;www.aggloroanne.fr.https;BP-Linux8;53325;.;1448
15:34:47.408513;www.aggloroanne.fr.https;BP-Linux8;53325;.;1448
15:34:47.408662;www.aggloroanne.fr.https;BP-Linux8;53325;.;1448
15:34:47.408665;www.aggloroanne.fr.https;BP-Linux8;53325;.;1448
15:34:47.408667;www.aggloroanne.fr.https;BP-Linux8;53325;.;1448
15:34:47.408668;www.aggloroanne.fr.https;BP-Linux8;53329;.;1448
15:34:47.408671;BP-Linux8;www.aggloroanne.fr.https;53329;.;0
15:34:47.408676;www.aggloroanne.fr.https;BP-Linux8;53325;.;1448
15:34:47.408762;www.aggloroanne.fr.https;BP-Linux8;53329;.;1448
15:34:47.408764;BP-Linux8;www.aggloroanne.fr.https;53329;.;0
15:34:47.408769;www.aggloroanne.fr.https;BP-Linux8;53329;.;1448
15:34:47.408771;BP-Linux8;www.aggloroanne.fr.https;53329;.;0
15:34:47.408775;www.aggloroanne.fr.https;BP-Linux8;53329;.;1448
15:34:47.408777;BP-Linux8;www.aggloroanne.fr.https;53329;.;0
15:34:47.408832;www.aggloroanne.fr.https;BP-Linux8;53325;.;1448
15:34:47.408884;www.aggloroanne.fr.https;BP-Linux8;53329;.;1448
15:34:47.408887;BP-Linux8;www.aggloroanne.fr.https;53329;.;0
15:34:47.408892;www.aggloroanne.fr.https;BP-Linux8;53329;.;1448
15:34:47.408894;BP-Linux8;www.aggloroanne.fr.https;53329;.;0
15:34:47.408948;www.aggloroanne.fr.https;BP-Linux8;53325;P.;938
15:34:47.409010;www.aggloroanne.fr.https;BP-Linux8;53329;.;1448
15:34:47.409013;BP-Linux8;www.aggloroanne.fr.https;53329;.;0
15:34:47.409018;www.aggloroanne.fr.https;BP-Linux8;53329;.;1448
15:34:47.409020;BP-Linux8;www.aggloroanne.fr.https;53329;.;0
15:34:47.409109;www.aggloroanne.fr.https;BP-Linux8;53329;.;1448
15:34:47.409111;BP-Linux8;www.aggloroanne.fr.https;53329;.;0
15:34:47.409132;www.aggloroanne.fr.https;BP-Linux8;53329;.;1448
15:34:47.409133;BP-Linux8;www.aggloroanne.fr.https;53329;.;0
15:34:47.409257;www.aggloroanne.fr.https;BP-Linux8;53329;.;1448
15:34:47.409261;BP-Linux8;www.aggloroanne.fr.https;53329;.;0
15:34:47.409266;www.aggloroanne.fr.https;BP-Linux8;53329;.;1448
15:34:47.409268;BP-Linux8;www.aggloroanne.fr.https;53329;.;0
15:34:47.409355;www.aggloroanne.fr.https;BP-Linux8;53329;.;1448
15:34:47.409357;BP-Linux8;www.aggloroanne.fr.https;53329;.;0
15:34:47.418049;BP-Linux8;par21s17-in-f14.1e100.net.https;48264;P.;46
15:34:47.422755;par21s17-in-f14.1e100.net.https;BP-Linux8;48264;.;0
15:34:47.426151;www.aggloroanne.fr.https;BP-Linux8;53329;.;1448
15:34:47.426157;BP-Linux8;www.aggloroanne.fr.https;53329;.;0
15:34:47.426253;www.aggloroanne.fr.https;BP-Linux8;53329;.;1448
15:34:47.426259;BP-Linux8;www.aggloroanne.fr.https;53329;.;0
15:34:47.426273;www.aggloroanne.fr.https;BP-Linux8;53329;.;1448
15:34:47.426275;BP-Linux8;www.aggloroanne.fr.https;53329;.;0
15:34:47.426415;www.aggloroanne.fr.https;BP-Linux8;53329;.;1448
15:34:47.426420;BP-Linux8;www.aggloroanne.fr.https;53329;.;0
15:34:47.426427;www.aggloroanne.fr.https;BP-Linux8;53329;.;1448
15:34:47.426429;BP-Linux8;www.aggloroanne.fr.https;53329;.;0
15:34:47.426433;www.aggloroanne.fr.https;BP-Linux8;53329;P.;1148
15:34:47.426434;BP-Linux8;www.aggloroanne.fr.https;53329;.;0
15:34:47.429902;par21s17-in-f14.1e100.net.https;BP-Linux8;48264;.;0
15:34:47.444728;BP-Linux8;www.aggloroanne.fr.https;53324;.;0
15:34:47.444737;BP-Linux8;www.aggloroanne.fr.https;53325;.;0
15:34:47.444742;BP-Linux8;www.aggloroanne.fr.https;53328;.;0
15:34:47.455278;BP-Linux8;par21s17-in-f14.1e100.net.https;48265;P.;31
15:34:47.455299;BP-Linux8;par21s17-in-f14.1e100.net.https;48265;F.;0
15:34:47.467039;par21s17-in-f14.1e100.net.https;BP-Linux8;48265;.;0
15:34:47.467157;par21s17-in-f14.1e100.net.https;BP-Linux8;48265;F.;0
15:34:47.467161;BP-Linux8;par21s17-in-f14.1e100.net.https;48265;.;0
15:34:47.467168;par21s17-in-f14.1e100.net.https;BP-Linux8;48265;.;0
15:34:47.662626;BP-Linux8;www.aggloroanne.fr.https;53324;P.;466
15:34:47.662820;BP-Linux8;www.aggloroanne.fr.https;53325;P.;463
15:34:47.662999;BP-Linux8;www.aggloroanne.fr.https;53326;P.;464
15:34:47.663165;BP-Linux8;www.aggloroanne.fr.https;53327;P.;464
15:34:47.665400;BP-Linux8;www.aggloroanne.fr.https;53328;P.;473
15:34:47.665578;BP-Linux8;www.aggloroanne.fr.https;53329;P.;467
15:34:47.684226;www.aggloroanne.fr.https;BP-Linux8;53324;.;1448
15:34:47.684239;BP-Linux8;www.aggloroanne.fr.https;53324;.;0
15:34:47.684338;www.aggloroanne.fr.https;BP-Linux8;53324;.;1448
15:34:47.684341;BP-Linux8;www.aggloroanne.fr.https;53324;.;0
15:34:47.684346;www.aggloroanne.fr.https;BP-Linux8;53324;.;1448
15:34:47.684349;BP-Linux8;www.aggloroanne.fr.https;53324;.;0
15:34:47.684390;www.aggloroanne.fr.https;BP-Linux8;53324;.;1448
15:34:47.684391;BP-Linux8;www.aggloroanne.fr.https;53324;.;0
15:34:47.684396;www.aggloroanne.fr.https;BP-Linux8;53324;.;1448
15:34:47.684398;BP-Linux8;www.aggloroanne.fr.https;53324;.;0
15:34:47.684402;www.aggloroanne.fr.https;BP-Linux8;53324;.;1448
15:34:47.684403;BP-Linux8;www.aggloroanne.fr.https;53324;.;0
15:34:47.684502;www.aggloroanne.fr.https;BP-Linux8;53324;.;1448
15:34:47.684506;BP-Linux8;www.aggloroanne.fr.https;53324;.;0
15:34:47.684511;www.aggloroanne.fr.https;BP-Linux8;53324;.;1448
15:34:47.684513;BP-Linux8;www.aggloroanne.fr.https;53324;.;0
15:34:47.684517;www.aggloroanne.fr.https;BP-Linux8;53324;.;1448
15:34:47.684519;BP-Linux8;www.aggloroanne.fr.https;53324;.;0
15:34:47.684522;www.aggloroanne.fr.https;BP-Linux8;53324;.;1448
15:34:47.684525;BP-Linux8;www.aggloroanne.fr.https;53324;.;0
15:34:47.684564;www.aggloroanne.fr.https;BP-Linux8;53324;.;1448
15:34:47.684566;BP-Linux8;www.aggloroanne.fr.https;53324;.;0
15:34:47.684571;www.aggloroanne.fr.https;BP-Linux8;53324;P.;485
15:34:47.684572;BP-Linux8;www.aggloroanne.fr.https;53324;.;0
15:34:47.684576;www.aggloroanne.fr.https;BP-Linux8;53324;.;1448
15:34:47.684577;BP-Linux8;www.aggloroanne.fr.https;53324;.;0
15:34:47.684581;www.aggloroanne.fr.https;BP-Linux8;53324;.;1448
15:34:47.684583;BP-Linux8;www.aggloroanne.fr.https;53324;.;0
15:34:47.684587;www.aggloroanne.fr.https;BP-Linux8;53324;.;1448
15:34:47.684589;BP-Linux8;www.aggloroanne.fr.https;53324;.;0
15:34:47.684593;www.aggloroanne.fr.https;BP-Linux8;53324;P.;729
15:34:47.684594;BP-Linux8;www.aggloroanne.fr.https;53324;.;0
15:34:47.684856;www.aggloroanne.fr.https;BP-Linux8;53327;.;1448
15:34:47.684861;BP-Linux8;www.aggloroanne.fr.https;53327;.;0
15:34:47.684867;www.aggloroanne.fr.https;BP-Linux8;53327;.;1448
15:34:47.684869;BP-Linux8;www.aggloroanne.fr.https;53327;.;0
15:34:47.684961;www.aggloroanne.fr.https;BP-Linux8;53327;.;1448
15:34:47.684963;BP-Linux8;www.aggloroanne.fr.https;53327;.;0
15:34:47.685059;www.aggloroanne.fr.https;BP-Linux8;53327;.;1448
15:34:47.685061;BP-Linux8;www.aggloroanne.fr.https;53327;.;0
15:34:47.685066;www.aggloroanne.fr.https;BP-Linux8;53327;.;1448
15:34:47.685067;BP-Linux8;www.aggloroanne.fr.https;53327;.;0
15:34:47.685072;www.aggloroanne.fr.https;BP-Linux8;53327;.;1448
15:34:47.685073;BP-Linux8;www.aggloroanne.fr.https;53327;.;0
15:34:47.685077;www.aggloroanne.fr.https;BP-Linux8;53327;.;1448
15:34:47.685079;BP-Linux8;www.aggloroanne.fr.https;53327;.;0
15:34:47.685083;www.aggloroanne.fr.https;BP-Linux8;53327;.;1448
15:34:47.685084;BP-Linux8;www.aggloroanne.fr.https;53327;.;0
15:34:47.685088;www.aggloroanne.fr.https;BP-Linux8;53327;.;1448
15:34:47.685090;BP-Linux8;www.aggloroanne.fr.https;53327;.;0
15:34:47.685094;www.aggloroanne.fr.https;BP-Linux8;53325;.;1448
15:34:47.685097;BP-Linux8;www.aggloroanne.fr.https;53325;.;0
15:34:47.685125;www.aggloroanne.fr.https;BP-Linux8;53327;.;1448
15:34:47.685127;BP-Linux8;www.aggloroanne.fr.https;53327;.;0
15:34:47.685182;www.aggloroanne.fr.https;BP-Linux8;53325;.;1448
15:34:47.685184;BP-Linux8;www.aggloroanne.fr.https;53325;.;0
15:34:47.685188;www.aggloroanne.fr.https;BP-Linux8;53325;.;1448
15:34:47.685190;BP-Linux8;www.aggloroanne.fr.https;53325;.;0
15:34:47.685288;www.aggloroanne.fr.https;BP-Linux8;53327;.;1448
15:34:47.685289;BP-Linux8;www.aggloroanne.fr.https;53327;.;0
15:34:47.685294;www.aggloroanne.fr.https;BP-Linux8;53327;.;1448
15:34:47.685296;BP-Linux8;www.aggloroanne.fr.https;53327;.;0
15:34:47.685299;www.aggloroanne.fr.https;BP-Linux8;53327;.;1448
15:34:47.685301;BP-Linux8;www.aggloroanne.fr.https;53327;.;0
15:34:47.685305;www.aggloroanne.fr.https;BP-Linux8;53327;P.;568
15:34:47.685306;BP-Linux8;www.aggloroanne.fr.https;53327;.;0
15:34:47.685310;www.aggloroanne.fr.https;BP-Linux8;53325;.;1448
15:34:47.685312;BP-Linux8;www.aggloroanne.fr.https;53325;.;0
15:34:47.685412;www.aggloroanne.fr.https;BP-Linux8;53325;.;1448
15:34:47.685414;BP-Linux8;www.aggloroanne.fr.https;53325;.;0
15:34:47.685419;www.aggloroanne.fr.https;BP-Linux8;53325;.;1448
15:34:47.685420;BP-Linux8;www.aggloroanne.fr.https;53325;.;0
15:34:47.685424;www.aggloroanne.fr.https;BP-Linux8;53325;.;1448
15:34:47.685425;BP-Linux8;www.aggloroanne.fr.https;53325;.;0
15:34:47.685429;www.aggloroanne.fr.https;BP-Linux8;53325;.;1448
15:34:47.685431;BP-Linux8;www.aggloroanne.fr.https;53325;.;0
15:34:47.685435;www.aggloroanne.fr.https;BP-Linux8;53325;.;1448
15:34:47.685436;BP-Linux8;www.aggloroanne.fr.https;53325;.;0
15:34:47.685440;www.aggloroanne.fr.https;BP-Linux8;53325;.;1448
15:34:47.685442;BP-Linux8;www.aggloroanne.fr.https;53325;.;0
15:34:47.685446;www.aggloroanne.fr.https;BP-Linux8;53326;.;1448
15:34:47.685447;BP-Linux8;www.aggloroanne.fr.https;53326;.;0
15:34:47.685451;www.aggloroanne.fr.https;BP-Linux8;53326;.;1448
15:34:47.685453;BP-Linux8;www.aggloroanne.fr.https;53326;.;0
15:34:47.685457;www.aggloroanne.fr.https;BP-Linux8;53326;.;1448
15:34:47.685459;BP-Linux8;www.aggloroanne.fr.https;53326;.;0
15:34:47.685463;www.aggloroanne.fr.https;BP-Linux8;53326;.;1448
15:34:47.685465;BP-Linux8;www.aggloroanne.fr.https;53326;.;0
15:34:47.685571;www.aggloroanne.fr.https;BP-Linux8;53326;.;1448
15:34:47.685572;BP-Linux8;www.aggloroanne.fr.https;53326;.;0
15:34:47.685577;www.aggloroanne.fr.https;BP-Linux8;53326;.;1448
15:34:47.685578;BP-Linux8;www.aggloroanne.fr.https;53326;.;0
15:34:47.685582;www.aggloroanne.fr.https;BP-Linux8;53326;.;1448
15:34:47.685584;BP-Linux8;www.aggloroanne.fr.https;53326;.;0
15:34:47.685588;www.aggloroanne.fr.https;BP-Linux8;53326;.;1448
15:34:47.685589;BP-Linux8;www.aggloroanne.fr.https;53326;.;0
15:34:47.685593;www.aggloroanne.fr.https;BP-Linux8;53326;.;1448
15:34:47.685595;BP-Linux8;www.aggloroanne.fr.https;53326;.;0
15:34:47.685599;www.aggloroanne.fr.https;BP-Linux8;53326;.;1448
15:34:47.685600;BP-Linux8;www.aggloroanne.fr.https;53326;.;0
15:34:47.685604;www.aggloroanne.fr.https;BP-Linux8;53326;.;1448
15:34:47.685605;BP-Linux8;www.aggloroanne.fr.https;53326;.;0
15:34:47.685609;www.aggloroanne.fr.https;BP-Linux8;53326;P.;485
15:34:47.685610;BP-Linux8;www.aggloroanne.fr.https;53326;.;0
15:34:47.685614;www.aggloroanne.fr.https;BP-Linux8;53325;P.;1108
15:34:47.685615;BP-Linux8;www.aggloroanne.fr.https;53325;.;0
15:34:47.685619;www.aggloroanne.fr.https;BP-Linux8;53326;.;1448
15:34:47.685620;BP-Linux8;www.aggloroanne.fr.https;53326;.;0
15:34:47.685624;www.aggloroanne.fr.https;BP-Linux8;53326;.;1448
15:34:47.685626;BP-Linux8;www.aggloroanne.fr.https;53326;.;0
15:34:47.685629;www.aggloroanne.fr.https;BP-Linux8;53326;.;1448
15:34:47.685631;BP-Linux8;www.aggloroanne.fr.https;53326;.;0
15:34:47.685635;www.aggloroanne.fr.https;BP-Linux8;53326;P.;651
15:34:47.685637;BP-Linux8;www.aggloroanne.fr.https;53326;.;0
15:34:47.686802;www.aggloroanne.fr.https;BP-Linux8;53329;.;1448
15:34:47.686805;BP-Linux8;www.aggloroanne.fr.https;53329;.;0
15:34:47.686811;www.aggloroanne.fr.https;BP-Linux8;53329;.;1448
15:34:47.686813;BP-Linux8;www.aggloroanne.fr.https;53329;.;0
15:34:47.686905;www.aggloroanne.fr.https;BP-Linux8;53329;.;1448
15:34:47.686907;BP-Linux8;www.aggloroanne.fr.https;53329;.;0
15:34:47.686951;www.aggloroanne.fr.https;BP-Linux8;53329;.;1448
15:34:47.686953;BP-Linux8;www.aggloroanne.fr.https;53329;.;0
15:34:47.686958;www.aggloroanne.fr.https;BP-Linux8;53329;.;1448
15:34:47.686959;BP-Linux8;www.aggloroanne.fr.https;53329;.;0
15:34:47.686963;www.aggloroanne.fr.https;BP-Linux8;53329;.;1448
15:34:47.686965;BP-Linux8;www.aggloroanne.fr.https;53329;.;0
15:34:47.687053;www.aggloroanne.fr.https;BP-Linux8;53329;.;1448
15:34:47.687055;BP-Linux8;www.aggloroanne.fr.https;53329;.;0
15:34:47.687224;www.aggloroanne.fr.https;BP-Linux8;53329;.;1448
15:34:47.687226;BP-Linux8;www.aggloroanne.fr.https;53329;.;0
15:34:47.687231;www.aggloroanne.fr.https;BP-Linux8;53329;.;1448
15:34:47.687233;BP-Linux8;www.aggloroanne.fr.https;53329;.;0
15:34:47.687237;www.aggloroanne.fr.https;BP-Linux8;53329;.;1448
15:34:47.687238;BP-Linux8;www.aggloroanne.fr.https;53329;.;0
15:34:47.687320;www.aggloroanne.fr.https;BP-Linux8;53329;.;1448
15:34:47.687322;BP-Linux8;www.aggloroanne.fr.https;53329;.;0
15:34:47.687470;www.aggloroanne.fr.https;BP-Linux8;53329;.;1448
15:34:47.687471;BP-Linux8;www.aggloroanne.fr.https;53329;.;0
15:34:47.687476;www.aggloroanne.fr.https;BP-Linux8;53329;.;1448
15:34:47.687477;BP-Linux8;www.aggloroanne.fr.https;53329;.;0
15:34:47.687481;www.aggloroanne.fr.https;BP-Linux8;53329;P.;1382
15:34:47.687483;BP-Linux8;www.aggloroanne.fr.https;53329;.;0
15:34:47.687572;www.aggloroanne.fr.https;BP-Linux8;53328;.;1448
15:34:47.687574;BP-Linux8;www.aggloroanne.fr.https;53328;.;0
15:34:47.687578;www.aggloroanne.fr.https;BP-Linux8;53328;.;1448
15:34:47.687580;BP-Linux8;www.aggloroanne.fr.https;53328;.;0
15:34:47.687677;www.aggloroanne.fr.https;BP-Linux8;53328;.;1448
15:34:47.687679;BP-Linux8;www.aggloroanne.fr.https;53328;.;0
15:34:47.687683;www.aggloroanne.fr.https;BP-Linux8;53328;.;1448
15:34:47.687685;BP-Linux8;www.aggloroanne.fr.https;53328;.;0
15:34:47.687689;www.aggloroanne.fr.https;BP-Linux8;53328;.;1448
15:34:47.687691;BP-Linux8;www.aggloroanne.fr.https;53328;.;0
15:34:47.687695;www.aggloroanne.fr.https;BP-Linux8;53328;.;1448
15:34:47.687696;BP-Linux8;www.aggloroanne.fr.https;53328;.;0
15:34:47.687700;www.aggloroanne.fr.https;BP-Linux8;53328;.;1448
15:34:47.687702;BP-Linux8;www.aggloroanne.fr.https;53328;.;0
15:34:47.687706;www.aggloroanne.fr.https;BP-Linux8;53328;.;1448
15:34:47.687707;BP-Linux8;www.aggloroanne.fr.https;53328;.;0
15:34:47.687711;www.aggloroanne.fr.https;BP-Linux8;53328;.;1448
15:34:47.687713;BP-Linux8;www.aggloroanne.fr.https;53328;.;0
15:34:47.687717;www.aggloroanne.fr.https;BP-Linux8;53328;.;1448
15:34:47.687718;BP-Linux8;www.aggloroanne.fr.https;53328;.;0
15:34:47.687743;www.aggloroanne.fr.https;BP-Linux8;53328;.;1448
15:34:47.687745;BP-Linux8;www.aggloroanne.fr.https;53328;.;0
15:34:47.687749;www.aggloroanne.fr.https;BP-Linux8;53328;P.;485
15:34:47.687751;BP-Linux8;www.aggloroanne.fr.https;53328;.;0
15:34:47.687755;www.aggloroanne.fr.https;BP-Linux8;53328;.;1448
15:34:47.687756;BP-Linux8;www.aggloroanne.fr.https;53328;.;0
15:34:47.687759;www.aggloroanne.fr.https;BP-Linux8;53328;.;1448
15:34:47.687761;BP-Linux8;www.aggloroanne.fr.https;53328;.;0
15:34:47.687764;www.aggloroanne.fr.https;BP-Linux8;53328;P.;1339
15:34:47.687766;BP-Linux8;www.aggloroanne.fr.https;53328;.;0
15:34:47.724924;BP-Linux8.ssh;192.168.190.130;50245;P.;100
15:34:47.745169;192.168.190.130;BP-Linux8.ssh;50245;.;0
15:34:47.925226;BP-Linux8;par21s23-in-f3.1e100.net.https;53478;P.;172
15:34:47.925428;BP-Linux8;www.aggloroanne.fr.https;53324;P.;471
15:34:47.925604;BP-Linux8;www.aggloroanne.fr.https;53325;P.;468
15:34:47.925785;BP-Linux8;www.aggloroanne.fr.https;53326;P.;467
15:34:47.926003;BP-Linux8;www.aggloroanne.fr.https;53327;P.;466
15:34:47.926301;BP-Linux8;par21s23-in-f3.1e100.net.https;53478;P.;157
15:34:47.926475;BP-Linux8;www.aggloroanne.fr.https;53328;P.;466
15:34:47.926645;BP-Linux8;www.aggloroanne.fr.https;53329;P.;463
15:34:47.926862;BP-Linux8;par21s23-in-f3.1e100.net.https;53478;P.;113
15:34:47.937072;par21s23-in-f3.1e100.net.https;BP-Linux8;53478;.;0
15:34:47.937949;par21s23-in-f3.1e100.net.https;BP-Linux8;53478;P.;138
15:34:47.937956;BP-Linux8;par21s23-in-f3.1e100.net.https;53478;.;0
15:34:47.938089;par21s23-in-f3.1e100.net.https;BP-Linux8;53478;P.;1418
15:34:47.938095;BP-Linux8;par21s23-in-f3.1e100.net.https;53478;.;0
15:34:47.938438;par21s23-in-f3.1e100.net.https;BP-Linux8;53478;.;1418
15:34:47.938444;BP-Linux8;par21s23-in-f3.1e100.net.https;53478;.;0
15:34:47.938559;par21s23-in-f3.1e100.net.https;BP-Linux8;53478;P.;1418
15:34:47.938563;BP-Linux8;par21s23-in-f3.1e100.net.https;53478;.;0
15:34:47.939166;par21s23-in-f3.1e100.net.https;BP-Linux8;53478;.;1418
15:34:47.939173;BP-Linux8;par21s23-in-f3.1e100.net.https;53478;.;0
15:34:47.939180;par21s23-in-f3.1e100.net.https;BP-Linux8;53478;P.;1418
15:34:47.939181;BP-Linux8;par21s23-in-f3.1e100.net.https;53478;.;0
15:34:47.939924;par21s23-in-f3.1e100.net.https;BP-Linux8;53478;.;1418
15:34:47.939934;BP-Linux8;par21s23-in-f3.1e100.net.https;53478;.;0
15:34:47.940027;par21s23-in-f3.1e100.net.https;BP-Linux8;53478;P.;1418
15:34:47.940030;BP-Linux8;par21s23-in-f3.1e100.net.https;53478;.;0
15:34:47.940702;par21s23-in-f3.1e100.net.https;BP-Linux8;53478;.;1418
15:34:47.940705;BP-Linux8;par21s23-in-f3.1e100.net.https;53478;.;0
15:34:47.940711;par21s23-in-f3.1e100.net.https;BP-Linux8;53478;P.;1418
15:34:47.940713;BP-Linux8;par21s23-in-f3.1e100.net.https;53478;.;0
15:34:47.941456;par21s23-in-f3.1e100.net.https;BP-Linux8;53478;.;1418
15:34:47.941463;BP-Linux8;par21s23-in-f3.1e100.net.https;53478;.;0
15:34:47.941576;par21s23-in-f3.1e100.net.https;BP-Linux8;53478;P.;1418
15:34:47.941579;BP-Linux8;par21s23-in-f3.1e100.net.https;53478;.;0
15:34:47.942248;par21s23-in-f3.1e100.net.https;BP-Linux8;53478;.;1418
15:34:47.942251;BP-Linux8;par21s23-in-f3.1e100.net.https;53478;.;0
15:34:47.942256;par21s23-in-f3.1e100.net.https;BP-Linux8;53478;P.;1418
15:34:47.942259;BP-Linux8;par21s23-in-f3.1e100.net.https;53478;.;0
15:34:47.942987;par21s23-in-f3.1e100.net.https;BP-Linux8;53478;.;1418
15:34:47.942993;BP-Linux8;par21s23-in-f3.1e100.net.https;53478;.;0
15:34:47.943107;par21s23-in-f3.1e100.net.https;BP-Linux8;53478;P.;1418
15:34:47.943110;BP-Linux8;par21s23-in-f3.1e100.net.https;53478;.;0
15:34:47.943767;par21s23-in-f3.1e100.net.https;BP-Linux8;53478;.;1418
15:34:47.943770;BP-Linux8;par21s23-in-f3.1e100.net.https;53478;.;0
15:34:47.943775;par21s23-in-f3.1e100.net.https;BP-Linux8;53478;P.;1418
15:34:47.943777;BP-Linux8;par21s23-in-f3.1e100.net.https;53478;.;0
15:34:47.944531;par21s23-in-f3.1e100.net.https;BP-Linux8;53478;.;1418
15:34:47.944539;BP-Linux8;par21s23-in-f3.1e100.net.https;53478;.;0
15:34:47.944653;par21s23-in-f3.1e100.net.https;BP-Linux8;53478;P.;1418
15:34:47.944656;BP-Linux8;par21s23-in-f3.1e100.net.https;53478;.;0
15:34:47.945322;par21s23-in-f3.1e100.net.https;BP-Linux8;53478;.;1418
15:34:47.945326;BP-Linux8;par21s23-in-f3.1e100.net.https;53478;.;0
15:34:47.945447;par21s23-in-f3.1e100.net.https;BP-Linux8;53478;P.;1418
15:34:47.945449;BP-Linux8;par21s23-in-f3.1e100.net.https;53478;.;0
15:34:47.946156;par21s23-in-f3.1e100.net.https;BP-Linux8;53478;.;1418
15:34:47.946163;BP-Linux8;par21s23-in-f3.1e100.net.https;53478;.;0
15:34:47.946274;par21s23-in-f3.1e100.net.https;BP-Linux8;53478;P.;1418
15:34:47.946277;BP-Linux8;par21s23-in-f3.1e100.net.https;53478;.;0
15:34:47.946879;par21s23-in-f3.1e100.net.https;BP-Linux8;53478;.;1418
15:34:47.946885;BP-Linux8;par21s23-in-f3.1e100.net.https;53478;.;0
15:34:47.946892;par21s23-in-f3.1e100.net.https;BP-Linux8;53478;P.;1418
15:34:47.946894;BP-Linux8;par21s23-in-f3.1e100.net.https;53478;.;0
15:34:47.946898;www.aggloroanne.fr.https;BP-Linux8;53324;.;1448
15:34:47.946902;BP-Linux8;www.aggloroanne.fr.https;53324;.;0
15:34:47.946992;www.aggloroanne.fr.https;BP-Linux8;53324;.;1448
15:34:47.946995;BP-Linux8;www.aggloroanne.fr.https;53324;.;0
15:34:47.947062;www.aggloroanne.fr.https;BP-Linux8;53324;.;1448
15:34:47.947064;BP-Linux8;www.aggloroanne.fr.https;53324;.;0
15:34:47.947069;www.aggloroanne.fr.https;BP-Linux8;53324;.;1448
15:34:47.947071;BP-Linux8;www.aggloroanne.fr.https;53324;.;0
15:34:47.947075;www.aggloroanne.fr.https;BP-Linux8;53324;.;1448
15:34:47.947076;BP-Linux8;www.aggloroanne.fr.https;53324;.;0
15:34:47.947080;www.aggloroanne.fr.https;BP-Linux8;53324;.;1448
15:34:47.947082;BP-Linux8;www.aggloroanne.fr.https;53324;.;0
15:34:47.947175;www.aggloroanne.fr.https;BP-Linux8;53324;.;1448
15:34:47.947177;BP-Linux8;www.aggloroanne.fr.https;53324;.;0
15:34:47.947181;www.aggloroanne.fr.https;BP-Linux8;53324;.;1448
15:34:47.947183;BP-Linux8;www.aggloroanne.fr.https;53324;.;0
15:34:47.947187;www.aggloroanne.fr.https;BP-Linux8;53324;.;1448
15:34:47.947189;BP-Linux8;www.aggloroanne.fr.https;53324;.;0
15:34:47.947193;www.aggloroanne.fr.https;BP-Linux8;53324;.;1448
15:34:47.947194;BP-Linux8;www.aggloroanne.fr.https;53324;.;0
15:34:47.947285;www.aggloroanne.fr.https;BP-Linux8;53324;.;1448
15:34:47.947287;BP-Linux8;www.aggloroanne.fr.https;53324;.;0
15:34:47.947292;www.aggloroanne.fr.https;BP-Linux8;53324;.;1448
15:34:47.947294;BP-Linux8;www.aggloroanne.fr.https;53324;.;0
15:34:47.947297;www.aggloroanne.fr.https;BP-Linux8;53324;.;1448
15:34:47.947299;BP-Linux8;www.aggloroanne.fr.https;53324;.;0
15:34:47.947381;www.aggloroanne.fr.https;BP-Linux8;53324;P.;1421
15:34:47.947383;BP-Linux8;www.aggloroanne.fr.https;53324;.;0
15:34:47.947505;www.aggloroanne.fr.https;BP-Linux8;53327;.;1448
15:34:47.947508;BP-Linux8;www.aggloroanne.fr.https;53327;.;0
15:34:47.947597;par21s23-in-f3.1e100.net.https;BP-Linux8;53478;.;1418
15:34:47.947599;BP-Linux8;par21s23-in-f3.1e100.net.https;53478;.;0
15:34:47.947677;www.aggloroanne.fr.https;BP-Linux8;53327;.;1448
15:34:47.947680;BP-Linux8;www.aggloroanne.fr.https;53327;.;0
15:34:47.947685;www.aggloroanne.fr.https;BP-Linux8;53327;.;1448
15:34:47.947686;BP-Linux8;www.aggloroanne.fr.https;53327;.;0
15:34:47.947691;www.aggloroanne.fr.https;BP-Linux8;53327;.;1448
15:34:47.947692;BP-Linux8;www.aggloroanne.fr.https;53327;.;0
15:34:47.947696;www.aggloroanne.fr.https;BP-Linux8;53327;.;1448
15:34:47.947698;BP-Linux8;www.aggloroanne.fr.https;53327;.;0
15:34:47.947702;www.aggloroanne.fr.https;BP-Linux8;53327;.;1448
15:34:47.947704;BP-Linux8;www.aggloroanne.fr.https;53327;.;0
15:34:47.947736;par21s23-in-f3.1e100.net.https;BP-Linux8;53478;P.;1418
15:34:47.947738;BP-Linux8;par21s23-in-f3.1e100.net.https;53478;.;0
15:34:47.947827;www.aggloroanne.fr.https;BP-Linux8;53325;.;1448
15:34:47.947830;BP-Linux8;www.aggloroanne.fr.https;53325;.;0
15:34:47.947919;www.aggloroanne.fr.https;BP-Linux8;53327;.;1448
15:34:47.947921;BP-Linux8;www.aggloroanne.fr.https;53327;.;0
15:34:47.947987;www.aggloroanne.fr.https;BP-Linux8;53325;.;1448
15:34:47.947990;BP-Linux8;www.aggloroanne.fr.https;53325;.;0
15:34:47.947995;www.aggloroanne.fr.https;BP-Linux8;53325;.;1448
15:34:47.947997;BP-Linux8;www.aggloroanne.fr.https;53325;.;0
15:34:47.948001;www.aggloroanne.fr.https;BP-Linux8;53325;.;1448
15:34:47.948002;BP-Linux8;www.aggloroanne.fr.https;53325;.;0
15:34:47.948006;www.aggloroanne.fr.https;BP-Linux8;53325;.;1448
15:34:47.948008;BP-Linux8;www.aggloroanne.fr.https;53325;.;0
15:34:47.948097;www.aggloroanne.fr.https;BP-Linux8;53327;.;1448
15:34:47.948099;BP-Linux8;www.aggloroanne.fr.https;53327;.;0
15:34:47.948104;www.aggloroanne.fr.https;BP-Linux8;53327;.;1448
15:34:47.948106;BP-Linux8;www.aggloroanne.fr.https;53327;.;0
15:34:47.948111;www.aggloroanne.fr.https;BP-Linux8;53327;.;1448
15:34:47.948112;BP-Linux8;www.aggloroanne.fr.https;53327;.;0
15:34:47.948116;www.aggloroanne.fr.https;BP-Linux8;53325;.;1448
15:34:47.948118;BP-Linux8;www.aggloroanne.fr.https;53325;.;0
15:34:47.948122;www.aggloroanne.fr.https;BP-Linux8;53326;.;1448
15:34:47.948125;BP-Linux8;www.aggloroanne.fr.https;53326;.;0
15:34:47.948227;www.aggloroanne.fr.https;BP-Linux8;53326;.;1448
15:34:47.948231;BP-Linux8;www.aggloroanne.fr.https;53326;.;0
15:34:47.948238;www.aggloroanne.fr.https;BP-Linux8;53326;.;1448
15:34:47.948240;BP-Linux8;www.aggloroanne.fr.https;53326;.;0
15:34:47.948244;www.aggloroanne.fr.https;BP-Linux8;53326;.;1448
15:34:47.948245;BP-Linux8;www.aggloroanne.fr.https;53326;.;0
15:34:47.948249;www.aggloroanne.fr.https;BP-Linux8;53326;.;1448
15:34:47.948251;BP-Linux8;www.aggloroanne.fr.https;53326;.;0
15:34:47.948255;www.aggloroanne.fr.https;BP-Linux8;53326;.;1448
15:34:47.948257;BP-Linux8;www.aggloroanne.fr.https;53326;.;0
15:34:47.948261;www.aggloroanne.fr.https;BP-Linux8;53326;.;1448
15:34:47.948262;BP-Linux8;www.aggloroanne.fr.https;53326;.;0
15:34:47.948266;www.aggloroanne.fr.https;BP-Linux8;53326;.;1448
15:34:47.948268;BP-Linux8;www.aggloroanne.fr.https;53326;.;0
15:34:47.948272;www.aggloroanne.fr.https;BP-Linux8;53326;.;1448
15:34:47.948274;BP-Linux8;www.aggloroanne.fr.https;53326;.;0
15:34:47.948278;www.aggloroanne.fr.https;BP-Linux8;53326;.;1448
15:34:47.948279;BP-Linux8;www.aggloroanne.fr.https;53326;.;0
15:34:47.948300;www.aggloroanne.fr.https;BP-Linux8;53326;.;1448
15:34:47.948302;BP-Linux8;www.aggloroanne.fr.https;53326;.;0
15:34:47.948307;www.aggloroanne.fr.https;BP-Linux8;53326;.;1448
15:34:47.948308;BP-Linux8;www.aggloroanne.fr.https;53326;.;0
15:34:47.948312;www.aggloroanne.fr.https;BP-Linux8;53325;.;1448
15:34:47.948314;BP-Linux8;www.aggloroanne.fr.https;53325;.;0
15:34:47.948318;www.aggloroanne.fr.https;BP-Linux8;53325;.;1448
15:34:47.948320;BP-Linux8;www.aggloroanne.fr.https;53325;.;0
15:34:47.948324;www.aggloroanne.fr.https;BP-Linux8;53326;.;1448
15:34:47.948325;BP-Linux8;www.aggloroanne.fr.https;53326;.;0
15:34:47.948329;www.aggloroanne.fr.https;BP-Linux8;53327;.;1448
15:34:47.948330;BP-Linux8;www.aggloroanne.fr.https;53327;.;0
15:34:47.948347;www.aggloroanne.fr.https;BP-Linux8;53325;.;1448
15:34:47.948350;BP-Linux8;www.aggloroanne.fr.https;53325;.;0
15:34:47.948354;www.aggloroanne.fr.https;BP-Linux8;53325;.;1448
15:34:47.948355;BP-Linux8;www.aggloroanne.fr.https;53325;.;0
15:34:47.948360;www.aggloroanne.fr.https;BP-Linux8;53326;P.;853
15:34:47.948361;BP-Linux8;www.aggloroanne.fr.https;53326;.;0
15:34:47.948449;par21s23-in-f3.1e100.net.https;BP-Linux8;53478;.;1418
15:34:47.948451;BP-Linux8;par21s23-in-f3.1e100.net.https;53478;.;0
15:34:47.948455;par21s23-in-f3.1e100.net.https;BP-Linux8;53478;P.;1418
15:34:47.948457;BP-Linux8;par21s23-in-f3.1e100.net.https;53478;.;0
15:34:47.948461;www.aggloroanne.fr.https;BP-Linux8;53327;.;1448
15:34:47.948462;BP-Linux8;www.aggloroanne.fr.https;53327;.;0
15:34:47.948467;www.aggloroanne.fr.https;BP-Linux8;53327;.;1448
15:34:47.948468;BP-Linux8;www.aggloroanne.fr.https;53327;.;0
15:34:47.948472;www.aggloroanne.fr.https;BP-Linux8;53327;.;1448
15:34:47.948474;BP-Linux8;www.aggloroanne.fr.https;53327;.;0
15:34:47.948478;www.aggloroanne.fr.https;BP-Linux8;53325;.;1448
15:34:47.948479;BP-Linux8;www.aggloroanne.fr.https;53325;.;0
15:34:47.948697;www.aggloroanne.fr.https;BP-Linux8;53328;.;1448
15:34:47.948705;BP-Linux8;www.aggloroanne.fr.https;53328;.;0
15:34:47.948994;www.aggloroanne.fr.https;BP-Linux8;53328;.;1448
15:34:47.948997;BP-Linux8;www.aggloroanne.fr.https;53328;.;0
15:34:47.949003;www.aggloroanne.fr.https;BP-Linux8;53328;.;1448
15:34:47.949005;BP-Linux8;www.aggloroanne.fr.https;53328;.;0
15:34:47.949009;www.aggloroanne.fr.https;BP-Linux8;53328;.;1448
15:34:47.949011;BP-Linux8;www.aggloroanne.fr.https;53328;.;0
15:34:47.949015;www.aggloroanne.fr.https;BP-Linux8;53328;.;1448
15:34:47.949016;BP-Linux8;www.aggloroanne.fr.https;53328;.;0
15:34:47.949020;www.aggloroanne.fr.https;BP-Linux8;53328;.;1448
15:34:47.949022;BP-Linux8;www.aggloroanne.fr.https;53328;.;0
15:34:47.949026;www.aggloroanne.fr.https;BP-Linux8;53328;.;1448
15:34:47.949027;BP-Linux8;www.aggloroanne.fr.https;53328;.;0
15:34:47.949031;www.aggloroanne.fr.https;BP-Linux8;53328;.;1448
15:34:47.949033;BP-Linux8;www.aggloroanne.fr.https;53328;.;0
15:34:47.949037;www.aggloroanne.fr.https;BP-Linux8;53328;.;1448
15:34:47.949038;BP-Linux8;www.aggloroanne.fr.https;53328;.;0
15:34:47.949042;www.aggloroanne.fr.https;BP-Linux8;53329;.;1448
15:34:47.949045;BP-Linux8;www.aggloroanne.fr.https;53329;.;0
15:34:47.949049;www.aggloroanne.fr.https;BP-Linux8;53329;.;1448
15:34:47.949051;BP-Linux8;www.aggloroanne.fr.https;53329;.;0
15:34:47.949056;www.aggloroanne.fr.https;BP-Linux8;53329;.;1448
15:34:47.949058;BP-Linux8;www.aggloroanne.fr.https;53329;.;0
15:34:47.949061;www.aggloroanne.fr.https;BP-Linux8;53329;.;1448
15:34:47.949064;BP-Linux8;www.aggloroanne.fr.https;53329;.;0
15:34:47.949068;www.aggloroanne.fr.https;BP-Linux8;53329;.;1448
15:34:47.949069;BP-Linux8;www.aggloroanne.fr.https;53329;.;0
15:34:47.949073;www.aggloroanne.fr.https;BP-Linux8;53329;.;1448
15:34:47.949075;BP-Linux8;www.aggloroanne.fr.https;53329;.;0
15:34:47.949080;www.aggloroanne.fr.https;BP-Linux8;53329;.;1448
15:34:47.949081;BP-Linux8;www.aggloroanne.fr.https;53329;.;0
15:34:47.949086;www.aggloroanne.fr.https;BP-Linux8;53329;.;1448
15:34:47.949087;BP-Linux8;www.aggloroanne.fr.https;53329;.;0
15:34:47.949091;www.aggloroanne.fr.https;BP-Linux8;53328;.;1448
15:34:47.949093;BP-Linux8;www.aggloroanne.fr.https;53328;.;0
15:34:47.949097;www.aggloroanne.fr.https;BP-Linux8;53328;.;1448
15:34:47.949099;BP-Linux8;www.aggloroanne.fr.https;53328;.;0
15:34:47.949114;www.aggloroanne.fr.https;BP-Linux8;53328;.;1448
15:34:47.949117;BP-Linux8;www.aggloroanne.fr.https;53328;.;0
15:34:47.949121;www.aggloroanne.fr.https;BP-Linux8;53328;.;1448
15:34:47.949122;BP-Linux8;www.aggloroanne.fr.https;53328;.;0
15:34:47.949126;www.aggloroanne.fr.https;BP-Linux8;53328;P.;654
15:34:47.949128;BP-Linux8;www.aggloroanne.fr.https;53328;.;0
15:34:47.949131;www.aggloroanne.fr.https;BP-Linux8;53329;.;1448
15:34:47.949133;BP-Linux8;www.aggloroanne.fr.https;53329;.;0
15:34:47.949137;www.aggloroanne.fr.https;BP-Linux8;53329;.;1448
15:34:47.949138;BP-Linux8;www.aggloroanne.fr.https;53329;.;0
15:34:47.949149;par21s23-in-f3.1e100.net.https;BP-Linux8;53478;.;1418
15:34:47.949151;BP-Linux8;par21s23-in-f3.1e100.net.https;53478;.;0
15:34:47.949206;www.aggloroanne.fr.https;BP-Linux8;53329;.;1448
15:34:47.949210;BP-Linux8;www.aggloroanne.fr.https;53329;.;0
15:34:47.949216;www.aggloroanne.fr.https;BP-Linux8;53329;.;1448
15:34:47.949217;BP-Linux8;www.aggloroanne.fr.https;53329;.;0
15:34:47.949268;par21s23-in-f3.1e100.net.https;BP-Linux8;53478;P.;1418
15:34:47.949273;BP-Linux8;par21s23-in-f3.1e100.net.https;53478;.;0
15:34:47.949336;www.aggloroanne.fr.https;BP-Linux8;53329;.;1448
15:34:47.949338;BP-Linux8;www.aggloroanne.fr.https;53329;.;0
15:34:47.949344;www.aggloroanne.fr.https;BP-Linux8;53329;P.;580
15:34:47.949345;BP-Linux8;www.aggloroanne.fr.https;53329;.;0
15:34:47.949924;par21s23-in-f3.1e100.net.https;BP-Linux8;53478;.;1418
15:34:47.949931;BP-Linux8;par21s23-in-f3.1e100.net.https;53478;.;0
15:34:47.949938;par21s23-in-f3.1e100.net.https;BP-Linux8;53478;P.;1418
15:34:47.949941;BP-Linux8;par21s23-in-f3.1e100.net.https;53478;.;0
15:34:47.959478;par21s23-in-f3.1e100.net.https;BP-Linux8;53478;.;1418
15:34:47.959486;BP-Linux8;par21s23-in-f3.1e100.net.https;53478;.;0
15:34:47.959654;par21s23-in-f3.1e100.net.https;BP-Linux8;53478;.;1418
15:34:47.959657;BP-Linux8;par21s23-in-f3.1e100.net.https;53478;.;0
15:34:47.960345;par21s23-in-f3.1e100.net.https;BP-Linux8;53478;.;1418
15:34:47.960353;BP-Linux8;par21s23-in-f3.1e100.net.https;53478;.;0
15:34:47.960361;par21s23-in-f3.1e100.net.https;BP-Linux8;53478;P.;1418
15:34:47.960363;BP-Linux8;par21s23-in-f3.1e100.net.https;53478;.;0
15:34:47.961097;par21s23-in-f3.1e100.net.https;BP-Linux8;53478;.;1418
15:34:47.961104;BP-Linux8;par21s23-in-f3.1e100.net.https;53478;.;0
15:34:47.961219;par21s23-in-f3.1e100.net.https;BP-Linux8;53478;P.;1418
15:34:47.961224;BP-Linux8;par21s23-in-f3.1e100.net.https;53478;.;0
15:34:47.961765;par21s23-in-f3.1e100.net.https;BP-Linux8;53478;.;1418
15:34:47.961770;BP-Linux8;par21s23-in-f3.1e100.net.https;53478;.;0
15:34:47.961777;par21s23-in-f3.1e100.net.https;BP-Linux8;53478;P.;790
15:34:47.961779;BP-Linux8;par21s23-in-f3.1e100.net.https;53478;.;0
15:34:47.966369;www.aggloroanne.fr.https;BP-Linux8;53327;P.;989
15:34:47.966375;BP-Linux8;www.aggloroanne.fr.https;53327;.;0
15:34:47.966778;www.aggloroanne.fr.https;BP-Linux8;53325;.;1448
15:34:47.966783;BP-Linux8;www.aggloroanne.fr.https;53325;.;0
15:34:47.966915;www.aggloroanne.fr.https;BP-Linux8;53325;.;1448
15:34:47.966918;BP-Linux8;www.aggloroanne.fr.https;53325;.;0
15:34:47.966924;www.aggloroanne.fr.https;BP-Linux8;53325;P.;1418
15:34:47.966926;BP-Linux8;www.aggloroanne.fr.https;53325;.;0
15:34:47.977728;BP-Linux8;par21s23-in-f3.1e100.net.https;53478;P.;46
15:34:47.994674;par21s23-in-f3.1e100.net.https;BP-Linux8;53478;.;0
15:34:48.041018;BP-Linux8;www.aggloroanne.fr.https;53324;P.;466
15:34:48.041206;BP-Linux8;www.aggloroanne.fr.https;53325;P.;465
15:34:48.041376;BP-Linux8;www.aggloroanne.fr.https;53326;P.;479
15:34:48.041543;BP-Linux8;www.aggloroanne.fr.https;53327;P.;464
15:34:48.044811;BP-Linux8;www.aggloroanne.fr.https;53328;P.;465
15:34:48.044980;BP-Linux8;www.aggloroanne.fr.https;53329;P.;465
15:34:48.063089;www.aggloroanne.fr.https;BP-Linux8;53324;.;1448
15:34:48.063102;BP-Linux8;www.aggloroanne.fr.https;53324;.;0
15:34:48.063199;www.aggloroanne.fr.https;BP-Linux8;53324;.;1448
15:34:48.063202;BP-Linux8;www.aggloroanne.fr.https;53324;.;0
15:34:48.063208;www.aggloroanne.fr.https;BP-Linux8;53324;.;1448
15:34:48.063210;BP-Linux8;www.aggloroanne.fr.https;53324;.;0
15:34:48.063225;www.aggloroanne.fr.https;BP-Linux8;53324;.;1448
15:34:48.063227;BP-Linux8;www.aggloroanne.fr.https;53324;.;0
15:34:48.063323;www.aggloroanne.fr.https;BP-Linux8;53325;.;1448
15:34:48.063328;BP-Linux8;www.aggloroanne.fr.https;53325;.;0
15:34:48.063334;www.aggloroanne.fr.https;BP-Linux8;53324;.;1448
15:34:48.063336;BP-Linux8;www.aggloroanne.fr.https;53324;.;0
15:34:48.063340;www.aggloroanne.fr.https;BP-Linux8;53324;.;1448
15:34:48.063342;BP-Linux8;www.aggloroanne.fr.https;53324;.;0
15:34:48.063434;www.aggloroanne.fr.https;BP-Linux8;53325;.;1448
15:34:48.063438;www.aggloroanne.fr.https;BP-Linux8;53325;.;1448
15:34:48.063554;www.aggloroanne.fr.https;BP-Linux8;53325;.;1448
15:34:48.063556;www.aggloroanne.fr.https;BP-Linux8;53324;.;1448
15:34:48.063559;BP-Linux8;www.aggloroanne.fr.https;53324;.;0
15:34:48.063565;www.aggloroanne.fr.https;BP-Linux8;53325;.;1448
15:34:48.063566;www.aggloroanne.fr.https;BP-Linux8;53325;.;1448
15:34:48.063568;www.aggloroanne.fr.https;BP-Linux8;53325;.;1448
15:34:48.063569;www.aggloroanne.fr.https;BP-Linux8;53325;.;1448
15:34:48.063570;www.aggloroanne.fr.https;BP-Linux8;53325;.;1448
15:34:48.063572;www.aggloroanne.fr.https;BP-Linux8;53325;.;1448
15:34:48.063658;www.aggloroanne.fr.https;BP-Linux8;53324;.;1448
15:34:48.063659;www.aggloroanne.fr.https;BP-Linux8;53324;.;1448
15:34:48.063661;www.aggloroanne.fr.https;BP-Linux8;53324;.;1448
15:34:48.063663;www.aggloroanne.fr.https;BP-Linux8;53324;.;1448
15:34:48.063665;www.aggloroanne.fr.https;BP-Linux8;53324;.;1448
15:34:48.063666;www.aggloroanne.fr.https;BP-Linux8;53324;.;1448
15:34:48.063667;www.aggloroanne.fr.https;BP-Linux8;53324;P.;1233
15:34:48.063669;www.aggloroanne.fr.https;BP-Linux8;53326;.;1448
15:34:48.063672;BP-Linux8;www.aggloroanne.fr.https;53326;.;0
15:34:48.063721;www.aggloroanne.fr.https;BP-Linux8;53326;.;1448
15:34:48.063723;www.aggloroanne.fr.https;BP-Linux8;53325;.;1448
15:34:48.063725;www.aggloroanne.fr.https;BP-Linux8;53325;.;1448
15:34:48.063726;www.aggloroanne.fr.https;BP-Linux8;53325;.;1448
15:34:48.063728;www.aggloroanne.fr.https;BP-Linux8;53325;P.;577
15:34:48.063861;www.aggloroanne.fr.https;BP-Linux8;53326;.;1448
15:34:48.063865;www.aggloroanne.fr.https;BP-Linux8;53327;.;1448
15:34:48.063870;BP-Linux8;www.aggloroanne.fr.https;53327;.;0
15:34:48.063877;www.aggloroanne.fr.https;BP-Linux8;53326;.;1448
15:34:48.063878;www.aggloroanne.fr.https;BP-Linux8;53326;.;1448
15:34:48.063880;www.aggloroanne.fr.https;BP-Linux8;53326;.;1448
15:34:48.063881;www.aggloroanne.fr.https;BP-Linux8;53326;.;1448
15:34:48.063969;www.aggloroanne.fr.https;BP-Linux8;53326;.;1448
15:34:48.063972;www.aggloroanne.fr.https;BP-Linux8;53327;.;1448
15:34:48.063975;BP-Linux8;www.aggloroanne.fr.https;53327;.;0
15:34:48.063982;www.aggloroanne.fr.https;BP-Linux8;53326;.;1448
15:34:48.063983;www.aggloroanne.fr.https;BP-Linux8;53327;.;1448
15:34:48.063985;BP-Linux8;www.aggloroanne.fr.https;53327;.;0
15:34:48.063989;www.aggloroanne.fr.https;BP-Linux8;53326;.;1448
15:34:48.063990;www.aggloroanne.fr.https;BP-Linux8;53327;.;1448
15:34:48.063992;BP-Linux8;www.aggloroanne.fr.https;53327;.;0
15:34:48.064003;www.aggloroanne.fr.https;BP-Linux8;53327;.;1448
15:34:48.064004;BP-Linux8;www.aggloroanne.fr.https;53327;.;0
15:34:48.064009;www.aggloroanne.fr.https;BP-Linux8;53327;.;1448
15:34:48.064010;BP-Linux8;www.aggloroanne.fr.https;53327;.;0
15:34:48.064085;www.aggloroanne.fr.https;BP-Linux8;53327;.;1448
15:34:48.064088;BP-Linux8;www.aggloroanne.fr.https;53327;.;0
15:34:48.064094;www.aggloroanne.fr.https;BP-Linux8;53327;.;1448
15:34:48.064095;BP-Linux8;www.aggloroanne.fr.https;53327;.;0
15:34:48.064145;www.aggloroanne.fr.https;BP-Linux8;53326;.;1448
15:34:48.064211;www.aggloroanne.fr.https;BP-Linux8;53327;.;1448
15:34:48.064215;BP-Linux8;www.aggloroanne.fr.https;53327;.;0
15:34:48.064221;www.aggloroanne.fr.https;BP-Linux8;53327;.;1448
15:34:48.064223;BP-Linux8;www.aggloroanne.fr.https;53327;.;0
15:34:48.064289;www.aggloroanne.fr.https;BP-Linux8;53326;.;1448
15:34:48.064292;www.aggloroanne.fr.https;BP-Linux8;53326;.;1448
15:34:48.064293;www.aggloroanne.fr.https;BP-Linux8;53326;P.;1092
15:34:48.064329;www.aggloroanne.fr.https;BP-Linux8;53327;.;1448
15:34:48.064332;BP-Linux8;www.aggloroanne.fr.https;53327;.;0
15:34:48.064338;www.aggloroanne.fr.https;BP-Linux8;53327;P.;1321
15:34:48.064340;BP-Linux8;www.aggloroanne.fr.https;53327;.;0
15:34:48.066282;www.aggloroanne.fr.https;BP-Linux8;53328;.;1448
15:34:48.066290;BP-Linux8;www.aggloroanne.fr.https;53328;.;0
15:34:48.066579;www.aggloroanne.fr.https;BP-Linux8;53328;.;1448
15:34:48.066584;www.aggloroanne.fr.https;BP-Linux8;53328;.;1448
15:34:48.066586;www.aggloroanne.fr.https;BP-Linux8;53328;.;1448
15:34:48.066587;www.aggloroanne.fr.https;BP-Linux8;53328;.;1448
15:34:48.066589;www.aggloroanne.fr.https;BP-Linux8;53328;.;1448
15:34:48.066590;www.aggloroanne.fr.https;BP-Linux8;53328;.;1448
15:34:48.066592;www.aggloroanne.fr.https;BP-Linux8;53328;.;1448
15:34:48.066593;www.aggloroanne.fr.https;BP-Linux8;53328;.;1448
15:34:48.066594;www.aggloroanne.fr.https;BP-Linux8;53328;.;1448
15:34:48.066596;www.aggloroanne.fr.https;BP-Linux8;53328;.;1448
15:34:48.066597;www.aggloroanne.fr.https;BP-Linux8;53328;.;1448
15:34:48.066599;www.aggloroanne.fr.https;BP-Linux8;53329;.;1448
15:34:48.066603;BP-Linux8;www.aggloroanne.fr.https;53329;.;0
15:34:48.066610;www.aggloroanne.fr.https;BP-Linux8;53329;.;1448
15:34:48.066612;BP-Linux8;www.aggloroanne.fr.https;53329;.;0
15:34:48.066616;www.aggloroanne.fr.https;BP-Linux8;53329;.;1448
15:34:48.066618;BP-Linux8;www.aggloroanne.fr.https;53329;.;0
15:34:48.066622;www.aggloroanne.fr.https;BP-Linux8;53328;.;1448
15:34:48.066642;www.aggloroanne.fr.https;BP-Linux8;53328;.;1448
15:34:48.066644;www.aggloroanne.fr.https;BP-Linux8;53329;.;1448
15:34:48.066645;BP-Linux8;www.aggloroanne.fr.https;53329;.;0
15:34:48.066650;www.aggloroanne.fr.https;BP-Linux8;53329;.;1448
15:34:48.066651;BP-Linux8;www.aggloroanne.fr.https;53329;.;0
15:34:48.066655;www.aggloroanne.fr.https;BP-Linux8;53329;.;1448
15:34:48.066657;BP-Linux8;www.aggloroanne.fr.https;53329;.;0
15:34:48.066661;www.aggloroanne.fr.https;BP-Linux8;53329;.;1448
15:34:48.066663;BP-Linux8;www.aggloroanne.fr.https;53329;.;0
15:34:48.066810;www.aggloroanne.fr.https;BP-Linux8;53329;.;1448
15:34:48.066814;BP-Linux8;www.aggloroanne.fr.https;53329;.;0
15:34:48.066820;www.aggloroanne.fr.https;BP-Linux8;53329;.;1448
15:34:48.066821;BP-Linux8;www.aggloroanne.fr.https;53329;.;0
15:34:48.066826;www.aggloroanne.fr.https;BP-Linux8;53329;.;1448
15:34:48.066828;BP-Linux8;www.aggloroanne.fr.https;53329;.;0
15:34:48.066829;www.aggloroanne.fr.https;BP-Linux8;53328;P.;842
15:34:48.066921;www.aggloroanne.fr.https;BP-Linux8;53329;.;1448
15:34:48.066923;BP-Linux8;www.aggloroanne.fr.https;53329;.;0
15:34:48.067066;www.aggloroanne.fr.https;BP-Linux8;53329;.;1448
15:34:48.067068;BP-Linux8;www.aggloroanne.fr.https;53329;.;0
15:34:48.067156;www.aggloroanne.fr.https;BP-Linux8;53329;P.;260
15:34:48.093869;BP-Linux8;www.aggloroanne.fr.https;53324;.;0
15:34:48.096073;BP-Linux8;www.aggloroanne.fr.https;53325;.;0
15:34:48.100729;BP-Linux8;www.aggloroanne.fr.https;53326;.;0
15:34:48.104730;BP-Linux8;www.aggloroanne.fr.https;53328;.;0
15:34:48.104744;BP-Linux8;www.aggloroanne.fr.https;53329;.;0
15:34:48.117231;BP-Linux8;par21s23-in-f3.1e100.net.https;53478;P.;113
15:34:48.129069;par21s23-in-f3.1e100.net.https;BP-Linux8;53478;.;0
15:34:48.130037;par21s23-in-f3.1e100.net.https;BP-Linux8;53478;P.;138
15:34:48.130171;par21s23-in-f3.1e100.net.https;BP-Linux8;53478;P.;1418
15:34:48.130177;BP-Linux8;par21s23-in-f3.1e100.net.https;53478;.;0
15:34:48.130431;par21s23-in-f3.1e100.net.https;BP-Linux8;53478;.;1418
15:34:48.130554;par21s23-in-f3.1e100.net.https;BP-Linux8;53478;P.;1418
15:34:48.130557;BP-Linux8;par21s23-in-f3.1e100.net.https;53478;.;0
15:34:48.131187;par21s23-in-f3.1e100.net.https;BP-Linux8;53478;.;1418
15:34:48.131190;par21s23-in-f3.1e100.net.https;BP-Linux8;53478;P.;1418
15:34:48.131192;BP-Linux8;par21s23-in-f3.1e100.net.https;53478;.;0
15:34:48.131904;par21s23-in-f3.1e100.net.https;BP-Linux8;53478;.;1418
15:34:48.132021;par21s23-in-f3.1e100.net.https;BP-Linux8;53478;P.;1418
15:34:48.132655;par21s23-in-f3.1e100.net.https;BP-Linux8;53478;.;1418
15:34:48.132658;par21s23-in-f3.1e100.net.https;BP-Linux8;53478;P.;1418
15:34:48.133368;par21s23-in-f3.1e100.net.https;BP-Linux8;53478;.;1418
15:34:48.133490;par21s23-in-f3.1e100.net.https;BP-Linux8;53478;P.;1418
15:34:48.134070;par21s23-in-f3.1e100.net.https;BP-Linux8;53478;P.;821
15:34:48.137457;BP-Linux8;par21s23-in-f3.1e100.net.https;53478;.;0
15:34:48.144908;BP-Linux8;www.aggloroanne.fr.https;53324;P.;477
15:34:48.145560;BP-Linux8;www.aggloroanne.fr.https;53325;P.;466
15:34:48.145724;BP-Linux8;www.aggloroanne.fr.https;53326;P.;465
15:34:48.148498;BP-Linux8;www.aggloroanne.fr.https;53327;P.;465
15:34:48.148659;BP-Linux8;www.aggloroanne.fr.https;53328;P.;472
15:34:48.148835;BP-Linux8;www.aggloroanne.fr.https;53329;P.;478
15:34:48.165985;www.aggloroanne.fr.https;BP-Linux8;53324;.;1448
15:34:48.166152;www.aggloroanne.fr.https;BP-Linux8;53324;.;1448
15:34:48.166157;www.aggloroanne.fr.https;BP-Linux8;53324;.;1448
15:34:48.166159;www.aggloroanne.fr.https;BP-Linux8;53324;.;1448
15:34:48.166160;www.aggloroanne.fr.https;BP-Linux8;53324;.;1448
15:34:48.166162;www.aggloroanne.fr.https;BP-Linux8;53324;.;1448
15:34:48.166227;www.aggloroanne.fr.https;BP-Linux8;53324;.;1448
15:34:48.166381;www.aggloroanne.fr.https;BP-Linux8;53324;.;1448
15:34:48.166385;www.aggloroanne.fr.https;BP-Linux8;53324;.;1448
15:34:48.166387;www.aggloroanne.fr.https;BP-Linux8;53324;.;1448
15:34:48.166499;www.aggloroanne.fr.https;BP-Linux8;53324;.;1448
15:34:48.166502;www.aggloroanne.fr.https;BP-Linux8;53324;.;1448
15:34:48.166629;www.aggloroanne.fr.https;BP-Linux8;53324;.;1448
15:34:48.166632;www.aggloroanne.fr.https;BP-Linux8;53324;P.;475
15:34:48.166634;www.aggloroanne.fr.https;BP-Linux8;53326;.;1448
15:34:48.166837;www.aggloroanne.fr.https;BP-Linux8;53326;.;1448
15:34:48.166841;www.aggloroanne.fr.https;BP-Linux8;53326;.;1448
15:34:48.166842;www.aggloroanne.fr.https;BP-Linux8;53326;.;1448
15:34:48.166844;www.aggloroanne.fr.https;BP-Linux8;53326;.;1448
15:34:48.166846;www.aggloroanne.fr.https;BP-Linux8;53326;.;1448
15:34:48.166847;www.aggloroanne.fr.https;BP-Linux8;53325;.;1448
15:34:48.166996;www.aggloroanne.fr.https;BP-Linux8;53326;.;1448
15:34:48.167000;www.aggloroanne.fr.https;BP-Linux8;53325;.;1448
15:34:48.167002;www.aggloroanne.fr.https;BP-Linux8;53325;.;1448
15:34:48.167004;www.aggloroanne.fr.https;BP-Linux8;53325;.;1448
15:34:48.167005;www.aggloroanne.fr.https;BP-Linux8;53325;.;1448
15:34:48.167007;www.aggloroanne.fr.https;BP-Linux8;53325;.;1448
15:34:48.167133;www.aggloroanne.fr.https;BP-Linux8;53326;.;1448
15:34:48.167136;www.aggloroanne.fr.https;BP-Linux8;53326;.;1448
15:34:48.167138;www.aggloroanne.fr.https;BP-Linux8;53326;.;1448
15:34:48.167139;www.aggloroanne.fr.https;BP-Linux8;53325;.;1448
15:34:48.167141;www.aggloroanne.fr.https;BP-Linux8;53325;.;1448
15:34:48.167143;www.aggloroanne.fr.https;BP-Linux8;53325;.;1448
15:34:48.167144;www.aggloroanne.fr.https;BP-Linux8;53325;.;1448
15:34:48.167217;www.aggloroanne.fr.https;BP-Linux8;53326;.;1448
15:34:48.167220;www.aggloroanne.fr.https;BP-Linux8;53326;.;1448
15:34:48.167221;www.aggloroanne.fr.https;BP-Linux8;53326;.;1448
15:34:48.167223;www.aggloroanne.fr.https;BP-Linux8;53326;.;1448
15:34:48.167324;www.aggloroanne.fr.https;BP-Linux8;53326;.;1448
15:34:48.167327;www.aggloroanne.fr.https;BP-Linux8;53326;P.;1409
15:34:48.167329;www.aggloroanne.fr.https;BP-Linux8;53325;.;1448
15:34:48.167461;www.aggloroanne.fr.https;BP-Linux8;53325;.;1448
15:34:48.167464;www.aggloroanne.fr.https;BP-Linux8;53325;.;1448
15:34:48.167465;www.aggloroanne.fr.https;BP-Linux8;53325;.;1448
15:34:48.167561;www.aggloroanne.fr.https;BP-Linux8;53325;.;1448
15:34:48.167564;www.aggloroanne.fr.https;BP-Linux8;53325;P.;302
15:34:48.169900;www.aggloroanne.fr.https;BP-Linux8;53327;.;1448
15:34:48.169911;BP-Linux8;www.aggloroanne.fr.https;53327;.;0
15:34:48.170013;www.aggloroanne.fr.https;BP-Linux8;53327;.;1448
15:34:48.170017;BP-Linux8;www.aggloroanne.fr.https;53327;.;0
15:34:48.170058;www.aggloroanne.fr.https;BP-Linux8;53327;.;1448
15:34:48.170059;BP-Linux8;www.aggloroanne.fr.https;53327;.;0
15:34:48.170065;www.aggloroanne.fr.https;BP-Linux8;53327;.;1448
15:34:48.170067;BP-Linux8;www.aggloroanne.fr.https;53327;.;0
15:34:48.170072;www.aggloroanne.fr.https;BP-Linux8;53327;.;1448
15:34:48.170074;BP-Linux8;www.aggloroanne.fr.https;53327;.;0
15:34:48.170165;www.aggloroanne.fr.https;BP-Linux8;53327;.;1448
15:34:48.170167;BP-Linux8;www.aggloroanne.fr.https;53327;.;0
15:34:48.170173;www.aggloroanne.fr.https;BP-Linux8;53327;.;1448
15:34:48.170174;BP-Linux8;www.aggloroanne.fr.https;53327;.;0
15:34:48.170178;www.aggloroanne.fr.https;BP-Linux8;53327;.;1448
15:34:48.170180;BP-Linux8;www.aggloroanne.fr.https;53327;.;0
15:34:48.170275;www.aggloroanne.fr.https;BP-Linux8;53327;.;1448
15:34:48.170277;BP-Linux8;www.aggloroanne.fr.https;53327;.;0
15:34:48.170283;www.aggloroanne.fr.https;BP-Linux8;53327;.;1448
15:34:48.170284;BP-Linux8;www.aggloroanne.fr.https;53327;.;0
15:34:48.170318;www.aggloroanne.fr.https;BP-Linux8;53327;.;1448
15:34:48.170321;BP-Linux8;www.aggloroanne.fr.https;53327;.;0
15:34:48.170326;www.aggloroanne.fr.https;BP-Linux8;53327;.;1448
15:34:48.170327;BP-Linux8;www.aggloroanne.fr.https;53327;.;0
15:34:48.170331;www.aggloroanne.fr.https;BP-Linux8;53329;.;1448
15:34:48.170334;BP-Linux8;www.aggloroanne.fr.https;53329;.;0
15:34:48.170427;www.aggloroanne.fr.https;BP-Linux8;53327;.;1448
15:34:48.170429;BP-Linux8;www.aggloroanne.fr.https;53327;.;0
15:34:48.170434;www.aggloroanne.fr.https;BP-Linux8;53327;P.;1247
15:34:48.170436;BP-Linux8;www.aggloroanne.fr.https;53327;.;0
15:34:48.170439;www.aggloroanne.fr.https;BP-Linux8;53329;.;1448
15:34:48.170441;www.aggloroanne.fr.https;BP-Linux8;53329;.;1448
15:34:48.170468;www.aggloroanne.fr.https;BP-Linux8;53329;.;1448
15:34:48.170469;www.aggloroanne.fr.https;BP-Linux8;53329;.;1448
15:34:48.170470;www.aggloroanne.fr.https;BP-Linux8;53329;.;1448
15:34:48.170561;www.aggloroanne.fr.https;BP-Linux8;53329;.;1448
15:34:48.170768;www.aggloroanne.fr.https;BP-Linux8;53329;.;1448
15:34:48.170770;www.aggloroanne.fr.https;BP-Linux8;53329;.;1448
15:34:48.170772;www.aggloroanne.fr.https;BP-Linux8;53329;.;1448
15:34:48.170773;www.aggloroanne.fr.https;BP-Linux8;53328;.;1448
15:34:48.170776;www.aggloroanne.fr.https;BP-Linux8;53328;.;1448
15:34:48.170777;www.aggloroanne.fr.https;BP-Linux8;53328;.;1448
15:34:48.170779;www.aggloroanne.fr.https;BP-Linux8;53328;.;1448
15:34:48.170821;www.aggloroanne.fr.https;BP-Linux8;53328;.;1448
15:34:48.170822;www.aggloroanne.fr.https;BP-Linux8;53328;.;1448
15:34:48.170999;www.aggloroanne.fr.https;BP-Linux8;53329;.;1448
15:34:48.171001;www.aggloroanne.fr.https;BP-Linux8;53329;.;1448
15:34:48.171002;www.aggloroanne.fr.https;BP-Linux8;53329;.;1448
15:34:48.171004;www.aggloroanne.fr.https;BP-Linux8;53329;.;1448
15:34:48.171005;www.aggloroanne.fr.https;BP-Linux8;53328;.;1448
15:34:48.171007;www.aggloroanne.fr.https;BP-Linux8;53328;.;1448
15:34:48.171095;www.aggloroanne.fr.https;BP-Linux8;53328;.;1448
15:34:48.171097;www.aggloroanne.fr.https;BP-Linux8;53328;.;1448
15:34:48.171099;www.aggloroanne.fr.https;BP-Linux8;53329;P.;1059
15:34:48.171100;www.aggloroanne.fr.https;BP-Linux8;53328;.;1448
15:34:48.171199;www.aggloroanne.fr.https;BP-Linux8;53328;.;1448
15:34:48.171201;www.aggloroanne.fr.https;BP-Linux8;53328;.;1448
15:34:48.171202;www.aggloroanne.fr.https;BP-Linux8;53328;P.;661
15:34:48.188682;BP-Linux8;par21s23-in-f3.1e100.net.https;53478;P.;46
15:34:48.204728;BP-Linux8;www.aggloroanne.fr.https;53324;.;0
15:34:48.204738;BP-Linux8;www.aggloroanne.fr.https;53326;.;0
15:34:48.204743;BP-Linux8;www.aggloroanne.fr.https;53325;.;0
15:34:48.205661;par21s23-in-f3.1e100.net.https;BP-Linux8;53478;.;0
15:34:48.208728;BP-Linux8;www.aggloroanne.fr.https;53329;.;0
15:34:48.208738;BP-Linux8;www.aggloroanne.fr.https;53328;.;0
15:34:48.211591;BP-Linux8;par21s23-in-f3.1e100.net.https;53478;P.;98
15:34:48.215749;www.aggloroanne.fr.https;BP-Linux8;53325;P.;302
15:34:48.215755;BP-Linux8;www.aggloroanne.fr.https;53325;.;0
15:34:48.215817;www.aggloroanne.fr.https;BP-Linux8;53324;P.;475
15:34:48.215819;BP-Linux8;www.aggloroanne.fr.https;53324;.;0
15:34:48.219821;www.aggloroanne.fr.https;BP-Linux8;53326;P.;1409
15:34:48.219828;BP-Linux8;www.aggloroanne.fr.https;53326;.;0
15:34:48.223437;par21s23-in-f3.1e100.net.https;BP-Linux8;53478;.;0
15:34:48.224429;par21s23-in-f3.1e100.net.https;BP-Linux8;53478;P.;137
15:34:48.224565;par21s23-in-f3.1e100.net.https;BP-Linux8;53478;P.;1418
15:34:48.224570;BP-Linux8;par21s23-in-f3.1e100.net.https;53478;.;0
15:34:48.224827;par21s23-in-f3.1e100.net.https;BP-Linux8;53478;.;1418
15:34:48.224947;par21s23-in-f3.1e100.net.https;BP-Linux8;53478;P.;1418
15:34:48.225560;par21s23-in-f3.1e100.net.https;BP-Linux8;53478;.;1418
15:34:48.225682;par21s23-in-f3.1e100.net.https;BP-Linux8;53478;P.;1418
15:34:48.226292;par21s23-in-f3.1e100.net.https;BP-Linux8;53478;.;1418
15:34:48.226412;par21s23-in-f3.1e100.net.https;BP-Linux8;53478;P.;1418
15:34:48.227020;par21s23-in-f3.1e100.net.https;BP-Linux8;53478;.;1418
15:34:48.227143;par21s23-in-f3.1e100.net.https;BP-Linux8;53478;P.;1418
15:34:48.227768;par21s23-in-f3.1e100.net.https;BP-Linux8;53478;.;1418
15:34:48.227808;www.aggloroanne.fr.https;BP-Linux8;53328;P.;661
15:34:48.227813;BP-Linux8;www.aggloroanne.fr.https;53328;.;0
15:34:48.227891;par21s23-in-f3.1e100.net.https;BP-Linux8;53478;P.;1418
15:34:48.228496;par21s23-in-f3.1e100.net.https;BP-Linux8;53478;.;1418
15:34:48.228613;par21s23-in-f3.1e100.net.https;BP-Linux8;53478;P.;1418
15:34:48.229218;par21s23-in-f3.1e100.net.https;BP-Linux8;53478;.;1418
15:34:48.229334;par21s23-in-f3.1e100.net.https;BP-Linux8;53478;P.;1418
15:34:48.229983;par21s23-in-f3.1e100.net.https;BP-Linux8;53478;.;1418
15:34:48.230075;par21s23-in-f3.1e100.net.https;BP-Linux8;53478;P.;861
15:34:48.256822;BP-Linux8;www.aggloroanne.fr.https;53324;P.;481
15:34:48.259579;BP-Linux8;www.aggloroanne.fr.https;53325;P.;481
15:34:48.259771;BP-Linux8;www.aggloroanne.fr.https;53326;P.;482
15:34:48.259944;BP-Linux8;www.aggloroanne.fr.https;53327;P.;482
15:34:48.260114;BP-Linux8;www.aggloroanne.fr.https;53328;P.;478
15:34:48.260277;BP-Linux8;www.aggloroanne.fr.https;53329;P.;477
15:34:48.260439;BP-Linux8;par21s23-in-f3.1e100.net.https;53478;.;0
15:34:48.265687;par21s23-in-f3.1e100.net.https;BP-Linux8;53478;P.;861
15:34:48.265695;BP-Linux8;par21s23-in-f3.1e100.net.https;53478;.;0
15:34:48.278046;www.aggloroanne.fr.https;BP-Linux8;53324;.;1448
15:34:48.278056;BP-Linux8;www.aggloroanne.fr.https;53324;.;0
15:34:48.278278;www.aggloroanne.fr.https;BP-Linux8;53324;.;1448
15:34:48.278281;BP-Linux8;www.aggloroanne.fr.https;53324;.;0
15:34:48.278287;www.aggloroanne.fr.https;BP-Linux8;53324;.;1448
15:34:48.278288;BP-Linux8;www.aggloroanne.fr.https;53324;.;0
15:34:48.278293;www.aggloroanne.fr.https;BP-Linux8;53324;.;1448
15:34:48.278295;BP-Linux8;www.aggloroanne.fr.https;53324;.;0
15:34:48.278298;www.aggloroanne.fr.https;BP-Linux8;53324;.;1448
15:34:48.278300;BP-Linux8;www.aggloroanne.fr.https;53324;.;0
15:34:48.278305;www.aggloroanne.fr.https;BP-Linux8;53324;.;1448
15:34:48.278306;BP-Linux8;www.aggloroanne.fr.https;53324;.;0
15:34:48.278310;www.aggloroanne.fr.https;BP-Linux8;53324;.;1448
15:34:48.278312;BP-Linux8;www.aggloroanne.fr.https;53324;.;0
15:34:48.278316;www.aggloroanne.fr.https;BP-Linux8;53324;.;1448
15:34:48.278319;BP-Linux8;www.aggloroanne.fr.https;53324;.;0
15:34:48.278323;www.aggloroanne.fr.https;BP-Linux8;53324;.;1448
15:34:48.278325;BP-Linux8;www.aggloroanne.fr.https;53324;.;0
15:34:48.278329;www.aggloroanne.fr.https;BP-Linux8;53324;.;1448
15:34:48.278331;BP-Linux8;www.aggloroanne.fr.https;53324;.;0
15:34:48.278422;www.aggloroanne.fr.https;BP-Linux8;53324;.;1448
15:34:48.278423;BP-Linux8;www.aggloroanne.fr.https;53324;.;0
15:34:48.278579;www.aggloroanne.fr.https;BP-Linux8;53324;.;1448
15:34:48.278580;BP-Linux8;www.aggloroanne.fr.https;53324;.;0
15:34:48.278585;www.aggloroanne.fr.https;BP-Linux8;53324;.;1448
15:34:48.278587;BP-Linux8;www.aggloroanne.fr.https;53324;.;0
15:34:48.278591;www.aggloroanne.fr.https;BP-Linux8;53324;.;1448
15:34:48.278592;BP-Linux8;www.aggloroanne.fr.https;53324;.;0
15:34:48.278724;www.aggloroanne.fr.https;BP-Linux8;53324;P.;490
15:34:48.282431;www.aggloroanne.fr.https;BP-Linux8;53326;.;1448
15:34:48.282439;BP-Linux8;www.aggloroanne.fr.https;53326;.;0
15:34:48.282621;www.aggloroanne.fr.https;BP-Linux8;53326;.;1448
15:34:48.282624;BP-Linux8;www.aggloroanne.fr.https;53326;.;0
15:34:48.282629;www.aggloroanne.fr.https;BP-Linux8;53326;.;1448
15:34:48.282631;BP-Linux8;www.aggloroanne.fr.https;53326;.;0
15:34:48.282635;www.aggloroanne.fr.https;BP-Linux8;53326;.;1448
15:34:48.282636;BP-Linux8;www.aggloroanne.fr.https;53326;.;0
15:34:48.282640;www.aggloroanne.fr.https;BP-Linux8;53326;.;1448
15:34:48.282642;BP-Linux8;www.aggloroanne.fr.https;53326;.;0
15:34:48.282646;www.aggloroanne.fr.https;BP-Linux8;53326;.;1448
15:34:48.282647;BP-Linux8;www.aggloroanne.fr.https;53326;.;0
15:34:48.282651;www.aggloroanne.fr.https;BP-Linux8;53326;.;1448
15:34:48.282653;BP-Linux8;www.aggloroanne.fr.https;53326;.;0
15:34:48.282756;www.aggloroanne.fr.https;BP-Linux8;53325;.;1448
15:34:48.282758;BP-Linux8;www.aggloroanne.fr.https;53325;.;0
15:34:48.282763;www.aggloroanne.fr.https;BP-Linux8;53326;.;1448
15:34:48.282765;BP-Linux8;www.aggloroanne.fr.https;53326;.;0
15:34:48.282769;www.aggloroanne.fr.https;BP-Linux8;53326;.;1448
15:34:48.282770;BP-Linux8;www.aggloroanne.fr.https;53326;.;0
15:34:48.282774;www.aggloroanne.fr.https;BP-Linux8;53326;.;1448
15:34:48.282775;BP-Linux8;www.aggloroanne.fr.https;53326;.;0
15:34:48.282780;www.aggloroanne.fr.https;BP-Linux8;53326;.;1448
15:34:48.282781;BP-Linux8;www.aggloroanne.fr.https;53326;.;0
15:34:48.282785;www.aggloroanne.fr.https;BP-Linux8;53326;.;1448
15:34:48.282787;BP-Linux8;www.aggloroanne.fr.https;53326;.;0
15:34:48.282791;www.aggloroanne.fr.https;BP-Linux8;53326;.;1448
15:34:48.282793;BP-Linux8;www.aggloroanne.fr.https;53326;.;0
15:34:48.282797;www.aggloroanne.fr.https;BP-Linux8;53326;.;1448
15:34:48.282798;BP-Linux8;www.aggloroanne.fr.https;53326;.;0
15:34:48.282802;www.aggloroanne.fr.https;BP-Linux8;53326;P.;196
15:34:48.282804;www.aggloroanne.fr.https;BP-Linux8;53327;.;1448
15:34:48.282806;BP-Linux8;www.aggloroanne.fr.https;53327;.;0
15:34:48.282834;www.aggloroanne.fr.https;BP-Linux8;53327;.;1448
15:34:48.282836;BP-Linux8;www.aggloroanne.fr.https;53327;.;0
15:34:48.282840;www.aggloroanne.fr.https;BP-Linux8;53325;.;1448
15:34:48.282841;BP-Linux8;www.aggloroanne.fr.https;53325;.;0
15:34:48.282845;www.aggloroanne.fr.https;BP-Linux8;53325;.;1448
15:34:48.282847;BP-Linux8;www.aggloroanne.fr.https;53325;.;0
15:34:48.282851;www.aggloroanne.fr.https;BP-Linux8;53325;.;1448
15:34:48.282852;BP-Linux8;www.aggloroanne.fr.https;53325;.;0
15:34:48.282856;www.aggloroanne.fr.https;BP-Linux8;53325;.;1448
15:34:48.282858;BP-Linux8;www.aggloroanne.fr.https;53325;.;0
15:34:48.282862;www.aggloroanne.fr.https;BP-Linux8;53325;.;1448
15:34:48.282863;BP-Linux8;www.aggloroanne.fr.https;53325;.;0
15:34:48.282930;www.aggloroanne.fr.https;BP-Linux8;53328;.;1448
15:34:48.282934;BP-Linux8;www.aggloroanne.fr.https;53328;.;0
15:34:48.282938;www.aggloroanne.fr.https;BP-Linux8;53328;.;1448
15:34:48.282940;BP-Linux8;www.aggloroanne.fr.https;53328;.;0
15:34:48.282944;www.aggloroanne.fr.https;BP-Linux8;53327;.;1448
15:34:48.282945;BP-Linux8;www.aggloroanne.fr.https;53327;.;0
15:34:48.282949;www.aggloroanne.fr.https;BP-Linux8;53327;.;1448
15:34:48.282951;www.aggloroanne.fr.https;BP-Linux8;53327;.;1448
15:34:48.282952;www.aggloroanne.fr.https;BP-Linux8;53327;.;1448
15:34:48.283041;www.aggloroanne.fr.https;BP-Linux8;53325;.;1448
15:34:48.283043;BP-Linux8;www.aggloroanne.fr.https;53325;.;0
15:34:48.283047;www.aggloroanne.fr.https;BP-Linux8;53328;.;1448
15:34:48.283049;BP-Linux8;www.aggloroanne.fr.https;53328;.;0
15:34:48.283053;www.aggloroanne.fr.https;BP-Linux8;53328;.;1448
15:34:48.283054;BP-Linux8;www.aggloroanne.fr.https;53328;.;0
15:34:48.283058;www.aggloroanne.fr.https;BP-Linux8;53327;.;1448
15:34:48.283059;www.aggloroanne.fr.https;BP-Linux8;53327;.;1448
15:34:48.283061;www.aggloroanne.fr.https;BP-Linux8;53327;.;1448
15:34:48.283062;www.aggloroanne.fr.https;BP-Linux8;53327;.;1448
15:34:48.283149;www.aggloroanne.fr.https;BP-Linux8;53325;.;1448
15:34:48.283152;BP-Linux8;www.aggloroanne.fr.https;53325;.;0
15:34:48.283157;www.aggloroanne.fr.https;BP-Linux8;53325;.;1448
15:34:48.283159;BP-Linux8;www.aggloroanne.fr.https;53325;.;0
15:34:48.283163;www.aggloroanne.fr.https;BP-Linux8;53328;.;1448
15:34:48.283164;BP-Linux8;www.aggloroanne.fr.https;53328;.;0
15:34:48.283168;www.aggloroanne.fr.https;BP-Linux8;53325;.;1448
15:34:48.283170;BP-Linux8;www.aggloroanne.fr.https;53325;.;0
15:34:48.283173;www.aggloroanne.fr.https;BP-Linux8;53328;.;1448
15:34:48.283175;BP-Linux8;www.aggloroanne.fr.https;53328;.;0
15:34:48.283264;www.aggloroanne.fr.https;BP-Linux8;53325;.;1448
15:34:48.283265;BP-Linux8;www.aggloroanne.fr.https;53325;.;0
15:34:48.283270;www.aggloroanne.fr.https;BP-Linux8;53325;.;1448
15:34:48.283271;BP-Linux8;www.aggloroanne.fr.https;53325;.;0
15:34:48.283275;www.aggloroanne.fr.https;BP-Linux8;53325;.;1448
15:34:48.283277;BP-Linux8;www.aggloroanne.fr.https;53325;.;0
15:34:48.283281;www.aggloroanne.fr.https;BP-Linux8;53327;.;1448
15:34:48.283337;www.aggloroanne.fr.https;BP-Linux8;53328;.;1448
15:34:48.283340;BP-Linux8;www.aggloroanne.fr.https;53328;.;0
15:34:48.283345;www.aggloroanne.fr.https;BP-Linux8;53325;.;1448
15:34:48.283346;BP-Linux8;www.aggloroanne.fr.https;53325;.;0
15:34:48.283406;www.aggloroanne.fr.https;BP-Linux8;53327;.;1448
15:34:48.283407;www.aggloroanne.fr.https;BP-Linux8;53327;.;1448
15:34:48.283409;www.aggloroanne.fr.https;BP-Linux8;53327;.;1448
15:34:48.283561;www.aggloroanne.fr.https;BP-Linux8;53328;.;1448
15:34:48.283564;BP-Linux8;www.aggloroanne.fr.https;53328;.;0
15:34:48.283569;www.aggloroanne.fr.https;BP-Linux8;53328;.;1448
15:34:48.283571;BP-Linux8;www.aggloroanne.fr.https;53328;.;0
15:34:48.283574;www.aggloroanne.fr.https;BP-Linux8;53328;.;1448
15:34:48.283576;BP-Linux8;www.aggloroanne.fr.https;53328;.;0
15:34:48.283580;www.aggloroanne.fr.https;BP-Linux8;53325;P.;156
15:34:48.283581;www.aggloroanne.fr.https;BP-Linux8;53328;.;1448
15:34:48.283583;BP-Linux8;www.aggloroanne.fr.https;53328;.;0
15:34:48.283587;www.aggloroanne.fr.https;BP-Linux8;53328;.;1448
15:34:48.283588;BP-Linux8;www.aggloroanne.fr.https;53328;.;0
15:34:48.283592;www.aggloroanne.fr.https;BP-Linux8;53328;.;1448
15:34:48.283594;BP-Linux8;www.aggloroanne.fr.https;53328;.;0
15:34:48.283598;www.aggloroanne.fr.https;BP-Linux8;53328;.;1448
15:34:48.283599;BP-Linux8;www.aggloroanne.fr.https;53328;.;0
15:34:48.283603;www.aggloroanne.fr.https;BP-Linux8;53327;.;1448
15:34:48.283605;www.aggloroanne.fr.https;BP-Linux8;53327;P.;664
15:34:48.283826;www.aggloroanne.fr.https;BP-Linux8;53328;P.;685
15:34:48.284471;www.aggloroanne.fr.https;BP-Linux8;53329;.;1448
15:34:48.284666;www.aggloroanne.fr.https;BP-Linux8;53329;.;1448
15:34:48.284668;www.aggloroanne.fr.https;BP-Linux8;53329;.;1448
15:34:48.284669;www.aggloroanne.fr.https;BP-Linux8;53329;.;1448
15:34:48.284671;www.aggloroanne.fr.https;BP-Linux8;53329;.;1448
15:34:48.284672;www.aggloroanne.fr.https;BP-Linux8;53329;.;1448
15:34:48.284673;www.aggloroanne.fr.https;BP-Linux8;53329;.;1448
15:34:48.284761;www.aggloroanne.fr.https;BP-Linux8;53329;.;1448
15:34:48.284762;www.aggloroanne.fr.https;BP-Linux8;53329;.;1448
15:34:48.284764;www.aggloroanne.fr.https;BP-Linux8;53329;.;1448
15:34:48.284765;www.aggloroanne.fr.https;BP-Linux8;53329;.;1448
15:34:48.284871;www.aggloroanne.fr.https;BP-Linux8;53329;.;1448
15:34:48.284872;www.aggloroanne.fr.https;BP-Linux8;53329;.;1448
15:34:48.284874;www.aggloroanne.fr.https;BP-Linux8;53329;.;1448
15:34:48.284996;www.aggloroanne.fr.https;BP-Linux8;53329;.;1448
15:34:48.285110;www.aggloroanne.fr.https;BP-Linux8;53329;P.;623
15:34:48.316727;BP-Linux8;www.aggloroanne.fr.https;53324;.;0
15:34:48.320728;BP-Linux8;www.aggloroanne.fr.https;53326;.;0
15:34:48.320738;BP-Linux8;www.aggloroanne.fr.https;53327;.;0
15:34:48.320739;BP-Linux8;www.aggloroanne.fr.https;53325;.;0
15:34:48.320745;BP-Linux8;www.aggloroanne.fr.https;53328;.;0
15:34:48.320750;BP-Linux8;www.aggloroanne.fr.https;53329;.;0
15:34:48.323293;BP-Linux8;par21s23-in-f3.1e100.net.https;53478;P.;46
15:34:48.339733;par21s23-in-f3.1e100.net.https;BP-Linux8;53478;.;0
15:34:48.379898;BP-Linux8;www.aggloroanne.fr.https;53324;P.;482
15:34:48.380293;BP-Linux8;www.aggloroanne.fr.https;53325;P.;480
15:34:48.380653;BP-Linux8;www.aggloroanne.fr.https;53326;P.;481
15:34:48.381020;BP-Linux8;www.aggloroanne.fr.https;53327;P.;470
15:34:48.381369;BP-Linux8;www.aggloroanne.fr.https;53328;P.;479
15:34:48.381542;BP-Linux8;www.aggloroanne.fr.https;53329;P.;482
15:34:48.402040;www.aggloroanne.fr.https;BP-Linux8;53324;.;1448
15:34:48.402238;www.aggloroanne.fr.https;BP-Linux8;53324;.;1448
15:34:48.402243;www.aggloroanne.fr.https;BP-Linux8;53324;.;1448
15:34:48.402245;www.aggloroanne.fr.https;BP-Linux8;53324;.;1448
15:34:48.402247;www.aggloroanne.fr.https;BP-Linux8;53324;.;1448
15:34:48.402249;www.aggloroanne.fr.https;BP-Linux8;53324;.;1448
15:34:48.402251;www.aggloroanne.fr.https;BP-Linux8;53325;.;1448
15:34:48.402254;www.aggloroanne.fr.https;BP-Linux8;53325;.;1448
15:34:48.402273;www.aggloroanne.fr.https;BP-Linux8;53324;.;1448
15:34:48.402291;BP-Linux8;www.aggloroanne.fr.https;53324;.;0
15:34:48.402312;BP-Linux8;www.aggloroanne.fr.https;53325;.;0
15:34:48.402371;www.aggloroanne.fr.https;BP-Linux8;53325;.;1448
15:34:48.402374;www.aggloroanne.fr.https;BP-Linux8;53325;.;1448
15:34:48.402378;BP-Linux8;www.aggloroanne.fr.https;53325;.;0
15:34:48.402384;www.aggloroanne.fr.https;BP-Linux8;53325;.;1448
15:34:48.402386;www.aggloroanne.fr.https;BP-Linux8;53325;.;1448
15:34:48.402388;www.aggloroanne.fr.https;BP-Linux8;53325;.;1448
15:34:48.402439;www.aggloroanne.fr.https;BP-Linux8;53324;.;1448
15:34:48.402440;www.aggloroanne.fr.https;BP-Linux8;53324;.;1448
15:34:48.402442;www.aggloroanne.fr.https;BP-Linux8;53324;.;1448
15:34:48.402443;www.aggloroanne.fr.https;BP-Linux8;53325;.;1448
15:34:48.402578;www.aggloroanne.fr.https;BP-Linux8;53324;.;1448
15:34:48.402581;www.aggloroanne.fr.https;BP-Linux8;53324;.;1448
15:34:48.402582;www.aggloroanne.fr.https;BP-Linux8;53325;.;1448
15:34:48.402584;www.aggloroanne.fr.https;BP-Linux8;53325;.;1448
15:34:48.402585;www.aggloroanne.fr.https;BP-Linux8;53325;.;1448
15:34:48.402638;www.aggloroanne.fr.https;BP-Linux8;53324;P.;940
15:34:48.402687;www.aggloroanne.fr.https;BP-Linux8;53325;.;1448
15:34:48.402823;www.aggloroanne.fr.https;BP-Linux8;53325;.;1448
15:34:48.402826;www.aggloroanne.fr.https;BP-Linux8;53325;P.;1331
15:34:48.402893;www.aggloroanne.fr.https;BP-Linux8;53326;.;1448
15:34:48.403057;www.aggloroanne.fr.https;BP-Linux8;53326;.;1448
15:34:48.403060;www.aggloroanne.fr.https;BP-Linux8;53326;.;1448
15:34:48.403061;www.aggloroanne.fr.https;BP-Linux8;53326;.;1448
15:34:48.403063;www.aggloroanne.fr.https;BP-Linux8;53326;.;1448
15:34:48.403295;www.aggloroanne.fr.https;BP-Linux8;53326;.;1448
15:34:48.403297;www.aggloroanne.fr.https;BP-Linux8;53326;.;1448
15:34:48.403299;www.aggloroanne.fr.https;BP-Linux8;53326;.;1448
15:34:48.403300;www.aggloroanne.fr.https;BP-Linux8;53326;.;1448
15:34:48.403301;www.aggloroanne.fr.https;BP-Linux8;53326;.;1448
15:34:48.403303;www.aggloroanne.fr.https;BP-Linux8;53326;.;1448
15:34:48.403304;www.aggloroanne.fr.https;BP-Linux8;53326;.;1448
15:34:48.403306;www.aggloroanne.fr.https;BP-Linux8;53326;.;1448
15:34:48.403307;www.aggloroanne.fr.https;BP-Linux8;53327;.;1448
15:34:48.403310;www.aggloroanne.fr.https;BP-Linux8;53327;.;1448
15:34:48.403311;www.aggloroanne.fr.https;BP-Linux8;53326;.;1448
15:34:48.403313;www.aggloroanne.fr.https;BP-Linux8;53326;.;1448
15:34:48.403472;www.aggloroanne.fr.https;BP-Linux8;53327;.;1448
15:34:48.403475;www.aggloroanne.fr.https;BP-Linux8;53327;.;1448
15:34:48.403476;www.aggloroanne.fr.https;BP-Linux8;53327;.;1448
15:34:48.403477;www.aggloroanne.fr.https;BP-Linux8;53327;.;1448
15:34:48.403479;www.aggloroanne.fr.https;BP-Linux8;53327;.;1448
15:34:48.403481;www.aggloroanne.fr.https;BP-Linux8;53327;.;1448
15:34:48.403482;www.aggloroanne.fr.https;BP-Linux8;53327;.;1448
15:34:48.403483;www.aggloroanne.fr.https;BP-Linux8;53327;.;1448
15:34:48.403485;www.aggloroanne.fr.https;BP-Linux8;53328;.;1448
15:34:48.403487;www.aggloroanne.fr.https;BP-Linux8;53326;P.;383
15:34:48.403489;www.aggloroanne.fr.https;BP-Linux8;53327;.;1448
15:34:48.403490;www.aggloroanne.fr.https;BP-Linux8;53327;.;1448
15:34:48.403491;www.aggloroanne.fr.https;BP-Linux8;53327;.;1448
15:34:48.403493;www.aggloroanne.fr.https;BP-Linux8;53327;.;1448
15:34:48.403494;www.aggloroanne.fr.https;BP-Linux8;53327;P.;187
15:34:48.403546;www.aggloroanne.fr.https;BP-Linux8;53328;.;1448
15:34:48.403548;www.aggloroanne.fr.https;BP-Linux8;53328;.;1448
15:34:48.403550;www.aggloroanne.fr.https;BP-Linux8;53328;.;1448
15:34:48.403551;www.aggloroanne.fr.https;BP-Linux8;53328;.;1448
15:34:48.403685;www.aggloroanne.fr.https;BP-Linux8;53328;.;1448
15:34:48.403687;www.aggloroanne.fr.https;BP-Linux8;53328;.;1448
15:34:48.403688;www.aggloroanne.fr.https;BP-Linux8;53328;.;1448
15:34:48.403690;www.aggloroanne.fr.https;BP-Linux8;53328;.;1448
15:34:48.403691;www.aggloroanne.fr.https;BP-Linux8;53328;.;1448
15:34:48.403838;www.aggloroanne.fr.https;BP-Linux8;53328;.;1448
15:34:48.404032;www.aggloroanne.fr.https;BP-Linux8;53328;.;1448
15:34:48.404034;www.aggloroanne.fr.https;BP-Linux8;53328;P.;1408
15:34:48.404035;www.aggloroanne.fr.https;BP-Linux8;53329;.;1448
15:34:48.404038;www.aggloroanne.fr.https;BP-Linux8;53329;.;1448
15:34:48.404039;www.aggloroanne.fr.https;BP-Linux8;53329;.;1448
15:34:48.404041;www.aggloroanne.fr.https;BP-Linux8;53329;.;1448
15:34:48.404128;www.aggloroanne.fr.https;BP-Linux8;53329;.;1448
15:34:48.404130;www.aggloroanne.fr.https;BP-Linux8;53329;.;1448
15:34:48.404131;www.aggloroanne.fr.https;BP-Linux8;53329;.;1448
15:34:48.404133;www.aggloroanne.fr.https;BP-Linux8;53329;.;1448
15:34:48.404224;www.aggloroanne.fr.https;BP-Linux8;53329;.;1448
15:34:48.404225;www.aggloroanne.fr.https;BP-Linux8;53329;.;1448
15:34:48.404348;www.aggloroanne.fr.https;BP-Linux8;53329;.;1448
15:34:48.404350;www.aggloroanne.fr.https;BP-Linux8;53329;.;1448
15:34:48.404471;www.aggloroanne.fr.https;BP-Linux8;53329;.;1448
15:34:48.404474;www.aggloroanne.fr.https;BP-Linux8;53329;.;1448
15:34:48.404566;www.aggloroanne.fr.https;BP-Linux8;53329;P.;227
15:34:48.404765;BP-Linux8;www.aggloroanne.fr.https;53324;.;0
15:34:48.406181;BP-Linux8;www.aggloroanne.fr.https;53325;.;0
15:34:48.407318;BP-Linux8;www.aggloroanne.fr.https;53326;.;0
15:34:48.408530;BP-Linux8;www.aggloroanne.fr.https;53327;.;0
15:34:48.421351;BP-Linux8;www.aggloroanne.fr.https;53328;.;0
15:34:48.427497;BP-Linux8;www.aggloroanne.fr.https;53329;.;0
15:34:48.433434;BP-Linux8;www.aggloroanne.fr.https;53324;P.;464
15:34:48.433615;BP-Linux8;www.aggloroanne.fr.https;53325;P.;470
15:34:48.433784;BP-Linux8;www.aggloroanne.fr.https;53326;P.;467
15:34:48.433949;BP-Linux8;www.aggloroanne.fr.https;53327;P.;464
15:34:48.434114;BP-Linux8;www.aggloroanne.fr.https;53328;P.;458
15:34:48.434276;BP-Linux8;www.aggloroanne.fr.https;53329;P.;458
15:34:48.454638;www.aggloroanne.fr.https;BP-Linux8;53325;.;1448
15:34:48.454920;www.aggloroanne.fr.https;BP-Linux8;53325;.;1448
15:34:48.454926;BP-Linux8;www.aggloroanne.fr.https;53325;.;0
15:34:48.454945;www.aggloroanne.fr.https;BP-Linux8;53325;.;1448
15:34:48.454948;www.aggloroanne.fr.https;BP-Linux8;53325;.;1448
15:34:48.454949;www.aggloroanne.fr.https;BP-Linux8;53325;.;1448
15:34:48.454951;www.aggloroanne.fr.https;BP-Linux8;53325;.;1448
15:34:48.454953;www.aggloroanne.fr.https;BP-Linux8;53325;.;1448
15:34:48.454954;www.aggloroanne.fr.https;BP-Linux8;53325;.;1448
15:34:48.454955;www.aggloroanne.fr.https;BP-Linux8;53325;.;1448
15:34:48.454957;www.aggloroanne.fr.https;BP-Linux8;53325;.;1448
15:34:48.454959;www.aggloroanne.fr.https;BP-Linux8;53325;.;1448
15:34:48.454961;www.aggloroanne.fr.https;BP-Linux8;53325;.;1448
15:34:48.454962;www.aggloroanne.fr.https;BP-Linux8;53325;.;1448
15:34:48.454963;www.aggloroanne.fr.https;BP-Linux8;53325;.;1448
15:34:48.454993;BP-Linux8;www.aggloroanne.fr.https;53325;.;0
15:34:48.455006;www.aggloroanne.fr.https;BP-Linux8;53325;P.;685
15:34:48.455412;www.aggloroanne.fr.https;BP-Linux8;53329;.;1448
15:34:48.455603;www.aggloroanne.fr.https;BP-Linux8;53329;.;1448
15:34:48.455605;www.aggloroanne.fr.https;BP-Linux8;53329;.;1448
15:34:48.455606;www.aggloroanne.fr.https;BP-Linux8;53329;.;1448
15:34:48.455608;www.aggloroanne.fr.https;BP-Linux8;53329;.;1448
15:34:48.455609;www.aggloroanne.fr.https;BP-Linux8;53329;.;1448
15:34:48.455610;www.aggloroanne.fr.https;BP-Linux8;53324;.;1448
15:34:48.455675;www.aggloroanne.fr.https;BP-Linux8;53326;.;1448
15:34:48.455678;www.aggloroanne.fr.https;BP-Linux8;53324;.;1448
15:34:48.455679;www.aggloroanne.fr.https;BP-Linux8;53324;.;1448
15:34:48.455953;www.aggloroanne.fr.https;BP-Linux8;53326;.;1448
15:34:48.455956;www.aggloroanne.fr.https;BP-Linux8;53324;.;1448
15:34:48.455958;www.aggloroanne.fr.https;BP-Linux8;53326;.;1448
15:34:48.455959;www.aggloroanne.fr.https;BP-Linux8;53324;.;1448
15:34:48.455961;www.aggloroanne.fr.https;BP-Linux8;53326;.;1448
15:34:48.455962;www.aggloroanne.fr.https;BP-Linux8;53324;.;1448
15:34:48.455963;www.aggloroanne.fr.https;BP-Linux8;53326;.;1448
15:34:48.455965;www.aggloroanne.fr.https;BP-Linux8;53324;.;1448
15:34:48.455966;www.aggloroanne.fr.https;BP-Linux8;53326;.;1448
15:34:48.455968;www.aggloroanne.fr.https;BP-Linux8;53326;.;1448
15:34:48.455969;www.aggloroanne.fr.https;BP-Linux8;53326;.;1448
15:34:48.455971;www.aggloroanne.fr.https;BP-Linux8;53327;.;1448
15:34:48.455973;www.aggloroanne.fr.https;BP-Linux8;53326;.;1448
15:34:48.455974;www.aggloroanne.fr.https;BP-Linux8;53329;.;1448
15:34:48.455976;www.aggloroanne.fr.https;BP-Linux8;53326;.;1448
15:34:48.456128;www.aggloroanne.fr.https;BP-Linux8;53329;P.;478
15:34:48.456129;www.aggloroanne.fr.https;BP-Linux8;53326;.;1448
15:34:48.456131;www.aggloroanne.fr.https;BP-Linux8;53324;.;1448
15:34:48.456132;www.aggloroanne.fr.https;BP-Linux8;53326;.;1448
15:34:48.456134;www.aggloroanne.fr.https;BP-Linux8;53324;.;1448
15:34:48.456135;www.aggloroanne.fr.https;BP-Linux8;53327;.;1448
15:34:48.456137;www.aggloroanne.fr.https;BP-Linux8;53326;.;1448
15:34:48.456138;www.aggloroanne.fr.https;BP-Linux8;53324;.;1448
15:34:48.456140;www.aggloroanne.fr.https;BP-Linux8;53327;.;1448
15:34:48.456141;www.aggloroanne.fr.https;BP-Linux8;53324;.;1448
15:34:48.456143;www.aggloroanne.fr.https;BP-Linux8;53327;.;1448
15:34:48.456144;www.aggloroanne.fr.https;BP-Linux8;53324;.;1448
15:34:48.456145;www.aggloroanne.fr.https;BP-Linux8;53327;.;1448
15:34:48.456146;www.aggloroanne.fr.https;BP-Linux8;53328;.;1448
15:34:48.456149;www.aggloroanne.fr.https;BP-Linux8;53327;.;1448
15:34:48.456301;www.aggloroanne.fr.https;BP-Linux8;53327;.;1448
15:34:48.456304;www.aggloroanne.fr.https;BP-Linux8;53327;.;1448
15:34:48.456306;www.aggloroanne.fr.https;BP-Linux8;53326;.;1448
15:34:48.456307;www.aggloroanne.fr.https;BP-Linux8;53328;.;1448
15:34:48.456309;www.aggloroanne.fr.https;BP-Linux8;53327;.;1448
15:34:48.456310;www.aggloroanne.fr.https;BP-Linux8;53326;P.;523
15:34:48.456312;www.aggloroanne.fr.https;BP-Linux8;53328;.;1448
15:34:48.456313;www.aggloroanne.fr.https;BP-Linux8;53328;.;1448
15:34:48.456314;www.aggloroanne.fr.https;BP-Linux8;53328;.;1448
15:34:48.456316;www.aggloroanne.fr.https;BP-Linux8;53328;.;1448
15:34:48.456317;www.aggloroanne.fr.https;BP-Linux8;53327;.;1448
15:34:48.456318;www.aggloroanne.fr.https;BP-Linux8;53327;.;1448
15:34:48.456320;www.aggloroanne.fr.https;BP-Linux8;53324;P.;894
15:34:48.456321;www.aggloroanne.fr.https;BP-Linux8;53327;P.;950
15:34:48.456322;www.aggloroanne.fr.https;BP-Linux8;53328;.;1448
15:34:48.456324;www.aggloroanne.fr.https;BP-Linux8;53328;P.;478
15:34:48.457269;BP-Linux8;www.aggloroanne.fr.https;53325;P.;458
15:34:48.457346;BP-Linux8;www.aggloroanne.fr.https;53324;.;0
15:34:48.458392;BP-Linux8;www.aggloroanne.fr.https;53326;.;0
15:34:48.459544;BP-Linux8;www.aggloroanne.fr.https;53327;.;0
15:34:48.460486;BP-Linux8;www.aggloroanne.fr.https;53328;.;0
15:34:48.473302;BP-Linux8;www.aggloroanne.fr.https;53329;.;0
15:34:48.475640;BP-Linux8;www.aggloroanne.fr.https;53324;P.;458
15:34:48.475817;BP-Linux8;www.aggloroanne.fr.https;53326;P.;458
15:34:48.475988;BP-Linux8;www.aggloroanne.fr.https;53327;P.;470
15:34:48.476808;BP-Linux8;www.aggloroanne.fr.https;53328;P.;473
15:34:48.476977;BP-Linux8;www.aggloroanne.fr.https;53329;P.;472
15:34:48.478166;www.aggloroanne.fr.https;BP-Linux8;53325;.;1448
15:34:48.478456;www.aggloroanne.fr.https;BP-Linux8;53325;.;1448
15:34:48.478460;www.aggloroanne.fr.https;BP-Linux8;53325;.;1448
15:34:48.478461;www.aggloroanne.fr.https;BP-Linux8;53325;.;1448
15:34:48.478463;www.aggloroanne.fr.https;BP-Linux8;53325;.;1448
15:34:48.478464;www.aggloroanne.fr.https;BP-Linux8;53325;.;1448
15:34:48.478466;www.aggloroanne.fr.https;BP-Linux8;53325;.;1448
15:34:48.478467;www.aggloroanne.fr.https;BP-Linux8;53325;.;1448
15:34:48.478468;www.aggloroanne.fr.https;BP-Linux8;53325;.;1448
15:34:48.478470;www.aggloroanne.fr.https;BP-Linux8;53325;.;1448
15:34:48.478471;www.aggloroanne.fr.https;BP-Linux8;53325;.;1448
15:34:48.478473;www.aggloroanne.fr.https;BP-Linux8;53325;.;1448
15:34:48.478474;www.aggloroanne.fr.https;BP-Linux8;53325;.;1448
15:34:48.478476;www.aggloroanne.fr.https;BP-Linux8;53325;.;1448
15:34:48.478559;www.aggloroanne.fr.https;BP-Linux8;53325;.;1448
15:34:48.478562;www.aggloroanne.fr.https;BP-Linux8;53325;.;1448
15:34:48.478685;www.aggloroanne.fr.https;BP-Linux8;53325;.;1448
15:34:48.478689;www.aggloroanne.fr.https;BP-Linux8;53325;.;1448
15:34:48.478810;www.aggloroanne.fr.https;BP-Linux8;53325;.;1448
15:34:48.478812;www.aggloroanne.fr.https;BP-Linux8;53325;.;1448
15:34:48.478934;www.aggloroanne.fr.https;BP-Linux8;53325;.;1448
15:34:48.478938;www.aggloroanne.fr.https;BP-Linux8;53325;.;1448
15:34:48.479078;www.aggloroanne.fr.https;BP-Linux8;53325;.;1448
15:34:48.479218;www.aggloroanne.fr.https;BP-Linux8;53325;.;1448
15:34:48.479222;www.aggloroanne.fr.https;BP-Linux8;53325;.;1448
15:34:48.479328;www.aggloroanne.fr.https;BP-Linux8;53325;.;1448
15:34:48.479480;www.aggloroanne.fr.https;BP-Linux8;53325;.;1448
15:34:48.479483;www.aggloroanne.fr.https;BP-Linux8;53325;.;1448
15:34:48.479486;www.aggloroanne.fr.https;BP-Linux8;53325;.;1448
15:34:48.479602;www.aggloroanne.fr.https;BP-Linux8;53325;.;1448
15:34:48.479606;www.aggloroanne.fr.https;BP-Linux8;53325;.;1448
15:34:48.479607;www.aggloroanne.fr.https;BP-Linux8;53325;.;1448
15:34:48.479713;www.aggloroanne.fr.https;BP-Linux8;53325;.;1448
15:34:48.479716;www.aggloroanne.fr.https;BP-Linux8;53325;.;1448
15:34:48.479872;www.aggloroanne.fr.https;BP-Linux8;53325;P.;91
15:34:48.481366;BP-Linux8;www.aggloroanne.fr.https;53325;.;0
15:34:48.496418;www.aggloroanne.fr.https;BP-Linux8;53324;.;1448
15:34:48.496563;www.aggloroanne.fr.https;BP-Linux8;53324;.;1448
15:34:48.496568;www.aggloroanne.fr.https;BP-Linux8;53324;.;1448
15:34:48.496570;www.aggloroanne.fr.https;BP-Linux8;53324;.;1448
15:34:48.496571;www.aggloroanne.fr.https;BP-Linux8;53324;P.;541
15:34:48.496604;www.aggloroanne.fr.https;BP-Linux8;53326;.;1448
15:34:48.496813;www.aggloroanne.fr.https;BP-Linux8;53326;.;1448
15:34:48.496817;www.aggloroanne.fr.https;BP-Linux8;53326;.;1448
15:34:48.496819;www.aggloroanne.fr.https;BP-Linux8;53326;.;1448
15:34:48.496820;www.aggloroanne.fr.https;BP-Linux8;53326;.;1448
15:34:48.496822;www.aggloroanne.fr.https;BP-Linux8;53326;.;1448
15:34:48.496824;www.aggloroanne.fr.https;BP-Linux8;53326;.;1448
15:34:48.496825;www.aggloroanne.fr.https;BP-Linux8;53326;.;1448
15:34:48.496827;www.aggloroanne.fr.https;BP-Linux8;53326;P.;478
15:34:48.496844;www.aggloroanne.fr.https;BP-Linux8;53327;.;1448
15:34:48.497029;www.aggloroanne.fr.https;BP-Linux8;53327;.;1448
15:34:48.497032;www.aggloroanne.fr.https;BP-Linux8;53327;.;1448
15:34:48.497034;www.aggloroanne.fr.https;BP-Linux8;53327;.;1448
15:34:48.497036;www.aggloroanne.fr.https;BP-Linux8;53327;.;1448
15:34:48.497037;www.aggloroanne.fr.https;BP-Linux8;53327;.;1448
15:34:48.497145;www.aggloroanne.fr.https;BP-Linux8;53327;P.;1087
15:34:48.497571;BP-Linux8;www.aggloroanne.fr.https;53325;P.;475
15:34:48.497993;www.aggloroanne.fr.https;BP-Linux8;53328;.;1448
15:34:48.498271;BP-Linux8;www.aggloroanne.fr.https;53324;.;0
15:34:48.498285;www.aggloroanne.fr.https;BP-Linux8;53328;.;1448
15:34:48.498288;www.aggloroanne.fr.https;BP-Linux8;53328;.;1448
15:34:48.498290;www.aggloroanne.fr.https;BP-Linux8;53328;.;1448
15:34:48.498292;www.aggloroanne.fr.https;BP-Linux8;53328;.;1448
15:34:48.498293;www.aggloroanne.fr.https;BP-Linux8;53329;.;1448
15:34:48.498296;www.aggloroanne.fr.https;BP-Linux8;53329;.;1448
15:34:48.498297;www.aggloroanne.fr.https;BP-Linux8;53328;.;1448
15:34:48.498299;www.aggloroanne.fr.https;BP-Linux8;53329;.;1448
15:34:48.498301;www.aggloroanne.fr.https;BP-Linux8;53329;.;1448
15:34:48.498302;www.aggloroanne.fr.https;BP-Linux8;53329;.;1448
15:34:48.498303;www.aggloroanne.fr.https;BP-Linux8;53329;.;1448
15:34:48.498305;www.aggloroanne.fr.https;BP-Linux8;53328;.;1448
15:34:48.498306;www.aggloroanne.fr.https;BP-Linux8;53328;.;1448
15:34:48.498307;www.aggloroanne.fr.https;BP-Linux8;53329;P.;145
15:34:48.498348;www.aggloroanne.fr.https;BP-Linux8;53328;P.;659
15:34:48.504139;BP-Linux8;www.aggloroanne.fr.https;53326;.;0
15:34:48.505735;BP-Linux8;www.aggloroanne.fr.https;53327;.;0
15:34:48.509298;BP-Linux8;www.aggloroanne.fr.https;53328;.;0
15:34:48.512782;BP-Linux8;www.aggloroanne.fr.https;53324;P.;470
15:34:48.513107;BP-Linux8;www.aggloroanne.fr.https;53326;P.;462
15:34:48.514016;BP-Linux8;www.aggloroanne.fr.https;53327;P.;461
15:34:48.516785;BP-Linux8;www.aggloroanne.fr.https;53328;P.;476
15:34:48.516939;BP-Linux8;www.aggloroanne.fr.https;53329;.;0
15:34:48.518094;www.aggloroanne.fr.https;BP-Linux8;53325;.;1448
15:34:48.518228;www.aggloroanne.fr.https;BP-Linux8;53325;.;1448
15:34:48.518233;www.aggloroanne.fr.https;BP-Linux8;53325;.;1448
15:34:48.518235;www.aggloroanne.fr.https;BP-Linux8;53325;P.;553
15:34:48.519785;BP-Linux8;www.aggloroanne.fr.https;53329;P.;474
15:34:48.520084;BP-Linux8;www.aggloroanne.fr.https;53325;.;0
15:34:48.525932;BP-Linux8;www.aggloroanne.fr.https;53325;P.;496
15:34:48.533352;www.aggloroanne.fr.https;BP-Linux8;53324;.;1448
15:34:48.533498;www.aggloroanne.fr.https;BP-Linux8;53324;.;1448
15:34:48.533504;www.aggloroanne.fr.https;BP-Linux8;53324;.;1448
15:34:48.533506;www.aggloroanne.fr.https;BP-Linux8;53324;.;1448
15:34:48.533531;BP-Linux8;www.aggloroanne.fr.https;53324;.;0
15:34:48.533596;www.aggloroanne.fr.https;BP-Linux8;53326;.;1448
15:34:48.533602;www.aggloroanne.fr.https;BP-Linux8;53324;P.;913
15:34:48.533718;www.aggloroanne.fr.https;BP-Linux8;53326;.;1448
15:34:48.533721;www.aggloroanne.fr.https;BP-Linux8;53326;P.;676
15:34:48.534630;www.aggloroanne.fr.https;BP-Linux8;53327;.;1448
15:34:48.534786;www.aggloroanne.fr.https;BP-Linux8;53327;.;1448
15:34:48.534790;www.aggloroanne.fr.https;BP-Linux8;53327;.;1448
15:34:48.534792;www.aggloroanne.fr.https;BP-Linux8;53327;.;1448
15:34:48.534794;www.aggloroanne.fr.https;BP-Linux8;53327;P.;1117
15:34:48.534924;BP-Linux8;www.aggloroanne.fr.https;53326;.;0
15:34:48.536051;BP-Linux8;www.aggloroanne.fr.https;53324;P.;465
15:34:48.536225;BP-Linux8;www.aggloroanne.fr.https;53326;P.;468
15:34:48.536373;BP-Linux8;www.aggloroanne.fr.https;53327;.;0
15:34:48.537678;BP-Linux8;www.aggloroanne.fr.https;53327;P.;464
15:34:48.537890;www.aggloroanne.fr.https;BP-Linux8;53328;.;1448
15:34:48.537896;www.aggloroanne.fr.https;BP-Linux8;53328;.;1448
15:34:48.537979;BP-Linux8;www.aggloroanne.fr.https;53328;.;0
15:34:48.537999;www.aggloroanne.fr.https;BP-Linux8;53328;.;1448
15:34:48.538002;www.aggloroanne.fr.https;BP-Linux8;53328;P.;91
15:34:48.538004;BP-Linux8;www.aggloroanne.fr.https;53328;.;0
15:34:48.539511;BP-Linux8;www.aggloroanne.fr.https;53328;P.;466
15:34:48.540432;www.aggloroanne.fr.https;BP-Linux8;53329;.;1448
15:34:48.540440;www.aggloroanne.fr.https;BP-Linux8;53329;.;1448
15:34:48.540493;BP-Linux8;www.aggloroanne.fr.https;53329;.;0
15:34:48.540547;www.aggloroanne.fr.https;BP-Linux8;53329;.;1448
15:34:48.540550;www.aggloroanne.fr.https;BP-Linux8;53329;P.;854
15:34:48.540553;BP-Linux8;www.aggloroanne.fr.https;53329;.;0
15:34:48.542041;BP-Linux8;www.aggloroanne.fr.https;53329;P.;474
15:34:48.546273;www.aggloroanne.fr.https;BP-Linux8;53325;.;1448
15:34:48.546445;www.aggloroanne.fr.https;BP-Linux8;53325;.;1448
15:34:48.546451;BP-Linux8;www.aggloroanne.fr.https;53325;.;0
15:34:48.546461;www.aggloroanne.fr.https;BP-Linux8;53325;.;1448
15:34:48.546464;www.aggloroanne.fr.https;BP-Linux8;53325;.;1448
15:34:48.546465;www.aggloroanne.fr.https;BP-Linux8;53325;.;1448
15:34:48.546467;www.aggloroanne.fr.https;BP-Linux8;53325;.;1448
15:34:48.546498;BP-Linux8;www.aggloroanne.fr.https;53325;.;0
15:34:48.546611;www.aggloroanne.fr.https;BP-Linux8;53325;.;1448
15:34:48.546739;www.aggloroanne.fr.https;BP-Linux8;53325;.;1448
15:34:48.546742;BP-Linux8;www.aggloroanne.fr.https;53325;.;0
15:34:48.546748;www.aggloroanne.fr.https;BP-Linux8;53325;P.;88
15:34:48.548370;BP-Linux8;www.aggloroanne.fr.https;53325;P.;476
15:34:48.556883;www.aggloroanne.fr.https;BP-Linux8;53324;.;1448
15:34:48.556889;www.aggloroanne.fr.https;BP-Linux8;53324;.;1448
15:34:48.556913;www.aggloroanne.fr.https;BP-Linux8;53326;.;1448
15:34:48.556937;BP-Linux8;www.aggloroanne.fr.https;53324;.;0
15:34:48.556987;www.aggloroanne.fr.https;BP-Linux8;53324;.;1448
15:34:48.556990;www.aggloroanne.fr.https;BP-Linux8;53324;P.;33
15:34:48.556992;BP-Linux8;www.aggloroanne.fr.https;53324;.;0
15:34:48.557079;www.aggloroanne.fr.https;BP-Linux8;53326;.;1448
15:34:48.557081;www.aggloroanne.fr.https;BP-Linux8;53326;.;1448
15:34:48.557083;www.aggloroanne.fr.https;BP-Linux8;53326;.;1448
15:34:48.557084;www.aggloroanne.fr.https;BP-Linux8;53326;.;1448
15:34:48.557183;www.aggloroanne.fr.https;BP-Linux8;53326;.;1448
15:34:48.557185;www.aggloroanne.fr.https;BP-Linux8;53326;.;1448
15:34:48.557187;www.aggloroanne.fr.https;BP-Linux8;53326;P.;753
15:34:48.558192;BP-Linux8;www.aggloroanne.fr.https;53324;P.;492
15:34:48.558269;BP-Linux8;www.aggloroanne.fr.https;53326;.;0
15:34:48.558578;www.aggloroanne.fr.https;BP-Linux8;53327;.;1448
15:34:48.558721;www.aggloroanne.fr.https;BP-Linux8;53327;.;1448
15:34:48.558723;www.aggloroanne.fr.https;BP-Linux8;53327;.;1448
15:34:48.558724;www.aggloroanne.fr.https;BP-Linux8;53327;P.;844
15:34:48.560445;www.aggloroanne.fr.https;BP-Linux8;53328;.;1448
15:34:48.560452;www.aggloroanne.fr.https;BP-Linux8;53328;.;1448
15:34:48.560544;www.aggloroanne.fr.https;BP-Linux8;53328;P.;1019
15:34:48.560677;BP-Linux8;www.aggloroanne.fr.https;53326;P.;490
15:34:48.560992;BP-Linux8;www.aggloroanne.fr.https;53327;.;0
15:34:48.562500;www.aggloroanne.fr.https;BP-Linux8;53329;.;1448
15:34:48.562631;www.aggloroanne.fr.https;BP-Linux8;53329;.;1448
15:34:48.562635;www.aggloroanne.fr.https;BP-Linux8;53329;P.;1386
15:34:48.562950;BP-Linux8;www.aggloroanne.fr.https;53328;.;0
15:34:48.565060;BP-Linux8;www.aggloroanne.fr.https;53327;P.;454
15:34:48.565531;BP-Linux8;www.aggloroanne.fr.https;53328;P.;454
15:34:48.565604;BP-Linux8;www.aggloroanne.fr.https;53329;.;0
15:34:48.568551;www.aggloroanne.fr.https;BP-Linux8;53325;.;1448
15:34:48.568682;www.aggloroanne.fr.https;BP-Linux8;53325;.;1448
15:34:48.568685;www.aggloroanne.fr.https;BP-Linux8;53325;.;1448
15:34:48.568686;www.aggloroanne.fr.https;BP-Linux8;53325;P.;273
15:34:48.568784;BP-Linux8;www.aggloroanne.fr.https;53329;P.;454
15:34:48.568861;BP-Linux8;www.aggloroanne.fr.https;53325;.;0
15:34:48.570075;BP-Linux8;www.aggloroanne.fr.https;53325;P.;468
15:34:48.578260;www.aggloroanne.fr.https;BP-Linux8;53324;.;1448
15:34:48.578459;www.aggloroanne.fr.https;BP-Linux8;53324;.;1448
15:34:48.578463;www.aggloroanne.fr.https;BP-Linux8;53324;.;1448
15:34:48.578465;www.aggloroanne.fr.https;BP-Linux8;53324;.;1448
15:34:48.578467;www.aggloroanne.fr.https;BP-Linux8;53324;.;1448
15:34:48.578469;www.aggloroanne.fr.https;BP-Linux8;53324;.;1448
15:34:48.578470;www.aggloroanne.fr.https;BP-Linux8;53324;.;1448
15:34:48.578472;www.aggloroanne.fr.https;BP-Linux8;53324;.;1448
15:34:48.578505;www.aggloroanne.fr.https;BP-Linux8;53324;.;1448
15:34:48.578508;www.aggloroanne.fr.https;BP-Linux8;53324;P.;1031
15:34:48.578979;BP-Linux8;www.aggloroanne.fr.https;53324;.;0
15:34:48.580812;BP-Linux8;www.aggloroanne.fr.https;53324;P.;461
15:34:48.581067;www.aggloroanne.fr.https;BP-Linux8;53326;.;1448
15:34:48.581258;www.aggloroanne.fr.https;BP-Linux8;53326;.;1448
15:34:48.581262;www.aggloroanne.fr.https;BP-Linux8;53326;.;1448
15:34:48.581264;www.aggloroanne.fr.https;BP-Linux8;53326;.;1448
15:34:48.581265;www.aggloroanne.fr.https;BP-Linux8;53326;.;1448
15:34:48.581266;www.aggloroanne.fr.https;BP-Linux8;53326;.;1448
15:34:48.581268;www.aggloroanne.fr.https;BP-Linux8;53326;.;1448
15:34:48.581269;www.aggloroanne.fr.https;BP-Linux8;53326;P.;457
15:34:48.581353;BP-Linux8;www.aggloroanne.fr.https;53326;.;0
15:34:48.584786;BP-Linux8;www.aggloroanne.fr.https;53326;P.;490
15:34:48.585224;www.aggloroanne.fr.https;BP-Linux8;53327;.;1448
15:34:48.585349;www.aggloroanne.fr.https;BP-Linux8;53327;.;1448
15:34:48.585353;www.aggloroanne.fr.https;BP-Linux8;53327;P.;580
15:34:48.586013;www.aggloroanne.fr.https;BP-Linux8;53328;.;1448
15:34:48.586017;www.aggloroanne.fr.https;BP-Linux8;53328;.;1448
15:34:48.586103;www.aggloroanne.fr.https;BP-Linux8;53328;P.;633
15:34:48.588795;BP-Linux8;www.aggloroanne.fr.https;53327;.;0
15:34:48.588871;www.aggloroanne.fr.https;BP-Linux8;53329;.;1448
15:34:48.588997;www.aggloroanne.fr.https;BP-Linux8;53329;.;1448
15:34:48.588999;www.aggloroanne.fr.https;BP-Linux8;53329;P.;600
15:34:48.589949;BP-Linux8;www.aggloroanne.fr.https;53328;.;0
15:34:48.591306;www.aggloroanne.fr.https;BP-Linux8;53325;.;1448
15:34:48.591465;www.aggloroanne.fr.https;BP-Linux8;53325;.;1448
15:34:48.591468;www.aggloroanne.fr.https;BP-Linux8;53325;.;1448
15:34:48.591469;www.aggloroanne.fr.https;BP-Linux8;53325;.;1448
15:34:48.591470;www.aggloroanne.fr.https;BP-Linux8;53325;.;1448
15:34:48.591471;www.aggloroanne.fr.https;BP-Linux8;53325;P.;333
15:34:48.592787;BP-Linux8;www.aggloroanne.fr.https;53327;P.;490
15:34:48.592978;BP-Linux8;www.aggloroanne.fr.https;53328;P.;495
15:34:48.593131;BP-Linux8;www.aggloroanne.fr.https;53325;.;0
15:34:48.594533;BP-Linux8;www.aggloroanne.fr.https;53329;.;0
15:34:48.596281;BP-Linux8;www.aggloroanne.fr.https;53325;P.;495
15:34:48.596462;BP-Linux8;www.aggloroanne.fr.https;53329;P.;490
15:34:48.602342;www.aggloroanne.fr.https;BP-Linux8;53324;.;1448
15:34:48.602542;www.aggloroanne.fr.https;BP-Linux8;53324;.;1448
15:34:48.602546;www.aggloroanne.fr.https;BP-Linux8;53324;.;1448
15:34:48.602548;www.aggloroanne.fr.https;BP-Linux8;53324;.;1448
15:34:48.602550;www.aggloroanne.fr.https;BP-Linux8;53324;.;1448
15:34:48.602551;www.aggloroanne.fr.https;BP-Linux8;53324;.;1448
15:34:48.602552;www.aggloroanne.fr.https;BP-Linux8;53324;.;1448
15:34:48.602554;www.aggloroanne.fr.https;BP-Linux8;53324;P.;1116
15:34:48.602576;BP-Linux8;www.aggloroanne.fr.https;53324;.;0
15:34:48.604193;BP-Linux8;www.aggloroanne.fr.https;53324;P.;490
15:34:48.605025;www.aggloroanne.fr.https;BP-Linux8;53326;P.;479
15:34:48.605929;BP-Linux8;www.aggloroanne.fr.https;53326;P.;478
15:34:48.612745;www.aggloroanne.fr.https;BP-Linux8;53327;P.;878
15:34:48.612970;BP-Linux8;www.aggloroanne.fr.https;53327;P.;477
15:34:48.613032;www.aggloroanne.fr.https;BP-Linux8;53328;P.;1416
15:34:48.613246;BP-Linux8;www.aggloroanne.fr.https;53328;P.;482
15:34:48.616171;www.aggloroanne.fr.https;BP-Linux8;53325;P.;535
15:34:48.616330;www.aggloroanne.fr.https;BP-Linux8;53329;P.;479
15:34:48.616394;BP-Linux8;www.aggloroanne.fr.https;53325;P.;454
15:34:48.616602;BP-Linux8;www.aggloroanne.fr.https;53329;P.;454
15:34:48.624410;www.aggloroanne.fr.https;BP-Linux8;53324;.;1448
15:34:48.624419;www.aggloroanne.fr.https;BP-Linux8;53324;.;1448
15:34:48.624549;www.aggloroanne.fr.https;BP-Linux8;53324;.;1448
15:34:48.624552;www.aggloroanne.fr.https;BP-Linux8;53324;.;1448
15:34:48.624553;www.aggloroanne.fr.https;BP-Linux8;53324;.;1448
15:34:48.624555;www.aggloroanne.fr.https;BP-Linux8;53324;.;1448
15:34:48.624648;www.aggloroanne.fr.https;BP-Linux8;53324;.;1448
15:34:48.624650;www.aggloroanne.fr.https;BP-Linux8;53324;.;1448
15:34:48.624773;www.aggloroanne.fr.https;BP-Linux8;53324;.;1448
15:34:48.624775;www.aggloroanne.fr.https;BP-Linux8;53324;.;1448
15:34:48.625161;www.aggloroanne.fr.https;BP-Linux8;53324;P.;417
15:34:48.642902;www.aggloroanne.fr.https;BP-Linux8;53326;.;1448
15:34:48.642909;www.aggloroanne.fr.https;BP-Linux8;53326;.;1448
15:34:48.642911;www.aggloroanne.fr.https;BP-Linux8;53326;.;1448
15:34:48.642913;www.aggloroanne.fr.https;BP-Linux8;53326;P.;903
15:34:48.642914;www.aggloroanne.fr.https;BP-Linux8;53327;.;1448
15:34:48.642917;www.aggloroanne.fr.https;BP-Linux8;53327;.;1448
15:34:48.642918;www.aggloroanne.fr.https;BP-Linux8;53327;.;1448
15:34:48.642920;www.aggloroanne.fr.https;BP-Linux8;53327;.;1448
15:34:48.642921;www.aggloroanne.fr.https;BP-Linux8;53327;.;1448
15:34:48.642922;www.aggloroanne.fr.https;BP-Linux8;53327;.;1448
15:34:48.642924;www.aggloroanne.fr.https;BP-Linux8;53327;.;1448
15:34:48.642926;www.aggloroanne.fr.https;BP-Linux8;53327;.;1448
15:34:48.642927;www.aggloroanne.fr.https;BP-Linux8;53327;P.;471
15:34:48.642928;www.aggloroanne.fr.https;BP-Linux8;53328;.;1448
15:34:48.642930;www.aggloroanne.fr.https;BP-Linux8;53328;.;1448
15:34:48.642932;www.aggloroanne.fr.https;BP-Linux8;53328;.;1448
15:34:48.642933;www.aggloroanne.fr.https;BP-Linux8;53328;.;1448
15:34:48.642935;www.aggloroanne.fr.https;BP-Linux8;53328;P.;834
15:34:48.642936;www.aggloroanne.fr.https;BP-Linux8;53325;.;1448
15:34:48.642938;www.aggloroanne.fr.https;BP-Linux8;53329;.;1448
15:34:48.642940;www.aggloroanne.fr.https;BP-Linux8;53325;.;1448
15:34:48.642941;www.aggloroanne.fr.https;BP-Linux8;53325;P.;716
15:34:48.642943;www.aggloroanne.fr.https;BP-Linux8;53329;.;1448
15:34:48.642944;www.aggloroanne.fr.https;BP-Linux8;53329;P.;635
15:34:48.680514;www.aggloroanne.fr.https;BP-Linux8;53324;P.;417
15:34:48.680517;www.aggloroanne.fr.https;BP-Linux8;53326;P.;903
15:34:48.680523;BP-Linux8;www.aggloroanne.fr.https;53326;.;0
15:34:48.680663;BP-Linux8;www.aggloroanne.fr.https;53324;.;0
15:34:48.680671;BP-Linux8;www.aggloroanne.fr.https;53324;.;0
15:34:48.680725;BP-Linux8;www.aggloroanne.fr.https;53327;.;0
15:34:48.680732;BP-Linux8;www.aggloroanne.fr.https;53328;.;0
15:34:48.680737;BP-Linux8;www.aggloroanne.fr.https;53325;.;0
15:34:48.680741;BP-Linux8;www.aggloroanne.fr.https;53329;.;0
15:34:48.683748;www.aggloroanne.fr.https;BP-Linux8;53327;P.;471
15:34:48.683754;BP-Linux8;www.aggloroanne.fr.https;53327;.;0
15:34:48.683784;www.aggloroanne.fr.https;BP-Linux8;53328;P.;834
15:34:48.683786;BP-Linux8;www.aggloroanne.fr.https;53328;.;0
15:34:48.687597;BP-Linux8;www.aggloroanne.fr.https;53324;P.;454
15:34:48.687724;www.aggloroanne.fr.https;BP-Linux8;53325;P.;716
15:34:48.687730;BP-Linux8;www.aggloroanne.fr.https;53325;.;0
15:34:48.688407;BP-Linux8;www.aggloroanne.fr.https;53325;P.;454
15:34:48.688766;BP-Linux8;www.aggloroanne.fr.https;53326;P.;454
15:34:48.689170;BP-Linux8;www.aggloroanne.fr.https;53327;P.;454
15:34:48.689345;BP-Linux8;www.aggloroanne.fr.https;53328;P.;454
15:34:48.692813;BP-Linux8;www.aggloroanne.fr.https;53329;P.;454
15:34:48.695880;www.aggloroanne.fr.https;BP-Linux8;53329;P.;635
15:34:48.695888;BP-Linux8;www.aggloroanne.fr.https;53329;.;0
15:34:48.708858;www.aggloroanne.fr.https;BP-Linux8;53324;.;1448
15:34:48.708869;BP-Linux8;www.aggloroanne.fr.https;53324;.;0
15:34:48.708969;www.aggloroanne.fr.https;BP-Linux8;53324;.;1448
15:34:48.708973;BP-Linux8;www.aggloroanne.fr.https;53324;.;0
15:34:48.708981;www.aggloroanne.fr.https;BP-Linux8;53324;P.;644
15:34:48.708983;BP-Linux8;www.aggloroanne.fr.https;53324;.;0
15:34:48.709344;BP-Linux8;www.aggloroanne.fr.https;53324;P.;454
15:34:48.710084;www.aggloroanne.fr.https;BP-Linux8;53325;.;1448
15:34:48.710093;BP-Linux8;www.aggloroanne.fr.https;53325;.;0
15:34:48.710192;www.aggloroanne.fr.https;BP-Linux8;53325;.;1448
15:34:48.710197;BP-Linux8;www.aggloroanne.fr.https;53325;.;0
15:34:48.710239;www.aggloroanne.fr.https;BP-Linux8;53325;P.;611
15:34:48.710241;BP-Linux8;www.aggloroanne.fr.https;53325;.;0
15:34:48.710246;www.aggloroanne.fr.https;BP-Linux8;53326;.;1448
15:34:48.710250;BP-Linux8;www.aggloroanne.fr.https;53326;.;0
15:34:48.710254;www.aggloroanne.fr.https;BP-Linux8;53326;.;1448
15:34:48.710256;BP-Linux8;www.aggloroanne.fr.https;53326;.;0
15:34:48.710260;www.aggloroanne.fr.https;BP-Linux8;53326;P.;545
15:34:48.710262;BP-Linux8;www.aggloroanne.fr.https;53326;.;0
15:34:48.710399;www.aggloroanne.fr.https;BP-Linux8;53328;.;1448
15:34:48.710404;BP-Linux8;www.aggloroanne.fr.https;53328;.;0
15:34:48.710528;www.aggloroanne.fr.https;BP-Linux8;53328;.;1448
15:34:48.710530;BP-Linux8;www.aggloroanne.fr.https;53328;.;0
15:34:48.710536;www.aggloroanne.fr.https;BP-Linux8;53328;P.;746
15:34:48.710537;BP-Linux8;www.aggloroanne.fr.https;53328;.;0
15:34:48.710769;www.aggloroanne.fr.https;BP-Linux8;53327;.;1448
15:34:48.710776;BP-Linux8;www.aggloroanne.fr.https;53327;.;0
15:34:48.710782;www.aggloroanne.fr.https;BP-Linux8;53327;.;1448
15:34:48.710785;BP-Linux8;www.aggloroanne.fr.https;53327;.;0
15:34:48.710789;www.aggloroanne.fr.https;BP-Linux8;53327;P.;764
15:34:48.710790;BP-Linux8;www.aggloroanne.fr.https;53327;.;0
15:34:48.710935;BP-Linux8;www.aggloroanne.fr.https;53325;P.;454
15:34:48.711015;BP-Linux8;www.aggloroanne.fr.https;53326;P.;454
15:34:48.713739;BP-Linux8;www.aggloroanne.fr.https;53327;P.;454
15:34:48.713830;BP-Linux8;www.aggloroanne.fr.https;53328;P.;454
15:34:48.713932;www.aggloroanne.fr.https;BP-Linux8;53329;.;1448
15:34:48.713940;BP-Linux8;www.aggloroanne.fr.https;53329;.;0
15:34:48.713946;www.aggloroanne.fr.https;BP-Linux8;53329;.;1448
15:34:48.713948;BP-Linux8;www.aggloroanne.fr.https;53329;.;0
15:34:48.714038;www.aggloroanne.fr.https;BP-Linux8;53329;P.;726
15:34:48.714042;BP-Linux8;www.aggloroanne.fr.https;53329;.;0
15:34:48.714466;BP-Linux8;www.aggloroanne.fr.https;53329;P.;454
15:34:48.721896;BP-Linux8;par21s23-in-f10.1e100.net.https;41372;S;0
15:34:48.721950;BP-Linux8;par21s23-in-f10.1e100.net.https;41373;S;0
15:34:48.724909;BP-Linux8.ssh;192.168.190.130;50245;P.;100
15:34:48.730215;www.aggloroanne.fr.https;BP-Linux8;53324;.;1448
15:34:48.730342;www.aggloroanne.fr.https;BP-Linux8;53324;.;1448
15:34:48.730347;www.aggloroanne.fr.https;BP-Linux8;53324;P.;715
15:34:48.730373;BP-Linux8;www.aggloroanne.fr.https;53324;.;0
15:34:48.730713;BP-Linux8;www.aggloroanne.fr.https;53324;P.;436
15:34:48.732361;www.aggloroanne.fr.https;BP-Linux8;53325;.;1448
15:34:48.732370;www.aggloroanne.fr.https;BP-Linux8;53325;.;1448
15:34:48.732400;BP-Linux8;www.aggloroanne.fr.https;53325;.;0
15:34:48.732468;www.aggloroanne.fr.https;BP-Linux8;53325;P.;653
15:34:48.732472;www.aggloroanne.fr.https;BP-Linux8;53326;.;1448
15:34:48.732610;www.aggloroanne.fr.https;BP-Linux8;53326;.;1448
15:34:48.732613;www.aggloroanne.fr.https;BP-Linux8;53326;P.;751
15:34:48.732780;BP-Linux8;www.aggloroanne.fr.https;53326;.;0
15:34:48.733893;par21s23-in-f10.1e100.net.https;BP-Linux8;41372;S.;0
15:34:48.733903;BP-Linux8;par21s23-in-f10.1e100.net.https;41372;.;0
15:34:48.733998;par21s23-in-f10.1e100.net.https;BP-Linux8;41373;S.;0
15:34:48.734001;BP-Linux8;par21s23-in-f10.1e100.net.https;41373;.;0
15:34:48.734863;www.aggloroanne.fr.https;BP-Linux8;53328;.;1448
15:34:48.734957;www.aggloroanne.fr.https;BP-Linux8;53327;.;1448
15:34:48.734988;www.aggloroanne.fr.https;BP-Linux8;53328;.;1448
15:34:48.734990;www.aggloroanne.fr.https;BP-Linux8;53328;P.;622
15:34:48.735080;www.aggloroanne.fr.https;BP-Linux8;53327;.;1448
15:34:48.735082;www.aggloroanne.fr.https;BP-Linux8;53327;P.;540
15:34:48.735402;www.aggloroanne.fr.https;BP-Linux8;53329;.;1448
15:34:48.735523;www.aggloroanne.fr.https;BP-Linux8;53329;.;1448
15:34:48.735653;www.aggloroanne.fr.https;BP-Linux8;53329;P.;498
15:34:48.741095;BP-Linux8;www.aggloroanne.fr.https;53327;.;0
15:34:48.745189;192.168.190.130;BP-Linux8.ssh;50245;.;0
15:34:48.745305;BP-Linux8;www.aggloroanne.fr.https;53328;.;0
15:34:48.746661;BP-Linux8;www.aggloroanne.fr.https;53329;.;0
15:34:48.752375;www.aggloroanne.fr.https;BP-Linux8;53324;.;1448
15:34:48.752498;www.aggloroanne.fr.https;BP-Linux8;53324;.;1448
15:34:48.752501;www.aggloroanne.fr.https;BP-Linux8;53324;P.;282
15:34:48.756701;BP-Linux8;www.aggloroanne.fr.https;53324;.;0
15:34:48.766967;BP-Linux8;par21s23-in-f10.1e100.net.https;41373;P.;205
15:34:48.767176;BP-Linux8;par21s23-in-f10.1e100.net.https;41372;P.;205
15:34:48.767571;BP-Linux8;par21s23-in-f10.1e100.net.https;41374;S;0
15:34:48.767730;BP-Linux8;par21s23-in-f10.1e100.net.https;41375;S;0
15:34:48.768728;BP-Linux8;www.aggloroanne.fr.https;53325;.;0
15:34:48.778891;par21s23-in-f10.1e100.net.https;BP-Linux8;41373;.;0
15:34:48.779125;par21s23-in-f10.1e100.net.https;BP-Linux8;41372;.;0
15:34:48.779453;par21s23-in-f10.1e100.net.https;BP-Linux8;41374;S.;0
15:34:48.779462;BP-Linux8;par21s23-in-f10.1e100.net.https;41374;.;0
15:34:48.779630;par21s23-in-f10.1e100.net.https;BP-Linux8;41375;S.;0
15:34:48.779633;BP-Linux8;par21s23-in-f10.1e100.net.https;41375;.;0
15:34:48.783503;par21s23-in-f10.1e100.net.https;BP-Linux8;41373;.;1418
15:34:48.783508;BP-Linux8;par21s23-in-f10.1e100.net.https;41373;.;0
15:34:48.783606;par21s23-in-f10.1e100.net.https;BP-Linux8;41373;P.;1418
15:34:48.783609;BP-Linux8;par21s23-in-f10.1e100.net.https;41373;.;0
15:34:48.783681;par21s23-in-f10.1e100.net.https;BP-Linux8;41373;.;1418
15:34:48.783684;BP-Linux8;par21s23-in-f10.1e100.net.https;41373;.;0
15:34:48.783689;par21s23-in-f10.1e100.net.https;BP-Linux8;41373;P.;347
15:34:48.783690;BP-Linux8;par21s23-in-f10.1e100.net.https;41373;.;0
15:34:48.783694;par21s23-in-f10.1e100.net.https;BP-Linux8;41372;.;1418
15:34:48.783696;BP-Linux8;par21s23-in-f10.1e100.net.https;41372;.;0
15:34:48.783700;par21s23-in-f10.1e100.net.https;BP-Linux8;41372;P.;1418
15:34:48.783702;BP-Linux8;par21s23-in-f10.1e100.net.https;41372;.;0
15:34:48.783706;par21s23-in-f10.1e100.net.https;BP-Linux8;41372;.;1418
15:34:48.783708;BP-Linux8;par21s23-in-f10.1e100.net.https;41372;.;0
15:34:48.783712;par21s23-in-f10.1e100.net.https;BP-Linux8;41372;P.;346
15:34:48.783714;BP-Linux8;par21s23-in-f10.1e100.net.https;41372;.;0
15:34:48.809665;BP-Linux8;par21s23-in-f10.1e100.net.https;41373;P.;93
15:34:48.821925;par21s23-in-f10.1e100.net.https;BP-Linux8;41373;P.;292
15:34:48.822035;par21s23-in-f10.1e100.net.https;BP-Linux8;41373;P.;69
15:34:48.846544;BP-Linux8;par21s23-in-f10.1e100.net.https;41372;P.;93
15:34:48.847022;BP-Linux8;par21s23-in-f10.1e100.net.https;41373;.;0
15:34:48.849024;par21s23-in-f10.1e100.net.https;BP-Linux8;41373;P.;69
15:34:48.849032;BP-Linux8;par21s23-in-f10.1e100.net.https;41373;.;0
15:34:48.852547;BP-Linux8;par21s23-in-f10.1e100.net.https;41373;P.;163
15:34:48.852654;BP-Linux8;par21s23-in-f10.1e100.net.https;41373;P.;268
15:34:48.852861;BP-Linux8;par21s23-in-f10.1e100.net.https;41372;P.;163
15:34:48.852908;BP-Linux8;par21s23-in-f10.1e100.net.https;41372;P.;330
15:34:48.855711;BP-Linux8;par21s23-in-f10.1e100.net.https;41374;F.;0
15:34:48.855761;BP-Linux8;par21s23-in-f10.1e100.net.https;41375;F.;0
15:34:48.858700;par21s23-in-f10.1e100.net.https;BP-Linux8;41372;P.;292
15:34:48.858710;BP-Linux8;par21s23-in-f10.1e100.net.https;41372;.;0
15:34:48.858806;par21s23-in-f10.1e100.net.https;BP-Linux8;41372;P.;69
15:34:48.858811;BP-Linux8;par21s23-in-f10.1e100.net.https;41372;.;0
15:34:48.864386;par21s23-in-f10.1e100.net.https;BP-Linux8;41373;P.;38
15:34:48.864779;par21s23-in-f10.1e100.net.https;BP-Linux8;41372;P.;38
15:34:48.864786;BP-Linux8;par21s23-in-f10.1e100.net.https;41372;.;0
15:34:48.865252;par21s23-in-f10.1e100.net.https;BP-Linux8;41373;P.;624
15:34:48.865385;par21s23-in-f10.1e100.net.https;BP-Linux8;41373;P.;1418
15:34:48.865389;BP-Linux8;par21s23-in-f10.1e100.net.https;41373;.;0
15:34:48.865648;par21s23-in-f10.1e100.net.https;BP-Linux8;41373;.;1418
15:34:48.865756;par21s23-in-f10.1e100.net.https;BP-Linux8;41373;P.;390
15:34:48.865759;BP-Linux8;par21s23-in-f10.1e100.net.https;41373;.;0
15:34:48.866096;par21s23-in-f10.1e100.net.https;BP-Linux8;41373;P.;46
15:34:48.866225;par21s23-in-f10.1e100.net.https;BP-Linux8;41372;P.;647
15:34:48.866231;BP-Linux8;par21s23-in-f10.1e100.net.https;41372;.;0
15:34:48.866404;par21s23-in-f10.1e100.net.https;BP-Linux8;41372;P.;1418
15:34:48.866407;BP-Linux8;par21s23-in-f10.1e100.net.https;41372;.;0
15:34:48.866413;par21s23-in-f10.1e100.net.https;BP-Linux8;41372;.;1418
15:34:48.866415;BP-Linux8;par21s23-in-f10.1e100.net.https;41372;.;0
15:34:48.866420;par21s23-in-f10.1e100.net.https;BP-Linux8;41372;.;1418
15:34:48.866422;BP-Linux8;par21s23-in-f10.1e100.net.https;41372;.;0
15:34:48.866426;par21s23-in-f10.1e100.net.https;BP-Linux8;41372;P.;1418
15:34:48.866428;BP-Linux8;par21s23-in-f10.1e100.net.https;41372;.;0
15:34:48.867161;par21s23-in-f10.1e100.net.https;BP-Linux8;41372;.;1418
15:34:48.867166;BP-Linux8;par21s23-in-f10.1e100.net.https;41372;.;0
15:34:48.867295;par21s23-in-f10.1e100.net.https;BP-Linux8;41372;.;1418
15:34:48.867301;BP-Linux8;par21s23-in-f10.1e100.net.https;41372;.;0
15:34:48.867308;par21s23-in-f10.1e100.net.https;BP-Linux8;41372;P.;1418
15:34:48.867309;BP-Linux8;par21s23-in-f10.1e100.net.https;41372;.;0
15:34:48.867491;par21s23-in-f10.1e100.net.https;BP-Linux8;41374;F.;0
15:34:48.867497;BP-Linux8;par21s23-in-f10.1e100.net.https;41374;.;0
15:34:48.867687;par21s23-in-f10.1e100.net.https;BP-Linux8;41375;F.;0
15:34:48.867691;BP-Linux8;par21s23-in-f10.1e100.net.https;41375;.;0
15:34:48.868066;par21s23-in-f10.1e100.net.https;BP-Linux8;41372;.;1418
15:34:48.868073;BP-Linux8;par21s23-in-f10.1e100.net.https;41372;.;0
15:34:48.868179;par21s23-in-f10.1e100.net.https;BP-Linux8;41372;.;1418
15:34:48.868181;BP-Linux8;par21s23-in-f10.1e100.net.https;41372;.;0
15:34:48.868196;par21s23-in-f10.1e100.net.https;BP-Linux8;41372;P.;1418
15:34:48.868197;BP-Linux8;par21s23-in-f10.1e100.net.https;41372;.;0
15:34:48.868962;par21s23-in-f10.1e100.net.https;BP-Linux8;41372;.;1418
15:34:48.868968;BP-Linux8;par21s23-in-f10.1e100.net.https;41372;.;0
15:34:48.868976;par21s23-in-f10.1e100.net.https;BP-Linux8;41372;.;1418
15:34:48.868978;BP-Linux8;par21s23-in-f10.1e100.net.https;41372;.;0
15:34:48.869071;par21s23-in-f10.1e100.net.https;BP-Linux8;41372;P.;1418
15:34:48.869076;BP-Linux8;par21s23-in-f10.1e100.net.https;41372;.;0
15:34:48.869864;par21s23-in-f10.1e100.net.https;BP-Linux8;41372;.;1418
15:34:48.869869;BP-Linux8;par21s23-in-f10.1e100.net.https;41372;.;0
15:34:48.869998;par21s23-in-f10.1e100.net.https;BP-Linux8;41372;.;1418
15:34:48.870002;BP-Linux8;par21s23-in-f10.1e100.net.https;41372;.;0
15:34:48.870009;par21s23-in-f10.1e100.net.https;BP-Linux8;41372;P.;1418
15:34:48.870010;BP-Linux8;par21s23-in-f10.1e100.net.https;41372;.;0
15:34:48.870749;par21s23-in-f10.1e100.net.https;BP-Linux8;41372;.;1418
15:34:48.870752;BP-Linux8;par21s23-in-f10.1e100.net.https;41372;.;0
15:34:48.870885;par21s23-in-f10.1e100.net.https;BP-Linux8;41372;.;1418
15:34:48.870890;BP-Linux8;par21s23-in-f10.1e100.net.https;41372;.;0
15:34:48.870897;par21s23-in-f10.1e100.net.https;BP-Linux8;41372;P.;1418
15:34:48.870898;BP-Linux8;par21s23-in-f10.1e100.net.https;41372;.;0
15:34:48.871654;par21s23-in-f10.1e100.net.https;BP-Linux8;41372;.;1418
15:34:48.871659;BP-Linux8;par21s23-in-f10.1e100.net.https;41372;.;0
15:34:48.876651;par21s23-in-f10.1e100.net.https;BP-Linux8;41372;.;1418
15:34:48.876656;BP-Linux8;par21s23-in-f10.1e100.net.https;41372;.;0
15:34:48.876768;par21s23-in-f10.1e100.net.https;BP-Linux8;41372;P.;1418
15:34:48.876773;BP-Linux8;par21s23-in-f10.1e100.net.https;41372;.;0
15:34:48.878089;par21s23-in-f10.1e100.net.https;BP-Linux8;41372;.;1418
15:34:48.878093;BP-Linux8;par21s23-in-f10.1e100.net.https;41372;.;0
15:34:48.878101;par21s23-in-f10.1e100.net.https;BP-Linux8;41372;P.;1418
15:34:48.878104;BP-Linux8;par21s23-in-f10.1e100.net.https;41372;.;0
15:34:48.878438;par21s23-in-f10.1e100.net.https;BP-Linux8;41372;.;1418
15:34:48.878443;BP-Linux8;par21s23-in-f10.1e100.net.https;41372;.;0
15:34:48.878573;par21s23-in-f10.1e100.net.https;BP-Linux8;41372;.;1418
15:34:48.878577;BP-Linux8;par21s23-in-f10.1e100.net.https;41372;.;0
15:34:48.878584;par21s23-in-f10.1e100.net.https;BP-Linux8;41372;P.;1418
15:34:48.878586;BP-Linux8;par21s23-in-f10.1e100.net.https;41372;.;0
15:34:48.879248;par21s23-in-f10.1e100.net.https;BP-Linux8;41372;.;1418
15:34:48.879253;BP-Linux8;par21s23-in-f10.1e100.net.https;41372;.;0
15:34:48.879382;par21s23-in-f10.1e100.net.https;BP-Linux8;41372;.;1418
15:34:48.879384;BP-Linux8;par21s23-in-f10.1e100.net.https;41372;.;0
15:34:48.879389;par21s23-in-f10.1e100.net.https;BP-Linux8;41372;P.;1418
15:34:48.879391;BP-Linux8;par21s23-in-f10.1e100.net.https;41372;.;0
15:34:48.880162;par21s23-in-f10.1e100.net.https;BP-Linux8;41372;.;1418
15:34:48.880167;BP-Linux8;par21s23-in-f10.1e100.net.https;41372;.;0
15:34:48.880175;par21s23-in-f10.1e100.net.https;BP-Linux8;41372;.;1418
15:34:48.880176;BP-Linux8;par21s23-in-f10.1e100.net.https;41372;.;0
15:34:48.880270;par21s23-in-f10.1e100.net.https;BP-Linux8;41372;P.;1418
15:34:48.880275;BP-Linux8;par21s23-in-f10.1e100.net.https;41372;.;0
15:34:48.881057;par21s23-in-f10.1e100.net.https;BP-Linux8;41372;.;1418
15:34:48.881064;BP-Linux8;par21s23-in-f10.1e100.net.https;41372;.;0
15:34:48.881160;par21s23-in-f10.1e100.net.https;BP-Linux8;41372;.;1418
15:34:48.881164;BP-Linux8;par21s23-in-f10.1e100.net.https;41372;.;0
15:34:48.881185;par21s23-in-f10.1e100.net.https;BP-Linux8;41372;P.;1418
15:34:48.881188;BP-Linux8;par21s23-in-f10.1e100.net.https;41372;.;0
15:34:48.881958;par21s23-in-f10.1e100.net.https;BP-Linux8;41372;.;1418
15:34:48.881966;BP-Linux8;par21s23-in-f10.1e100.net.https;41372;.;0
15:34:48.882089;par21s23-in-f10.1e100.net.https;BP-Linux8;41372;.;1418
15:34:48.882092;par21s23-in-f10.1e100.net.https;BP-Linux8;41372;P.;1418
15:34:48.882840;par21s23-in-f10.1e100.net.https;BP-Linux8;41372;.;1418
15:34:48.882963;par21s23-in-f10.1e100.net.https;BP-Linux8;41372;P.;1418
15:34:48.883462;par21s23-in-f10.1e100.net.https;BP-Linux8;41372;.;1418
15:34:48.883593;par21s23-in-f10.1e100.net.https;BP-Linux8;41372;.;1418
15:34:48.883596;par21s23-in-f10.1e100.net.https;BP-Linux8;41372;P.;1418
15:34:48.884348;par21s23-in-f10.1e100.net.https;BP-Linux8;41372;.;1418
15:34:48.884480;par21s23-in-f10.1e100.net.https;BP-Linux8;41372;.;1418
15:34:48.884482;par21s23-in-f10.1e100.net.https;BP-Linux8;41372;P.;1418
15:34:48.885245;par21s23-in-f10.1e100.net.https;BP-Linux8;41372;.;1418
15:34:48.885378;par21s23-in-f10.1e100.net.https;BP-Linux8;41372;.;1418
15:34:48.885382;par21s23-in-f10.1e100.net.https;BP-Linux8;41372;P.;1418
15:34:48.885853;par21s23-in-f10.1e100.net.https;BP-Linux8;41372;.;1418
15:34:48.886003;par21s23-in-f10.1e100.net.https;BP-Linux8;41372;.;1418
15:34:48.886006;par21s23-in-f10.1e100.net.https;BP-Linux8;41372;.;1418
15:34:48.886007;par21s23-in-f10.1e100.net.https;BP-Linux8;41372;P.;1418
15:34:48.886661;par21s23-in-f10.1e100.net.https;BP-Linux8;41372;.;1418
15:34:48.886862;par21s23-in-f10.1e100.net.https;BP-Linux8;41372;.;1418
15:34:48.886978;par21s23-in-f10.1e100.net.https;BP-Linux8;41372;P.;946
15:34:48.891422;BP-Linux8;par21s23-in-f10.1e100.net.https;41373;P.;38
15:34:48.904798;BP-Linux8;www.aggloroanne.fr.https;53324;P.;583
15:34:48.904998;BP-Linux8;par21s23-in-f10.1e100.net.https;41373;P.;46
15:34:48.905075;BP-Linux8;par21s23-in-f10.1e100.net.https;41372;.;0
15:34:48.905243;BP-Linux8;par21s23-in-f10.1e100.net.https;41372;P.;38
15:34:48.908021;par21s23-in-f10.1e100.net.https;BP-Linux8;41373;.;0
15:34:48.916801;par21s23-in-f10.1e100.net.https;BP-Linux8;41373;.;0
15:34:48.920255;BP-Linux8;par21s23-in-f10.1e100.net.https;41372;P.;46
15:34:48.922094;par21s23-in-f10.1e100.net.https;BP-Linux8;41372;.;0
15:34:48.925897;www.aggloroanne.fr.https;BP-Linux8;53324;.;1448
15:34:48.926099;www.aggloroanne.fr.https;BP-Linux8;53324;.;1448
15:34:48.926103;www.aggloroanne.fr.https;BP-Linux8;53324;.;1448
15:34:48.926105;www.aggloroanne.fr.https;BP-Linux8;53324;.;1448
15:34:48.926107;www.aggloroanne.fr.https;BP-Linux8;53324;.;1448
15:34:48.926108;www.aggloroanne.fr.https;BP-Linux8;53324;.;1448
15:34:48.926110;www.aggloroanne.fr.https;BP-Linux8;53324;.;1448
15:34:48.926112;www.aggloroanne.fr.https;BP-Linux8;53324;.;1448
15:34:48.926153;www.aggloroanne.fr.https;BP-Linux8;53324;.;1448
15:34:48.926155;www.aggloroanne.fr.https;BP-Linux8;53324;.;1448
15:34:48.926312;www.aggloroanne.fr.https;BP-Linux8;53324;P.;1159
15:34:48.929287;BP-Linux8;par21s23-in-f10.1e100.net.https;41372;P.;31
15:34:48.929541;BP-Linux8;par21s23-in-f10.1e100.net.https;41372;F.;0
15:34:48.929692;BP-Linux8;www.aggloroanne.fr.https;53324;.;0
15:34:48.932199;par21s23-in-f10.1e100.net.https;BP-Linux8;41372;.;0
15:34:48.941153;par21s23-in-f10.1e100.net.https;BP-Linux8;41372;.;0
15:34:48.941270;par21s23-in-f10.1e100.net.https;BP-Linux8;41372;F.;0
15:34:48.941275;BP-Linux8;par21s23-in-f10.1e100.net.https;41372;.;0
15:34:48.941392;par21s23-in-f10.1e100.net.https;BP-Linux8;41372;.;0
15:34:49.066685;BP-Linux8;www.aggloroanne.fr.https;53324;P.;492
15:34:49.067063;BP-Linux8;91.121.37.244.https;43668;S;0
15:34:49.068703;BP-Linux8;www.aggloroanne.fr.https;53329;P.;490
15:34:49.070867;BP-Linux8;www.aggloroanne.fr.https;53328;P.;491
15:34:49.086182;91.121.37.244.https;BP-Linux8;43668;S.;0
15:34:49.086198;BP-Linux8;91.121.37.244.https;43668;.;0
15:34:49.087802;BP-Linux8;91.121.37.244.https;43668;P.;201
15:34:49.088309;www.aggloroanne.fr.https;BP-Linux8;53324;P.;1118
15:34:49.090875;www.aggloroanne.fr.https;BP-Linux8;53329;P.;1211
15:34:49.093528;www.aggloroanne.fr.https;BP-Linux8;53328;.;1448
15:34:49.093534;www.aggloroanne.fr.https;BP-Linux8;53328;P.;614
15:34:49.099326;BP-Linux8;www.aggloroanne.fr.https;53328;.;0
15:34:49.106765;91.121.37.244.https;BP-Linux8;43668;.;0
15:34:49.110685;91.121.37.244.https;BP-Linux8;43668;.;1460
15:34:49.110691;BP-Linux8;91.121.37.244.https;43668;.;0
15:34:49.110801;91.121.37.244.https;BP-Linux8;43668;.;1460
15:34:49.110805;BP-Linux8;91.121.37.244.https;43668;.;0
15:34:49.110812;91.121.37.244.https;BP-Linux8;43668;P.;621
15:34:49.110816;BP-Linux8;91.121.37.244.https;43668;.;0
15:34:49.124729;BP-Linux8;www.aggloroanne.fr.https;53324;.;0
15:34:49.128729;BP-Linux8;www.aggloroanne.fr.https;53329;.;0
15:34:49.131655;BP-Linux8;91.121.37.244.https;43668;P.;126
15:34:49.131845;BP-Linux8;104.18.31.182.http;35405;S;0
15:34:49.144797;104.18.31.182.http;BP-Linux8;35405;S.;0
15:34:49.144810;BP-Linux8;104.18.31.182.http;35405;.;0
15:34:49.145988;BP-Linux8;104.18.31.182.http;35405;P.;431
15:34:49.151363;91.121.37.244.https;BP-Linux8;43668;P.;258
15:34:49.158792;104.18.31.182.http;BP-Linux8;35405;.;0
15:34:49.188732;BP-Linux8;91.121.37.244.https;43668;.;0
15:34:49.203855;104.18.31.182.http;BP-Linux8;35405;P.;988
15:34:49.203866;BP-Linux8;104.18.31.182.http;35405;.;0
15:34:49.209578;BP-Linux8;91.121.37.244.https;43668;P.;369
15:34:49.239319;91.121.37.244.https;BP-Linux8;43668;.;1460
15:34:49.239335;BP-Linux8;91.121.37.244.https;43668;.;0
15:34:49.239345;91.121.37.244.https;BP-Linux8;43668;.;1460
15:34:49.239350;BP-Linux8;91.121.37.244.https;43668;.;0
15:34:49.239457;91.121.37.244.https;BP-Linux8;43668;.;1460
15:34:49.239463;BP-Linux8;91.121.37.244.https;43668;.;0
15:34:49.239470;91.121.37.244.https;BP-Linux8;43668;.;1460
15:34:49.239473;BP-Linux8;91.121.37.244.https;43668;.;0
15:34:49.239479;91.121.37.244.https;BP-Linux8;43668;.;1460
15:34:49.239482;BP-Linux8;91.121.37.244.https;43668;.;0
15:34:49.239487;91.121.37.244.https;BP-Linux8;43668;.;1460
15:34:49.239489;BP-Linux8;91.121.37.244.https;43668;.;0
15:34:49.239495;91.121.37.244.https;BP-Linux8;43668;.;1460
15:34:49.239498;BP-Linux8;91.121.37.244.https;43668;.;0
15:34:49.239500;91.121.37.244.https;BP-Linux8;43668;.;1460
15:34:49.239502;BP-Linux8;91.121.37.244.https;43668;.;0
15:34:49.239503;91.121.37.244.https;BP-Linux8;43668;.;1460
15:34:49.239506;BP-Linux8;91.121.37.244.https;43668;.;0
15:34:49.239507;91.121.37.244.https;BP-Linux8;43668;.;1460
15:34:49.239510;BP-Linux8;91.121.37.244.https;43668;.;0
15:34:49.258243;91.121.37.244.https;BP-Linux8;43668;.;1460
15:34:49.258254;BP-Linux8;91.121.37.244.https;43668;.;0
15:34:49.258367;91.121.37.244.https;BP-Linux8;43668;.;1460
15:34:49.258373;BP-Linux8;91.121.37.244.https;43668;.;0
15:34:49.258381;91.121.37.244.https;BP-Linux8;43668;.;1460
15:34:49.258385;BP-Linux8;91.121.37.244.https;43668;.;0
15:34:49.258391;91.121.37.244.https;BP-Linux8;43668;.;1460
15:34:49.258393;BP-Linux8;91.121.37.244.https;43668;.;0
15:34:49.258487;91.121.37.244.https;BP-Linux8;43668;.;1460
15:34:49.258492;BP-Linux8;91.121.37.244.https;43668;.;0
15:34:49.258499;91.121.37.244.https;BP-Linux8;43668;P.;323
15:34:49.258502;BP-Linux8;91.121.37.244.https;43668;.;0
15:34:49.572734;BP-Linux8;par21s05-in-f131.1e100.net.http;37231;.;0
15:34:49.572752;BP-Linux8;82.221.107.34.bc.googleusercontent.com.http;43717;.;0
15:34:49.584450;par21s05-in-f131.1e100.net.http;BP-Linux8;37231;.;0
15:34:49.584635;82.221.107.34.bc.googleusercontent.com.http;BP-Linux8;43717;.;0
15:34:49.724963;BP-Linux8.ssh;192.168.190.130;50245;P.;100
15:34:49.745289;192.168.190.130;BP-Linux8.ssh;50245;.;0
15:34:49.757017;BP-Linux8;www.aggloroanne.fr.https;53324;P.;486
15:34:49.768593;BP-Linux8;www.aggloroanne.fr.https;53329;P.;480
15:34:49.778293;www.aggloroanne.fr.https;BP-Linux8;53324;P.;523
15:34:49.778309;BP-Linux8;www.aggloroanne.fr.https;53324;.;0
15:34:49.789707;www.aggloroanne.fr.https;BP-Linux8;53329;P.;484
15:34:49.789723;BP-Linux8;www.aggloroanne.fr.https;53329;.;0
15:34:49.832985;BP-Linux8;www.aggloroanne.fr.https;53324;P.;476
15:34:49.835371;BP-Linux8;www.aggloroanne.fr.https;53329;P.;477
15:34:49.846046;BP-Linux8;www.aggloroanne.fr.https;53328;P.;477
15:34:49.854096;www.aggloroanne.fr.https;BP-Linux8;53324;P.;622
15:34:49.854113;BP-Linux8;www.aggloroanne.fr.https;53324;.;0
15:34:49.857333;www.aggloroanne.fr.https;BP-Linux8;53329;P.;712
15:34:49.857346;BP-Linux8;www.aggloroanne.fr.https;53329;.;0
15:34:49.867430;www.aggloroanne.fr.https;BP-Linux8;53328;P.;705
15:34:49.883375;BP-Linux8;www.aggloroanne.fr.https;53324;P.;486
15:34:49.885003;BP-Linux8;www.aggloroanne.fr.https;53329;P.;486
15:34:49.904732;BP-Linux8;www.aggloroanne.fr.https;53328;.;0
15:34:49.904826;www.aggloroanne.fr.https;BP-Linux8;53324;P.;835
15:34:49.906462;www.aggloroanne.fr.https;BP-Linux8;53329;P.;826
15:34:49.944734;BP-Linux8;www.aggloroanne.fr.https;53324;.;0
15:34:49.944751;BP-Linux8;www.aggloroanne.fr.https;53329;.;0
15:34:49.966351;BP-Linux8;www.aggloroanne.fr.https;53324;P.;471
15:34:49.968035;BP-Linux8;www.aggloroanne.fr.https;53329;P.;471
15:34:49.977956;BP-Linux8;www.aggloroanne.fr.https;53328;P.;479
15:34:49.979637;BP-Linux8;www.aggloroanne.fr.https;53326;P.;479
15:34:49.981317;BP-Linux8;www.aggloroanne.fr.https;53327;P.;474
15:34:49.987592;www.aggloroanne.fr.https;BP-Linux8;53324;P.;946
15:34:49.987607;BP-Linux8;www.aggloroanne.fr.https;53324;.;0
15:34:49.989569;www.aggloroanne.fr.https;BP-Linux8;53329;P.;932
15:34:49.989581;BP-Linux8;www.aggloroanne.fr.https;53329;.;0
15:34:49.999100;www.aggloroanne.fr.https;BP-Linux8;53328;P.;888
15:34:49.999111;BP-Linux8;www.aggloroanne.fr.https;53328;.;0
15:34:50.001618;www.aggloroanne.fr.https;BP-Linux8;53326;P.;891
15:34:50.002387;www.aggloroanne.fr.https;BP-Linux8;53327;P.;1111
15:34:50.040731;BP-Linux8;www.aggloroanne.fr.https;53326;.;0
15:34:50.040747;BP-Linux8;www.aggloroanne.fr.https;53327;.;0
15:34:50.190578;BP-Linux8;par21s23-in-f3.1e100.net.https;53440;P.;164
15:34:50.198673;BP-Linux8;par21s04-in-f4.1e100.net.https;41767;P.;149
15:34:50.202547;par21s23-in-f3.1e100.net.https;BP-Linux8;53440;.;0
15:34:50.203363;par21s23-in-f3.1e100.net.https;BP-Linux8;53440;P.;283
15:34:50.203500;par21s23-in-f3.1e100.net.https;BP-Linux8;53440;P.;884
15:34:50.203505;par21s23-in-f3.1e100.net.https;BP-Linux8;53440;P.;46
15:34:50.203731;BP-Linux8;par21s23-in-f3.1e100.net.https;53440;.;0
15:34:50.203784;BP-Linux8;par21s23-in-f3.1e100.net.https;53440;P.;46
15:34:50.210537;par21s04-in-f4.1e100.net.https;BP-Linux8;41767;.;0
15:34:50.219084;par21s04-in-f4.1e100.net.https;BP-Linux8;41767;P.;124
15:34:50.219207;par21s04-in-f4.1e100.net.https;BP-Linux8;41767;P.;119
15:34:50.219212;par21s04-in-f4.1e100.net.https;BP-Linux8;41767;P.;46
15:34:50.220712;par21s23-in-f3.1e100.net.https;BP-Linux8;53440;.;0
15:34:50.228354;BP-Linux8;par21s23-in-f3.1e100.net.https;53440;P.;151
15:34:50.234492;BP-Linux8;par21s04-in-f4.1e100.net.https;41767;.;0
15:34:50.234554;BP-Linux8;par21s04-in-f4.1e100.net.https;41767;P.;46
15:34:50.240238;par21s23-in-f3.1e100.net.https;BP-Linux8;53440;.;0
15:34:50.241024;par21s23-in-f3.1e100.net.https;BP-Linux8;53440;P.;112
15:34:50.241168;par21s23-in-f3.1e100.net.https;BP-Linux8;53440;P.;1418
15:34:50.241177;BP-Linux8;par21s23-in-f3.1e100.net.https;53440;.;0
15:34:50.241280;par21s23-in-f3.1e100.net.https;BP-Linux8;53440;P.;491
15:34:50.241283;par21s23-in-f3.1e100.net.https;BP-Linux8;53440;P.;46
15:34:50.241432;BP-Linux8;par21s23-in-f3.1e100.net.https;53440;.;0
15:34:50.241489;BP-Linux8;par21s23-in-f3.1e100.net.https;53440;P.;46
15:34:50.251412;par21s04-in-f4.1e100.net.https;BP-Linux8;41767;.;0
15:34:50.257685;par21s23-in-f3.1e100.net.https;BP-Linux8;53440;.;0
15:34:50.375741;BP-Linux8;91.121.37.244.https;43668;P.;965
15:34:50.433944;91.121.37.244.https;BP-Linux8;43668;.;0
15:34:50.468734;BP-Linux8;93.184.220.29.http;34621;.;0
15:34:50.475987;93.184.220.29.http;BP-Linux8;34621;.;0
15:34:50.566316;91.121.37.244.https;BP-Linux8;43668;P.;467
15:34:50.566333;BP-Linux8;91.121.37.244.https;43668;.;0
15:34:50.724966;BP-Linux8.ssh;192.168.190.130;50245;P.;100
15:34:50.745034;BP-Linux8;par21s20-in-f10.1e100.net.https;54055;S;0
15:34:50.745157;192.168.190.130;BP-Linux8.ssh;50245;.;0
15:34:50.750798;BP-Linux8;www.aggloroanne.fr.https;53324;P.;699
15:34:50.753137;BP-Linux8;www.aggloroanne.fr.https;53329;P.;687
15:34:50.757039;par21s20-in-f10.1e100.net.https;BP-Linux8;54055;S.;0
15:34:50.757053;BP-Linux8;par21s20-in-f10.1e100.net.https;54055;.;0
15:34:50.757223;BP-Linux8;par21s20-in-f10.1e100.net.https;54055;P.;208
15:34:50.769138;par21s20-in-f10.1e100.net.https;BP-Linux8;54055;.;0
15:34:50.773137;www.aggloroanne.fr.https;BP-Linux8;53324;.;1448
15:34:50.773148;BP-Linux8;www.aggloroanne.fr.https;53324;.;0
15:34:50.773260;www.aggloroanne.fr.https;BP-Linux8;53324;.;1448
15:34:50.773266;BP-Linux8;www.aggloroanne.fr.https;53324;.;0
15:34:50.773275;www.aggloroanne.fr.https;BP-Linux8;53324;P.;1394
15:34:50.773279;BP-Linux8;www.aggloroanne.fr.https;53324;.;0
15:34:50.773342;par21s20-in-f10.1e100.net.https;BP-Linux8;54055;.;1418
15:34:50.773347;BP-Linux8;par21s20-in-f10.1e100.net.https;54055;.;0
15:34:50.773481;par21s20-in-f10.1e100.net.https;BP-Linux8;54055;P.;1418
15:34:50.773483;BP-Linux8;par21s20-in-f10.1e100.net.https;54055;.;0
15:34:50.773489;par21s20-in-f10.1e100.net.https;BP-Linux8;54055;.;1418
15:34:50.773493;BP-Linux8;par21s20-in-f10.1e100.net.https;54055;.;0
15:34:50.773498;par21s20-in-f10.1e100.net.https;BP-Linux8;54055;P.;347
15:34:50.773500;BP-Linux8;par21s20-in-f10.1e100.net.https;54055;.;0
15:34:50.775288;www.aggloroanne.fr.https;BP-Linux8;53329;.;1448
15:34:50.775297;BP-Linux8;www.aggloroanne.fr.https;53329;.;0
15:34:50.775395;www.aggloroanne.fr.https;BP-Linux8;53329;P.;398
15:34:50.775400;BP-Linux8;www.aggloroanne.fr.https;53329;.;0
15:34:50.808070;BP-Linux8;par21s20-in-f10.1e100.net.https;54055;P.;93
15:34:50.820254;par21s20-in-f10.1e100.net.https;BP-Linux8;54055;P.;292
15:34:50.820357;par21s20-in-f10.1e100.net.https;BP-Linux8;54055;P.;69
15:34:50.820731;BP-Linux8;par21s05-in-f131.1e100.net.http;37257;.;0
15:34:50.822982;BP-Linux8;par21s20-in-f10.1e100.net.https;54055;.;0
15:34:50.832580;par21s05-in-f131.1e100.net.http;BP-Linux8;37257;.;0
15:34:50.833405;BP-Linux8;par21s20-in-f10.1e100.net.https;54055;P.;163
15:34:50.833720;BP-Linux8;par21s20-in-f10.1e100.net.https;54055;P.;252
15:34:50.845211;BP-Linux8;par21s20-in-f10.1e100.net.https;54055;P.;38
15:34:50.845277;par21s20-in-f10.1e100.net.https;BP-Linux8;54055;P.;38
15:34:50.850259;par21s20-in-f10.1e100.net.https;BP-Linux8;54055;.;0
15:34:50.857029;par21s20-in-f10.1e100.net.https;BP-Linux8;54055;.;0
15:34:50.857425;par21s20-in-f10.1e100.net.https;BP-Linux8;54055;P.;631
15:34:50.857468;BP-Linux8;par21s20-in-f10.1e100.net.https;54055;.;0
15:34:50.857562;par21s20-in-f10.1e100.net.https;BP-Linux8;54055;P.;1365
15:34:50.857567;par21s20-in-f10.1e100.net.https;BP-Linux8;54055;P.;136
15:34:50.857570;BP-Linux8;par21s20-in-f10.1e100.net.https;54055;.;0
15:34:50.857672;par21s20-in-f10.1e100.net.https;BP-Linux8;54055;P.;46
15:34:50.857886;BP-Linux8;par21s20-in-f10.1e100.net.https;54055;P.;46
15:34:50.874259;par21s20-in-f10.1e100.net.https;BP-Linux8;54055;.;0
15:34:50.915325;BP-Linux8;www.aggloroanne.fr.https;53324;P.;688
15:34:50.941973;www.aggloroanne.fr.https;BP-Linux8;53324;.;1448
15:34:50.941996;BP-Linux8;www.aggloroanne.fr.https;53324;.;0
15:34:50.942121;www.aggloroanne.fr.https;BP-Linux8;53324;.;1448
15:34:50.942127;BP-Linux8;www.aggloroanne.fr.https;53324;.;0
15:34:50.942134;www.aggloroanne.fr.https;BP-Linux8;53324;.;1448
15:34:50.942138;BP-Linux8;www.aggloroanne.fr.https;53324;.;0
15:34:50.942144;www.aggloroanne.fr.https;BP-Linux8;53324;.;1448
15:34:50.942147;BP-Linux8;www.aggloroanne.fr.https;53324;.;0
15:34:50.942152;www.aggloroanne.fr.https;BP-Linux8;53324;.;1448
15:34:50.942155;BP-Linux8;www.aggloroanne.fr.https;53324;.;0
15:34:50.942160;www.aggloroanne.fr.https;BP-Linux8;53324;.;1448
15:34:50.942163;BP-Linux8;www.aggloroanne.fr.https;53324;.;0
15:34:50.942233;www.aggloroanne.fr.https;BP-Linux8;53324;.;1448
15:34:50.942236;BP-Linux8;www.aggloroanne.fr.https;53324;.;0
15:34:50.942382;www.aggloroanne.fr.https;BP-Linux8;53324;.;1448
15:34:50.942388;BP-Linux8;www.aggloroanne.fr.https;53324;.;0
15:34:50.942396;www.aggloroanne.fr.https;BP-Linux8;53324;.;1448
15:34:50.942399;BP-Linux8;www.aggloroanne.fr.https;53324;.;0
15:34:50.942405;www.aggloroanne.fr.https;BP-Linux8;53324;.;1448
15:34:50.942407;BP-Linux8;www.aggloroanne.fr.https;53324;.;0
15:34:50.961216;www.aggloroanne.fr.https;BP-Linux8;53324;.;1448
15:34:50.961226;BP-Linux8;www.aggloroanne.fr.https;53324;.;0
15:34:50.961339;www.aggloroanne.fr.https;BP-Linux8;53324;.;1448
15:34:50.961345;BP-Linux8;www.aggloroanne.fr.https;53324;.;0
15:34:50.961353;www.aggloroanne.fr.https;BP-Linux8;53324;.;1448
15:34:50.961357;www.aggloroanne.fr.https;BP-Linux8;53324;P.;388
15:34:50.961387;BP-Linux8;www.aggloroanne.fr.https;53324;.;0
15:34:51.008424;BP-Linux8;par21s23-in-f10.1e100.net.https;41373;P.;95
15:34:51.020277;par21s23-in-f10.1e100.net.https;BP-Linux8;41373;.;0
15:34:51.020952;par21s23-in-f10.1e100.net.https;BP-Linux8;41373;P.;329
15:34:51.021086;par21s23-in-f10.1e100.net.https;BP-Linux8;41373;P.;1418
15:34:51.021094;BP-Linux8;par21s23-in-f10.1e100.net.https;41373;.;0
15:34:51.021365;par21s23-in-f10.1e100.net.https;BP-Linux8;41373;P.;61
15:34:51.021485;par21s23-in-f10.1e100.net.https;BP-Linux8;41373;P.;46
15:34:51.021800;BP-Linux8;par21s23-in-f10.1e100.net.https;41373;.;0
15:34:51.021855;BP-Linux8;par21s23-in-f10.1e100.net.https;41373;P.;46
15:34:51.039029;par21s23-in-f10.1e100.net.https;BP-Linux8;41373;.;0
15:34:51.108734;BP-Linux8;mauves.univ-st-etienne.fr.https;40678;.;0
15:34:51.108751;BP-Linux8;mauves.univ-st-etienne.fr.https;40679;.;0
15:34:51.108754;BP-Linux8;mauves.univ-st-etienne.fr.https;40680;.;0
15:34:51.108757;BP-Linux8;mauves.univ-st-etienne.fr.https;40684;.;0
15:34:51.112447;mauves.univ-st-etienne.fr.https;BP-Linux8;40678;.;0
15:34:51.112506;mauves.univ-st-etienne.fr.https;BP-Linux8;40680;.;0
15:34:51.112510;mauves.univ-st-etienne.fr.https;BP-Linux8;40679;.;0
15:34:51.113409;mauves.univ-st-etienne.fr.https;BP-Linux8;40684;.;0
15:34:51.140732;BP-Linux8;mauves.univ-st-etienne.fr.https;40682;.;0
15:34:51.140746;BP-Linux8;mauves.univ-st-etienne.fr.https;40683;.;0
15:34:51.144452;mauves.univ-st-etienne.fr.https;BP-Linux8;40683;.;0
15:34:51.144460;mauves.univ-st-etienne.fr.https;BP-Linux8;40682;.;0
15:34:51.300734;BP-Linux8;server-54-230-114-7.mrs52.r.cloudfront.net.https;42612;.;0
15:34:51.307140;server-54-230-114-7.mrs52.r.cloudfront.net.https;BP-Linux8;42612;.;0
15:34:51.724959;BP-Linux8.ssh;192.168.190.130;50245;P.;100
15:34:51.745265;192.168.190.130;BP-Linux8.ssh;50245;.;0
15:34:52.100734;BP-Linux8;mauves.univ-st-etienne.fr.https;40686;.;0
15:34:52.104445;mauves.univ-st-etienne.fr.https;BP-Linux8;40686;.;0
15:34:52.724969;BP-Linux8.ssh;192.168.190.130;50245;P.;100
15:34:52.745287;192.168.190.130;BP-Linux8.ssh;50245;.;0
15:34:52.772738;BP-Linux8;server-54-230-114-73.mrs52.r.cloudfront.net.https;51712;.;0
15:34:52.779121;server-54-230-114-73.mrs52.r.cloudfront.net.https;BP-Linux8;51712;.;0
15:34:53.724962;BP-Linux8.ssh;192.168.190.130;50245;P.;100
15:34:53.745306;192.168.190.130;BP-Linux8.ssh;50245;.;0
15:34:53.869163;192.168.190.130;BP-Linux8.ssh;50245;P.;36
15:34:53.869601;BP-Linux8.ssh;192.168.190.130;50245;P.;228
15:34:53.889151;192.168.190.130;BP-Linux8.ssh;50245;.;0
15:34:55.524738;BP-Linux8;par21s05-in-f131.1e100.net.http;37256;.;0
15:34:55.536521;par21s05-in-f131.1e100.net.http;BP-Linux8;37256;.;0
